filename,subject_id,camera_view,posture_quality,posture_label,variation,nose_x,nose_y,nose_z,nose_v,left_eye_inner_x,left_eye_inner_y,left_eye_inner_z,left_eye_inner_v,left_eye_x,left_eye_y,left_eye_z,left_eye_v,left_eye_outer_x,left_eye_outer_y,left_eye_outer_z,left_eye_outer_v,right_eye_inner_x,right_eye_inner_y,right_eye_inner_z,right_eye_inner_v,right_eye_x,right_eye_y,right_eye_z,right_eye_v,right_eye_outer_x,right_eye_outer_y,right_eye_outer_z,right_eye_outer_v,left_ear_x,left_ear_y,left_ear_z,left_ear_v,right_ear_x,right_ear_y,right_ear_z,right_ear_v,mouth_left_x,mouth_left_y,mouth_left_z,mouth_left_v,mouth_right_x,mouth_right_y,mouth_right_z,mouth_right_v,left_shoulder_x,left_shoulder_y,left_shoulder_z,left_shoulder_v,right_shoulder_x,right_shoulder_y,right_shoulder_z,right_shoulder_v,left_elbow_x,left_elbow_y,left_elbow_z,left_elbow_v,right_elbow_x,right_elbow_y,right_elbow_z,right_elbow_v,left_wrist_x,left_wrist_y,left_wrist_z,left_wrist_v,right_wrist_x,right_wrist_y,right_wrist_z,right_wrist_v,left_pinky_x,left_pinky_y,left_pinky_z,left_pinky_v,right_pinky_x,right_pinky_y,right_pinky_z,right_pinky_v,left_index_x,left_index_y,left_index_z,left_index_v,right_index_x,right_index_y,right_index_z,right_index_v,left_thumb_x,left_thumb_y,left_thumb_z,left_thumb_v,right_thumb_x,right_thumb_y,right_thumb_z,right_thumb_v,left_hip_x,left_hip_y,left_hip_z,left_hip_v,right_hip_x,right_hip_y,right_hip_z,right_hip_v,left_knee_x,left_knee_y,left_knee_z,left_knee_v,right_knee_x,right_knee_y,right_knee_z,right_knee_v,left_ankle_x,left_ankle_y,left_ankle_z,left_ankle_v,right_ankle_x,right_ankle_y,right_ankle_z,right_ankle_v,left_heel_x,left_heel_y,left_heel_z,left_heel_v,right_heel_x,right_heel_y,right_heel_z,right_heel_v,left_foot_index_x,left_foot_index_y,left_foot_index_z,left_foot_index_v,right_foot_index_x,right_foot_index_y,right_foot_index_z,right_foot_index_v
subject01_front_bad_asymmetricalLean_var1.jpg,subject01,front,bad,asymmetricalLean,var1,0.355292,0.258349,-0.237353,0.999895,0.359715,0.226294,-0.202654,0.999838,0.369018,0.220918,-0.203029,0.999779,0.37695,0.217308,-0.203015,0.999891,0.337971,0.237326,-0.191611,0.999783,0.33053,0.240854,-0.192191,0.999731,0.32437,0.243912,-0.192437,0.999738,0.395494,0.218204,-0.044231,0.999944,0.320718,0.254729,0.011681,0.999268,0.381541,0.269613,-0.178477,0.999872,0.351063,0.28423,-0.165151,0.999692,0.522352,0.286285,-0.018988,0.999967,0.33492,0.375187,0.049262,0.998811,0.620335,0.418879,-0.227183,0.99319,0.264101,0.466912,-0.276673,0.967635,0.664289,0.525312,-0.539601,0.990655,0.310333,0.305318,-0.542786,0.807125,0.699076,0.556866,-0.61102,0.983714,0.322343,0.264504,-0.599661,0.63446,0.675039,0.561505,-0.625919,0.983042,0.329298,0.263124,-0.570143,0.58147,0.653514,0.556511,-0.551808,0.976093,0.331022,0.278474,-0.538866,0.528527,0.602614,0.583062,-0.013899,0.999945,0.472686,0.608397,0.013182,0.999866,0.724487,0.646349,-0.686723,0.975382,0.400685,0.656234,-0.558922,0.952036,0.686665,0.925147,-0.553371,0.803156,0.36377,0.926279,-0.650923,0.923521,0.655882,0.957009,-0.549095,0.708358,0.386414,0.967391,-0.666139,0.850356,0.751332,0.991147,-0.733321,0.65289,0.288366,0.971612,-0.844981,0.856337
subject01_front_bad_asymmetricalLean_var2.jpg,subject01,front,bad,asymmetricalLean,var2,0.397449,0.31792,-0.289954,0.99997,0.397856,0.283725,-0.257928,0.99996,0.406731,0.276792,-0.258252,0.999941,0.414183,0.271365,-0.258167,0.999974,0.375338,0.298385,-0.246126,0.999936,0.368092,0.302731,-0.24673,0.999902,0.361638,0.306819,-0.246954,0.999902,0.432036,0.264929,-0.088967,0.999982,0.358138,0.313079,-0.029835,0.999689,0.423294,0.32541,-0.224055,0.999924,0.396112,0.345131,-0.209698,0.99975,0.565817,0.321342,-0.03893,0.999978,0.369669,0.405345,0.028287,0.998817,0.67174,0.456245,-0.257129,0.984154,0.281166,0.4675,-0.224148,0.910255,0.713882,0.546453,-0.552803,0.972379,0.358159,0.350868,-0.377618,0.240873,0.742815,0.575616,-0.622549,0.959658,0.372148,0.317044,-0.416303,0.127966,0.722769,0.577143,-0.633624,0.959119,0.380961,0.317993,-0.389097,0.106617,0.704752,0.572084,-0.5631,0.945136,0.381985,0.330026,-0.371361,0.100512,0.63612,0.598939,-0.016421,0.99993,0.508746,0.621573,0.015661,0.99982,0.750706,0.641397,-0.698563,0.964395,0.401835,0.663132,-0.518761,0.910321,0.70644,0.932217,-0.694378,0.833412,0.398071,0.944704,-0.632879,0.829468,0.681074,0.969028,-0.703073,0.831411,0.428046,0.984822,-0.651057,0.788433,0.767786,0.980384,-0.899996,0.729597,0.330595,0.987101,-0.825928,0.744912
subject01_front_bad_forwardHead_var1.jpg,subject01,front,bad,forwardHead,var1,0.508847,0.315871,-0.763243,0.999895,0.525138,0.282333,-0.74714,0.9997,0.536698,0.278469,-0.747517,0.999661,0.545514,0.274797,-0.747489,0.999695,0.496463,0.28385,-0.746795,0.999745,0.486946,0.281102,-0.747329,0.999794,0.476906,0.276447,-0.74759,0.999756,0.565107,0.259258,-0.514744,0.999887,0.459424,0.25938,-0.515279,0.999659,0.526435,0.331857,-0.659871,0.999865,0.49123,0.334504,-0.663102,0.999827,0.631859,0.337591,-0.310854,0.999982,0.382873,0.328662,-0.271926,0.999943,0.706178,0.485714,-0.490885,0.9975,0.28706,0.468103,-0.437049,0.982449,0.647229,0.49632,-0.907946,0.99891,0.326106,0.496491,-0.877151,0.993332,0.63539,0.501948,-1.011007,0.998131,0.327568,0.501578,-0.978489,0.994064,0.612029,0.476994,-1.025815,0.998212,0.359549,0.481286,-0.991722,0.994783,0.609547,0.47791,-0.921412,0.996133,0.365713,0.480835,-0.892629,0.988605,0.564401,0.589859,-0.002834,0.998659,0.428788,0.586812,0.002471,0.998337,0.658771,0.621361,-0.639673,0.990546,0.318527,0.597952,-0.668861,0.994405,0.635614,0.922806,-0.500048,0.966089,0.33634,0.921205,-0.546407,0.97865,0.613217,0.963611,-0.497586,0.941831,0.361579,0.958048,-0.54246,0.942199,0.666785,1.011294,-0.739912,0.957056,0.292757,1.039785,-0.790055,0.960461
subject01_front_bad_forwardHead_var2.jpg,subject01,front,bad,forwardHead,var2,0.448916,0.245405,-0.512593,0.993432,0.462367,0.213662,-0.506955,0.988448,0.473719,0.209592,-0.507462,0.98628,0.48415,0.205346,-0.507504,0.991717,0.432276,0.216416,-0.493164,0.989591,0.423428,0.21571,-0.493723,0.99037,0.414513,0.215288,-0.494122,0.992101,0.500218,0.200797,-0.361778,0.994807,0.408333,0.211264,-0.297452,0.977598,0.468951,0.258942,-0.444344,0.984992,0.436205,0.265942,-0.428997,0.974494,0.592316,0.274263,-0.23837,0.999841,0.356248,0.310901,-0.135586,0.998735,0.681811,0.469696,-0.336491,0.867059,0.360482,0.49586,-0.32783,0.69748,0.569916,0.475185,-0.509413,0.709997,0.425022,0.325042,-0.623788,0.820438,0.544962,0.482093,-0.548559,0.648389,0.429521,0.282691,-0.678269,0.792174,0.523444,0.466179,-0.53954,0.627359,0.420096,0.269679,-0.661731,0.77155,0.525583,0.466964,-0.503938,0.517371,0.422968,0.28585,-0.624305,0.66454,0.578357,0.559021,-0.025335,0.999261,0.440593,0.561792,0.025053,0.99894,0.65833,0.600554,-0.564842,0.869879,0.335236,0.592924,-0.507772,0.881236,0.632846,0.891976,-0.4709,0.804996,0.341826,0.896779,-0.481307,0.88528,0.616521,0.941257,-0.470953,0.790341,0.371591,0.943756,-0.483922,0.834567,0.672171,0.983087,-0.665377,0.754819,0.29932,0.987107,-0.678281,0.826259
subject01_front_bad_slidingDown_var1.jpg,subject01,front,bad,slidingDown,var1,0.550929,0.324797,-0.263282,1.0,0.568159,0.299067,-0.21731,1.0,0.577118,0.299229,-0.217632,1.0,0.587141,0.30034,-0.21754,1.0,0.539537,0.296429,-0.215547,1.0,0.531603,0.294922,-0.215933,1.0,0.522653,0.293744,-0.215918,1.0,0.597808,0.306739,0.002916,1.0,0.507484,0.298003,0.009771,0.999999,0.567087,0.346698,-0.181417,0.999999,0.532492,0.344747,-0.182681,0.999999,0.655652,0.415763,0.022746,0.999998,0.43064,0.408767,0.09363,0.999988,0.713025,0.53868,-0.411222,0.992381,0.358013,0.535806,-0.322128,0.924854,0.705737,0.492767,-1.060549,0.997872,0.339207,0.504227,-0.959747,0.98773,0.725983,0.50392,-1.198642,0.997656,0.317881,0.508251,-1.094929,0.990317,0.691819,0.498213,-1.213393,0.997854,0.348706,0.497067,-1.110405,0.990585,0.67919,0.503261,-1.083202,0.995628,0.365025,0.499217,-0.986843,0.982573,0.598285,0.627861,-0.022597,0.999249,0.456752,0.62364,0.021895,0.998729,0.707091,0.687119,-0.676231,0.716483,0.344958,0.690891,-0.672772,0.576194,0.745736,0.980252,-0.810767,0.255268,0.282566,0.972506,-0.750509,0.259244,0.729345,1.026875,-0.841388,0.263552,0.307634,1.054387,-0.770853,0.308136,0.775502,1.112866,-1.104426,0.272075,0.220583,1.059361,-1.002439,0.235346
subject01_front_bad_slidingDown_var2.jpg,subject01,front,bad,slidingDown,var2,0.541168,0.316996,-0.535866,1.0,0.551258,0.289976,-0.516994,1.0,0.561143,0.286346,-0.517346,1.0,0.568166,0.283909,-0.517292,1.0,0.5291,0.293431,-0.512954,1.0,0.520695,0.292738,-0.513356,1.0,0.51455,0.291814,-0.513352,1.0,0.580128,0.282072,-0.353801,1.0,0.506231,0.291859,-0.332467,1.0,0.559692,0.33345,-0.466963,1.0,0.53266,0.339604,-0.463785,1.0,0.654294,0.388527,-0.246245,1.0,0.444672,0.389785,-0.209593,1.0,0.695448,0.49013,-0.485761,0.996608,0.388655,0.4914,-0.426423,0.994615,0.683614,0.509564,-0.876794,0.995931,0.378248,0.510608,-0.798518,0.996271,0.693417,0.542195,-0.966377,0.996895,0.357999,0.537253,-0.884858,0.99777,0.660529,0.536683,-0.999419,0.997063,0.38638,0.530927,-0.916461,0.997964,0.65167,0.53426,-0.898277,0.995498,0.402485,0.526541,-0.822375,0.996642,0.601942,0.59316,-0.006613,0.999925,0.468365,0.586188,0.006167,0.999921,0.649948,0.683548,-0.416605,0.971337,0.400201,0.674645,-0.477693,0.979886,0.697138,0.881956,-0.943897,0.913855,0.320041,0.876137,-1.011471,0.931396,0.701667,0.972515,-1.012925,0.982873,0.303946,0.96201,-1.075862,0.971744,0.756655,0.807084,-1.198206,0.989236,0.252914,0.790663,-1.243539,0.985197
subject01_front_bad_slouch_var1.jpg,subject01,front,bad,slouch,var1,0.507663,0.292692,-0.757297,0.998727,0.523837,0.262484,-0.750601,0.996723,0.534493,0.257656,-0.75111,0.996703,0.545021,0.253271,-0.751092,0.997171,0.491899,0.261867,-0.751568,0.996967,0.483874,0.257663,-0.752142,0.997526,0.475128,0.254079,-0.752508,0.997235,0.558061,0.232574,-0.557658,0.998551,0.461204,0.227245,-0.560672,0.99545,0.523324,0.302777,-0.665859,0.997366,0.491261,0.304553,-0.670315,0.996393,0.628739,0.300119,-0.37359,0.999924,0.385823,0.291182,-0.349406,0.999587,0.707655,0.491732,-0.559974,0.988184,0.299099,0.489957,-0.516443,0.945632,0.630039,0.482079,-0.941907,0.986425,0.373861,0.477285,-0.863625,0.951291,0.615359,0.488553,-1.030818,0.978885,0.388776,0.491306,-0.947643,0.939381,0.587963,0.466623,-1.035467,0.979295,0.410926,0.459642,-0.945661,0.941671,0.584113,0.467838,-0.949202,0.961786,0.413453,0.456491,-0.870538,0.89796,0.562183,0.576503,-2e-06,0.998057,0.426897,0.568209,-0.000199,0.997222,0.666804,0.598944,-0.607737,0.967587,0.313009,0.582739,-0.616771,0.976846,0.643677,0.919876,-0.445113,0.912122,0.331699,0.89857,-0.457946,0.936996,0.616186,0.953921,-0.438246,0.87464,0.358425,0.939776,-0.447614,0.884384,0.682762,1.049838,-0.632889,0.870756,0.291685,0.993236,-0.640548,0.880888
subject01_front_bad_slouch_var2.jpg,subject01,front,bad,slouch,var2,0.514424,0.297936,-0.922119,0.99978,0.528818,0.270119,-0.912521,0.999461,0.538945,0.266804,-0.91293,0.999271,0.548495,0.263393,-0.912915,0.999349,0.498949,0.271276,-0.910631,0.999639,0.489717,0.2691,-0.911149,0.999716,0.482643,0.265657,-0.911461,0.999749,0.565025,0.239506,-0.724051,0.999677,0.46837,0.240241,-0.715438,0.999693,0.5295,0.310128,-0.836367,0.99978,0.499881,0.310573,-0.836513,0.999791,0.633689,0.318718,-0.537067,0.999983,0.398529,0.311823,-0.517662,0.999984,0.638879,0.525553,-0.554364,0.998824,0.384199,0.520692,-0.57021,0.999334,0.594978,0.684237,-0.693178,0.998025,0.427486,0.67852,-0.736022,0.999275,0.593742,0.746153,-0.75547,0.996844,0.415344,0.730968,-0.804412,0.998678,0.561977,0.741059,-0.796976,0.997017,0.447206,0.730637,-0.842795,0.998901,0.553898,0.722499,-0.709814,0.99583,0.456772,0.71424,-0.754205,0.998309,0.572792,0.57608,-0.003899,0.999976,0.452783,0.574901,0.003534,0.999982,0.691452,0.601458,-0.631333,0.999538,0.327189,0.602809,-0.677176,0.999684,0.675186,0.888984,-0.497663,0.998607,0.333019,0.895989,-0.529534,0.998547,0.645858,0.940151,-0.49573,0.995071,0.359715,0.939276,-0.522449,0.993343,0.713761,0.989668,-0.744219,0.998195,0.304738,0.992466,-0.766093,0.99762
subject02_front_bad_asymmetricalLean_var1.jpg,subject02,front,bad,asymmetricalLean,var1,0.646914,0.196255,-0.392063,0.999995,0.672091,0.180318,-0.342091,0.999981,0.682902,0.182834,-0.342616,0.999977,0.694225,0.185068,-0.342664,0.999982,0.637909,0.171336,-0.352352,0.99999,0.628539,0.16762,-0.352902,0.999991,0.615904,0.163664,-0.353061,0.999991,0.695813,0.191179,-0.082997,0.999985,0.59242,0.163778,-0.130098,0.99998,0.654845,0.2192,-0.292753,0.999994,0.614539,0.210252,-0.311652,0.999995,0.709913,0.311789,-0.014778,0.999995,0.433512,0.269297,-0.022432,0.999986,0.826341,0.40103,-0.232794,0.995487,0.332498,0.382454,-0.171446,0.981288,0.852092,0.429531,-0.754482,0.998029,0.245954,0.460629,-0.535796,0.996087,0.859483,0.451731,-0.866993,0.997343,0.206273,0.493679,-0.624438,0.995734,0.825813,0.44726,-0.914714,0.997672,0.224788,0.489502,-0.692388,0.996431,0.81403,0.443202,-0.785695,0.99668,0.249385,0.482027,-0.574806,0.99508,0.577712,0.555954,0.018419,0.999907,0.412149,0.548222,-0.019018,0.999868,0.564345,0.641989,-0.575229,0.955467,0.450552,0.650039,-0.630973,0.9347,0.533897,0.891732,-0.464866,0.886391,0.471147,0.888624,-0.477762,0.8993,0.530775,0.914663,-0.467165,0.720103,0.472322,0.916344,-0.469598,0.676104,0.529834,0.959919,-0.739039,0.924455,0.47613,0.965348,-0.726198,0.905806
subject02_front_bad_asymmetricalLean_var2.jpg,subject02,front,bad,asymmetricalLean,var2,0.4355,0.196446,-0.44036,0.999993,0.443052,0.171096,-0.392278,0.999973,0.455886,0.167941,-0.392764,0.999973,0.468182,0.165262,-0.39265,0.999973,0.408992,0.184732,-0.383915,0.999987,0.399157,0.188191,-0.384668,0.999991,0.391621,0.190873,-0.384991,0.99999,0.488968,0.16759,-0.143431,0.999983,0.388504,0.201267,-0.100405,0.999982,0.470759,0.210029,-0.347159,0.999993,0.432258,0.221397,-0.339403,0.999992,0.638443,0.288985,-0.0618,0.999995,0.357821,0.325393,-0.009528,0.99999,0.750613,0.388829,-0.264606,0.997548,0.302792,0.430671,-0.26866,0.986756,0.841513,0.452622,-0.718396,0.998753,0.252229,0.491957,-0.81994,0.998708,0.892855,0.467909,-0.813137,0.998172,0.226665,0.527821,-0.93568,0.998553,0.876279,0.466271,-0.891642,0.998554,0.249713,0.523198,-0.998749,0.998755,0.851292,0.467536,-0.760279,0.998179,0.275405,0.513299,-0.863364,0.998188,0.596201,0.57291,-0.012837,0.999943,0.428074,0.570387,0.012529,0.999941,0.554295,0.658607,-0.65746,0.987633,0.450022,0.667245,-0.635149,0.984797,0.535258,0.889164,-0.467796,0.97253,0.465835,0.892753,-0.516375,0.976053,0.532804,0.908536,-0.463087,0.905338,0.471668,0.912162,-0.514491,0.850668,0.522038,0.966022,-0.762854,0.982939,0.469732,0.968213,-0.822566,0.980037
subject02_front_bad_forwardHead_var1.jpg,subject02,front,bad,forwardHead,var1,0.50436,0.285693,-0.612496,0.989554,0.521719,0.263256,-0.602382,0.976838,0.535749,0.261177,-0.602864,0.974245,0.548688,0.258694,-0.60285,0.982279,0.486197,0.264086,-0.595182,0.981586,0.474816,0.262569,-0.595895,0.983729,0.464051,0.260226,-0.596354,0.985878,0.569112,0.251338,-0.386964,0.991525,0.449082,0.249767,-0.355549,0.976089,0.52388,0.299328,-0.512172,0.983119,0.485504,0.299145,-0.507446,0.976671,0.661322,0.303909,-0.235969,0.99992,0.35937,0.307751,-0.159092,0.999442,0.717685,0.444464,-0.39232,0.744287,0.335354,0.424685,-0.337125,0.198542,0.603585,0.46915,-0.66324,0.224087,0.462669,0.466963,-0.656274,0.044533,0.577462,0.505202,-0.736021,0.203986,0.498844,0.483283,-0.732173,0.062223,0.571573,0.477919,-0.731384,0.212536,0.503558,0.456172,-0.725075,0.06518,0.576778,0.472933,-0.662203,0.157774,0.49619,0.450846,-0.660923,0.048102,0.592425,0.545908,0.001061,0.99983,0.423243,0.548584,-0.00133,0.999777,0.567045,0.624896,-0.619949,0.893777,0.44669,0.632012,-0.699917,0.947117,0.549594,0.863636,-0.47158,0.918702,0.465851,0.86567,-0.548726,0.948664,0.538624,0.883873,-0.465659,0.818937,0.469719,0.889789,-0.536573,0.783736,0.530708,0.95059,-0.757007,0.929763,0.501424,0.95362,-0.825514,0.939608
subject02_front_bad_forwardHead_var2.jpg,subject02,front,bad,forwardHead,var2,0.513507,0.262365,-0.660127,0.952866,0.53158,0.239388,-0.636679,0.899675,0.543026,0.23781,-0.637163,0.897287,0.556298,0.236428,-0.63714,0.921926,0.496141,0.23886,-0.634713,0.930431,0.485758,0.237439,-0.635665,0.948048,0.476578,0.236217,-0.636374,0.966274,0.569245,0.23317,-0.40119,0.947925,0.457612,0.233885,-0.395009,0.939108,0.535128,0.279055,-0.556083,0.918458,0.493019,0.280386,-0.558929,0.922132,0.659783,0.323125,-0.204673,0.999458,0.366498,0.31856,-0.206352,0.999315,0.655643,0.474038,-0.108985,0.160677,0.342609,0.457535,-0.214479,0.116175,0.547135,0.522298,-0.137795,0.008776,0.463269,0.501264,-0.368347,0.015988,0.519512,0.558154,-0.155072,0.010989,0.511467,0.52916,-0.418607,0.020763,0.529219,0.528293,-0.176535,0.011628,0.510974,0.502639,-0.417368,0.021664,0.539088,0.527438,-0.139598,0.010052,0.499783,0.49398,-0.369095,0.017538,0.585553,0.577977,0.020847,0.99973,0.417239,0.572754,-0.02102,0.999761,0.567769,0.64751,-0.674809,0.915313,0.461155,0.649738,-0.808749,0.930669,0.543818,0.872096,-0.442532,0.895148,0.474511,0.872585,-0.509732,0.908903,0.53948,0.890454,-0.427725,0.73941,0.477032,0.892761,-0.481806,0.670055,0.525573,0.954762,-0.731215,0.901428,0.498904,0.957874,-0.779135,0.890703
subject02_front_bad_slidingDown_var1.jpg,subject02,front,bad,slidingDown,var1,0.50535,0.225285,-0.07747,1.0,0.520253,0.204429,-0.032281,1.0,0.529089,0.203478,-0.032464,1.0,0.537906,0.203521,-0.032371,1.0,0.493315,0.204724,-0.027768,1.0,0.485987,0.203347,-0.0282,1.0,0.476813,0.202019,-0.02821,1.0,0.549926,0.208812,0.180168,1.0,0.463587,0.206662,0.202265,1.0,0.520714,0.24457,0.001894,1.0,0.491031,0.244194,0.005586,1.0,0.603999,0.315353,0.242256,1.0,0.403387,0.31913,0.262707,1.0,0.628865,0.450441,0.049749,0.987944,0.384653,0.452912,0.060554,0.989403,0.573968,0.479105,-0.321636,0.991932,0.454559,0.473733,-0.303663,0.993558,0.566021,0.505868,-0.406207,0.992115,0.470531,0.502578,-0.387488,0.993775,0.542446,0.488412,-0.418542,0.992271,0.494329,0.48809,-0.394865,0.99343,0.540026,0.48303,-0.332924,0.987295,0.489622,0.480761,-0.31575,0.988656,0.580709,0.498478,-0.000905,0.999975,0.452635,0.507889,0.000492,0.999977,0.590986,0.599681,-0.667544,0.992153,0.451561,0.612056,-0.625228,0.99323,0.624826,0.844716,-1.198036,0.879539,0.428317,0.84029,-1.111638,0.936944,0.608315,0.913524,-1.269032,0.983185,0.434588,0.919574,-1.173406,0.988899,0.627135,0.804684,-1.582621,0.992808,0.424093,0.815757,-1.462458,0.994758
subject02_front_bad_slidingDown_var2.jpg,subject02,front,bad,slidingDown,var2,0.456404,0.249715,-0.019309,1.0,0.472427,0.225349,0.009115,1.0,0.481292,0.225209,0.008865,1.0,0.490564,0.22448,0.009065,1.0,0.448626,0.226061,0.026629,1.0,0.442442,0.224645,0.026212,1.0,0.435455,0.222852,0.026199,1.0,0.509834,0.224608,0.165037,1.0,0.427627,0.224144,0.242046,1.0,0.476226,0.265203,0.041629,0.999999,0.445537,0.266164,0.060442,0.999999,0.584129,0.300398,0.160933,0.999996,0.388492,0.287864,0.295898,0.999999,0.559831,0.405609,-0.15711,0.882026,0.331299,0.352444,-0.004335,0.946496,0.430526,0.390139,-0.505788,0.924671,0.30568,0.368641,-0.472868,0.980928,0.400166,0.381023,-0.589452,0.945399,0.282632,0.370522,-0.566871,0.988398,0.388388,0.374615,-0.585298,0.941783,0.312618,0.36648,-0.569327,0.988601,0.391691,0.381226,-0.509466,0.895753,0.329567,0.368805,-0.489497,0.981501,0.570395,0.503918,-0.022271,0.999908,0.448522,0.505842,0.02172,0.999943,0.586015,0.612058,-0.400537,0.813499,0.457638,0.62011,-0.429582,0.91733,0.616027,0.850408,-0.918447,0.809252,0.439282,0.840645,-0.930178,0.878533,0.607862,0.930014,-0.985163,0.933305,0.459137,0.924446,-0.989058,0.947239,0.630653,0.818933,-1.217308,0.965176,0.430507,0.814184,-1.188598,0.971323
subject02_front_bad_slouch_var1.jpg,subject02,front,bad,slouch,var1,0.506615,0.303725,-0.647376,0.999473,0.526892,0.281655,-0.655365,0.998468,0.54031,0.279192,-0.655964,0.998339,0.553343,0.277038,-0.655912,0.998694,0.487903,0.284619,-0.647357,0.999079,0.477415,0.282682,-0.64815,0.999255,0.467654,0.280895,-0.648588,0.999371,0.569108,0.266418,-0.547667,0.998947,0.453579,0.265328,-0.508703,0.999058,0.530291,0.311434,-0.587911,0.998755,0.486811,0.31585,-0.581293,0.998974,0.652084,0.326099,-0.454767,0.999978,0.366478,0.327344,-0.364851,0.999967,0.670835,0.479876,-0.424436,0.983058,0.342035,0.490091,-0.39078,0.996262,0.681569,0.634247,-0.39083,0.976119,0.33321,0.637864,-0.463005,0.996329,0.69328,0.676606,-0.41444,0.962659,0.334389,0.687485,-0.498218,0.991436,0.669986,0.67833,-0.463028,0.969173,0.356277,0.685095,-0.545342,0.993385,0.658591,0.665322,-0.404708,0.962432,0.364259,0.669458,-0.486264,0.991297,0.587435,0.526602,-0.004259,0.999872,0.434282,0.52389,0.00372,0.999894,0.563,0.609849,-0.399618,0.917867,0.456291,0.60959,-0.441119,0.977088,0.552662,0.853912,-0.347895,0.934564,0.465911,0.858925,-0.412874,0.974875,0.545105,0.871408,-0.349754,0.790801,0.472074,0.877571,-0.410724,0.848878,0.532425,0.948033,-0.530901,0.976711,0.477301,0.949789,-0.587895,0.986231
subject02_front_bad_slouch_var2.jpg,subject02,front,bad,slouch,var2,0.512004,0.264179,-0.584947,0.938977,0.529728,0.241704,-0.56453,0.861413,0.541664,0.240004,-0.565033,0.86046,0.553009,0.238274,-0.565021,0.891456,0.492181,0.243126,-0.563594,0.898657,0.481957,0.241378,-0.564519,0.924124,0.470414,0.239743,-0.565201,0.945979,0.563776,0.231663,-0.332552,0.919741,0.454243,0.230537,-0.330307,0.891685,0.53462,0.27766,-0.479843,0.845379,0.487719,0.279066,-0.483815,0.84431,0.648638,0.300231,-0.148217,0.99964,0.369915,0.29192,-0.144581,0.99914,0.669819,0.433058,-0.040429,0.144824,0.347575,0.425188,-0.17189,0.097767,0.581835,0.496498,-0.059023,0.009651,0.453121,0.487022,-0.32415,0.011022,0.551575,0.531831,-0.075854,0.011737,0.502818,0.512106,-0.370961,0.01425,0.556123,0.503361,-0.101357,0.012629,0.503787,0.488021,-0.374769,0.014959,0.557241,0.500647,-0.063147,0.011075,0.493538,0.478297,-0.32738,0.012299,0.583261,0.546418,0.014631,0.999842,0.41863,0.547137,-0.014835,0.999832,0.558904,0.621253,-0.691008,0.853052,0.447602,0.625499,-0.804582,0.897152,0.549613,0.86135,-0.546199,0.827852,0.460714,0.85861,-0.634036,0.872722,0.547473,0.878186,-0.541496,0.625432,0.468174,0.877966,-0.620098,0.616527,0.512118,0.947918,-0.853811,0.852708,0.47397,0.951206,-0.927904,0.866103
subject03_front_bad_asymmetricalLean_var1.jpg,subject03,front,bad,asymmetricalLean,var1,0.678668,0.201286,-0.597558,0.99365,0.704202,0.184909,-0.538227,0.985444,0.71519,0.188025,-0.538694,0.982402,0.727371,0.191812,-0.538772,0.98783,0.665592,0.176616,-0.55712,0.991553,0.654747,0.175012,-0.557914,0.992065,0.642766,0.173275,-0.558503,0.995412,0.732356,0.202927,-0.234242,0.988795,0.624453,0.179209,-0.321925,0.990257,0.690949,0.226971,-0.479548,0.992413,0.646374,0.217912,-0.509871,0.994211,0.743156,0.354551,-0.101317,0.999596,0.44462,0.275243,-0.157646,0.999582,0.707877,0.514332,-0.087612,0.204346,0.31602,0.417252,-0.150656,0.313078,0.593368,0.570044,-0.30504,0.030716,0.344034,0.527828,-0.267717,0.078749,0.572663,0.580516,-0.357437,0.044815,0.356839,0.557284,-0.319035,0.093887,0.570015,0.571353,-0.391685,0.046082,0.384984,0.54238,-0.351002,0.093022,0.575159,0.56179,-0.319676,0.040918,0.381462,0.532847,-0.282333,0.083423,0.59063,0.579514,0.019435,0.999982,0.410879,0.567768,-0.01994,0.999985,0.723611,0.625749,-0.788485,0.984448,0.29994,0.640675,-0.945268,0.990804,0.697628,0.87437,-0.514595,0.98235,0.330641,0.883534,-0.589047,0.989517,0.672415,0.897836,-0.497481,0.92229,0.369657,0.913799,-0.555376,0.938063,0.710672,0.971373,-0.798234,0.967424,0.287795,0.974495,-0.847571,0.968427
subject03_front_bad_asymmetricalLean_var2.jpg,subject03,front,bad,asymmetricalLean,var2,0.481796,0.14902,-0.709244,0.999468,0.505312,0.128765,-0.655668,0.998544,0.515202,0.129077,-0.656319,0.998481,0.528746,0.12942,-0.656312,0.998885,0.464317,0.129541,-0.653884,0.999054,0.452845,0.129882,-0.654647,0.999253,0.442093,0.129728,-0.655111,0.999327,0.54202,0.138006,-0.346765,0.999362,0.42684,0.138182,-0.337366,0.998656,0.504656,0.169578,-0.587455,0.999745,0.460425,0.169579,-0.58985,0.999716,0.665905,0.278524,-0.19961,0.999958,0.332416,0.284258,-0.13956,0.999831,0.746782,0.444572,-0.397569,0.991661,0.279727,0.46249,-0.369553,0.944978,0.662411,0.457136,-0.961825,0.996739,0.379503,0.455181,-0.947837,0.986238,0.653299,0.463045,-1.101781,0.996228,0.405928,0.463968,-1.088784,0.988831,0.615009,0.445391,-1.135205,0.996517,0.427787,0.440034,-1.113295,0.989243,0.605861,0.447901,-0.984611,0.993643,0.428077,0.43694,-0.97158,0.980762,0.614237,0.5606,-0.009689,0.999896,0.423163,0.560934,0.009256,0.999846,0.733166,0.612987,-0.97098,0.988947,0.293687,0.626404,-0.946974,0.986105,0.702583,0.876932,-0.563521,0.975612,0.335875,0.883401,-0.54822,0.980772,0.676575,0.903956,-0.538951,0.896954,0.373114,0.908777,-0.517691,0.907275,0.72102,0.965672,-0.922503,0.966231,0.297304,0.965064,-0.881489,0.962918
subject03_front_bad_forwardHead_var1.jpg,subject03,front,bad,forwardHead,var1,0.500563,0.285485,-1.124131,0.999644,0.522548,0.263482,-1.083111,0.999164,0.536523,0.262005,-1.083604,0.999013,0.551066,0.259899,-1.083496,0.999174,0.483288,0.26319,-1.082298,0.999343,0.473571,0.261841,-1.083038,0.999463,0.462025,0.260152,-1.083414,0.999462,0.572614,0.255053,-0.701002,0.999538,0.445916,0.256817,-0.694818,0.998882,0.528157,0.298823,-0.960478,0.999588,0.481613,0.301129,-0.963393,0.999462,0.676376,0.323584,-0.403971,0.999959,0.348356,0.327107,-0.345978,0.999832,0.766869,0.481301,-0.689084,0.993266,0.262333,0.491272,-0.604497,0.96687,0.670739,0.47968,-1.348614,0.996469,0.370464,0.480151,-1.22776,0.982466,0.648611,0.48312,-1.501768,0.994448,0.38419,0.483685,-1.374291,0.98273,0.608431,0.465168,-1.516342,0.994547,0.415907,0.463514,-1.384449,0.983026,0.603356,0.468208,-1.364838,0.987722,0.421644,0.464159,-1.244884,0.962927,0.605671,0.579175,-0.011392,0.999681,0.421121,0.579217,0.011007,0.99964,0.715433,0.632214,-1.108841,0.988836,0.298903,0.63889,-1.099979,0.993595,0.688055,0.882679,-0.678308,0.983966,0.337789,0.889477,-0.676966,0.990106,0.659951,0.910403,-0.654499,0.945297,0.370748,0.916932,-0.64894,0.958914,0.708139,0.972361,-1.08147,0.978755,0.301853,0.976291,-1.077301,0.979965
subject03_front_bad_forwardHead_var2.jpg,subject03,front,bad,forwardHead,var2,0.520281,0.25939,-0.436364,0.998663,0.542534,0.234577,-0.40724,0.996912,0.554346,0.233357,-0.407588,0.996286,0.566479,0.232345,-0.407542,0.996956,0.503279,0.236406,-0.402642,0.998108,0.492615,0.235803,-0.40336,0.998302,0.481924,0.234902,-0.403794,0.99867,0.579383,0.230711,-0.15376,0.998104,0.469519,0.232738,-0.137272,0.998006,0.544848,0.272615,-0.328103,0.998662,0.498824,0.272801,-0.32828,0.998812,0.670207,0.316213,-0.024743,0.999938,0.368507,0.317713,0.07561,0.999927,0.68925,0.481936,-0.327937,0.96613,0.274329,0.483087,-0.100943,0.746291,0.570598,0.345886,-0.779731,0.977331,0.402198,0.47614,-0.449646,0.842696,0.528334,0.323559,-0.865035,0.960949,0.4214,0.476979,-0.515577,0.828157,0.547207,0.297866,-0.83822,0.954142,0.459214,0.461523,-0.501417,0.807921,0.551956,0.30816,-0.771805,0.90384,0.459856,0.46185,-0.450189,0.721681,0.592307,0.574381,-0.007987,0.99987,0.414924,0.573178,0.007574,0.999876,0.702651,0.619181,-0.763216,0.978306,0.312994,0.629094,-0.848427,0.982049,0.690109,0.884932,-0.581418,0.966188,0.346379,0.889079,-0.681088,0.976544,0.662552,0.913558,-0.575497,0.893064,0.377934,0.913244,-0.672165,0.915575,0.716097,0.971802,-0.878932,0.950487,0.311958,0.970411,-0.979191,0.955034
subject03_front_bad_slidingDown_var1.jpg,subject03,front,bad,slidingDown,var1,0.49367,0.216394,-0.20033,1.0,0.50496,0.200155,-0.162925,1.0,0.5136,0.200594,-0.163173,1.0,0.521743,0.200874,-0.163092,1.0,0.48151,0.199066,-0.161324,1.0,0.474138,0.199591,-0.161814,1.0,0.467597,0.199781,-0.161902,1.0,0.532836,0.20858,0.019693,1.0,0.452435,0.211512,0.029847,1.0,0.508356,0.236016,-0.130661,1.0,0.47936,0.236974,-0.130741,1.0,0.604579,0.331104,0.099147,1.0,0.386477,0.332644,0.111369,1.0,0.64179,0.471579,-0.039013,0.969033,0.361416,0.479578,-0.001636,0.988007,0.58931,0.498551,-0.360366,0.975508,0.423465,0.492729,-0.292782,0.996272,0.578467,0.525014,-0.431427,0.983666,0.435026,0.51726,-0.3623,0.997368,0.550266,0.502435,-0.451996,0.983519,0.459556,0.501166,-0.381149,0.997265,0.547215,0.498383,-0.372614,0.975998,0.460596,0.494441,-0.306441,0.994889,0.570836,0.526022,-0.005485,0.999961,0.434953,0.529784,0.005038,0.999963,0.605092,0.606655,-0.593858,0.975027,0.41227,0.610894,-0.591389,0.980958,0.632022,0.835484,-1.148044,0.947693,0.382643,0.848541,-1.125937,0.965526,0.614881,0.922186,-1.220833,0.985312,0.393867,0.923681,-1.19093,0.988261,0.667089,0.791171,-1.499192,0.992968,0.356213,0.806013,-1.444081,0.993901
subject03_front_bad_slidingDown_var2.jpg,subject03,front,bad,slidingDown,var2,0.472055,0.229809,-0.396662,1.0,0.486596,0.204057,-0.386238,1.0,0.496719,0.201901,-0.386576,1.0,0.504236,0.200317,-0.386455,1.0,0.457621,0.206222,-0.378025,1.0,0.449888,0.205328,-0.378484,1.0,0.442823,0.204016,-0.378501,1.0,0.51568,0.198563,-0.231982,1.0,0.432497,0.201379,-0.194032,0.999999,0.4898,0.244737,-0.325861,0.999998,0.457433,0.246376,-0.318356,0.999998,0.583597,0.257653,-0.152474,0.999998,0.380609,0.258013,-0.056732,0.999999,0.586934,0.373326,-0.441521,0.975003,0.313659,0.349821,-0.318709,0.976878,0.470582,0.379015,-0.808676,0.969426,0.316765,0.354225,-0.744551,0.987287,0.447292,0.373548,-0.894112,0.975298,0.296073,0.361238,-0.83264,0.993142,0.423708,0.361124,-0.902868,0.97442,0.326296,0.354922,-0.84614,0.9934,0.424999,0.368618,-0.817191,0.954616,0.343814,0.357319,-0.761722,0.988047,0.562866,0.48945,-0.015993,0.999905,0.431529,0.498915,0.015567,0.999919,0.60261,0.581178,-0.534114,0.928982,0.43724,0.580381,-0.53019,0.95189,0.646327,0.813951,-1.083818,0.915982,0.417228,0.816824,-1.0976,0.946763,0.635048,0.901663,-1.157596,0.96864,0.43467,0.898205,-1.168052,0.966658,0.696368,0.776348,-1.40067,0.988998,0.393261,0.789318,-1.395355,0.988945
subject03_front_bad_slouch_var1.jpg,subject03,front,bad,slouch,var1,0.516293,0.2693,-0.88316,0.94376,0.533546,0.243183,-0.867766,0.889896,0.54681,0.240425,-0.86832,0.881633,0.55934,0.237309,-0.868314,0.917403,0.496684,0.243939,-0.862764,0.911342,0.485107,0.242202,-0.863627,0.92558,0.476624,0.239766,-0.864328,0.944396,0.57444,0.221715,-0.609501,0.951385,0.454207,0.221669,-0.586443,0.900105,0.53964,0.276739,-0.762887,0.920682,0.500289,0.281559,-0.761492,0.901007,0.686671,0.298448,-0.413701,0.999645,0.341453,0.296813,-0.307998,0.99794,0.726148,0.488857,-0.489495,0.549371,0.285516,0.486154,-0.46047,0.216024,0.565639,0.526384,-0.695979,0.061588,0.479876,0.51514,-0.742295,0.012743,0.520196,0.548329,-0.762037,0.061382,0.535066,0.534935,-0.818447,0.013514,0.516138,0.519843,-0.76174,0.061728,0.532175,0.505751,-0.806006,0.013037,0.526802,0.512067,-0.692441,0.043184,0.518971,0.497075,-0.741859,0.010291,0.602555,0.5669,-0.027796,0.999808,0.409253,0.565843,0.027446,0.999758,0.720018,0.600414,-1.039887,0.96653,0.295024,0.609826,-1.040622,0.973227,0.708573,0.876559,-0.81384,0.966458,0.330408,0.882998,-0.830968,0.97536,0.683358,0.910847,-0.805741,0.898753,0.367352,0.917868,-0.817939,0.927819,0.729874,0.967813,-1.215973,0.954578,0.291834,0.966888,-1.217394,0.958404
subject03_front_bad_slouch_var2.jpg,subject03,front,bad,slouch,var2,0.516367,0.253322,-0.887012,0.998395,0.534703,0.229841,-0.863266,0.99549,0.546539,0.227627,-0.863968,0.995836,0.559354,0.224915,-0.863913,0.996515,0.497578,0.230218,-0.864891,0.996277,0.486745,0.22874,-0.865713,0.997155,0.477805,0.226897,-0.86625,0.997193,0.572992,0.210992,-0.564904,0.997818,0.454589,0.210962,-0.566653,0.994859,0.537373,0.259682,-0.751123,0.997813,0.500077,0.261364,-0.757155,0.997341,0.68174,0.282732,-0.33575,0.999957,0.341161,0.281527,-0.262071,0.999655,0.748366,0.450453,-0.508325,0.989929,0.265375,0.463578,-0.398852,0.960179,0.670638,0.459423,-1.024416,0.996495,0.364467,0.461942,-0.855076,0.986015,0.656203,0.468316,-1.14668,0.994677,0.391027,0.470872,-0.966961,0.983639,0.612674,0.449123,-1.171094,0.99504,0.418869,0.44591,-0.986153,0.98484,0.605074,0.449594,-1.04039,0.990146,0.420474,0.44206,-0.872551,0.972435,0.606276,0.557382,-0.01653,0.999381,0.411788,0.560969,0.016204,0.999104,0.7206,0.617085,-0.836326,0.983784,0.294702,0.628069,-0.865713,0.987053,0.697109,0.875547,-0.535657,0.975259,0.334446,0.891831,-0.574206,0.978489,0.668281,0.906829,-0.521841,0.895309,0.371717,0.923465,-0.554485,0.919591,0.721432,0.970006,-0.869324,0.965961,0.286723,0.973749,-0.891568,0.963892
subject04_front_bad_asymmetricalLean_var1.jpg,subject04,front,bad,asymmetricalLean,var1,0.632249,0.158942,-0.388995,0.999813,0.647729,0.142184,-0.343378,0.999155,0.653505,0.144761,-0.34361,0.999061,0.660784,0.147724,-0.343555,0.999058,0.621112,0.131495,-0.356075,0.999668,0.613365,0.129314,-0.356492,0.999754,0.604028,0.127239,-0.356679,0.999803,0.661672,0.154855,-0.121124,0.999142,0.589348,0.13284,-0.181884,0.999564,0.638736,0.184745,-0.305072,0.999662,0.611011,0.174525,-0.326464,0.999806,0.667773,0.29334,-0.053078,0.9999,0.473915,0.246836,-0.10439,0.999934,0.72975,0.402889,-0.337454,0.990972,0.398249,0.421032,-0.281261,0.812515,0.678707,0.240709,-0.704943,0.971128,0.44901,0.51108,-0.512641,0.789439,0.669012,0.196709,-0.781358,0.929609,0.460317,0.547384,-0.575982,0.725169,0.661176,0.190128,-0.760058,0.918053,0.478755,0.536521,-0.568239,0.71363,0.65875,0.209027,-0.703534,0.873493,0.479356,0.525265,-0.514758,0.646349,0.552689,0.557869,0.035196,0.999906,0.432562,0.533376,-0.035404,0.999906,0.549977,0.58699,-0.579666,0.977373,0.435677,0.580368,-0.654039,0.968102,0.540768,0.884476,-0.498514,0.913192,0.432,0.884752,-0.582727,0.965095,0.538097,0.914171,-0.50159,0.763757,0.443578,0.922905,-0.583904,0.8293,0.522306,0.966171,-0.772649,0.930424,0.436137,0.968969,-0.866846,0.955483
subject04_front_bad_asymmetricalLean_var2.jpg,subject04,front,bad,asymmetricalLean,var2,0.383759,0.146763,-0.450644,0.999884,0.391976,0.119656,-0.412984,0.999577,0.400789,0.117165,-0.413223,0.999537,0.408348,0.115255,-0.413165,0.999594,0.368116,0.126887,-0.40595,0.99978,0.360211,0.12895,-0.406483,0.999861,0.354982,0.130643,-0.406747,0.999856,0.426417,0.119749,-0.219759,0.999819,0.349593,0.14805,-0.18553,0.999755,0.408521,0.164679,-0.378042,0.999908,0.375956,0.175821,-0.370508,0.999905,0.536732,0.220281,-0.137682,0.999968,0.347667,0.289571,-0.115891,0.999934,0.608525,0.370896,-0.346404,0.970308,0.287582,0.392896,-0.499977,0.994739,0.577555,0.479725,-0.652155,0.886186,0.341617,0.231871,-0.908159,0.981706,0.572249,0.522849,-0.719062,0.828997,0.349154,0.184541,-0.998438,0.956252,0.551292,0.509399,-0.724722,0.813587,0.354498,0.179943,-0.956119,0.94319,0.546886,0.496958,-0.658341,0.690414,0.358566,0.196763,-0.901486,0.875666,0.584262,0.48413,-0.002253,0.999978,0.457004,0.516096,0.001705,0.999985,0.59221,0.553551,-0.765162,0.994502,0.471285,0.563718,-0.75828,0.992971,0.594142,0.851192,-0.608763,0.994819,0.479702,0.859537,-0.662427,0.997257,0.591292,0.878245,-0.608994,0.968393,0.488636,0.891819,-0.664714,0.969697,0.586563,0.951492,-0.932438,0.994287,0.484517,0.946449,-0.979652,0.995996
subject04_front_bad_forwardHead_var1.jpg,subject04,front,bad,forwardHead,var1,0.487711,0.235136,-0.883616,0.997849,0.506141,0.200815,-0.865636,0.992948,0.51788,0.199383,-0.866145,0.993974,0.529866,0.198009,-0.866164,0.993948,0.473068,0.199763,-0.864268,0.99466,0.463668,0.198043,-0.864908,0.996626,0.453224,0.196964,-0.865375,0.996334,0.551145,0.194895,-0.62549,0.997556,0.438108,0.195575,-0.618621,0.994245,0.510447,0.256799,-0.775851,0.997847,0.469486,0.260507,-0.777632,0.997522,0.625072,0.27839,-0.406598,0.999925,0.368131,0.270667,-0.378068,0.999735,0.684361,0.472044,-0.561401,0.994495,0.302667,0.481654,-0.522571,0.962877,0.604766,0.471815,-0.97103,0.993341,0.38706,0.473226,-0.942693,0.981131,0.586032,0.48855,-1.070534,0.988424,0.403511,0.48067,-1.046511,0.980156,0.564675,0.463885,-1.087197,0.988832,0.42496,0.458238,-1.053775,0.981835,0.562947,0.460478,-0.983367,0.979231,0.427479,0.457347,-0.954485,0.962783,0.558438,0.586323,0.012332,0.99506,0.407063,0.58765,-0.012413,0.994587,0.569496,0.66768,-0.643451,0.966639,0.414721,0.658561,-0.685898,0.96968,0.551999,0.950926,-0.384843,0.836967,0.432599,0.964611,-0.472934,0.880469,0.541139,0.975965,-0.37136,0.791494,0.438113,0.990777,-0.461443,0.725185,0.547562,1.059424,-0.63466,0.802446,0.448527,1.006078,-0.747291,0.790156
subject04_front_bad_forwardHead_var2.jpg,subject04,front,bad,forwardHead,var2,0.486758,0.207679,-0.633638,0.997571,0.50284,0.177042,-0.615421,0.995119,0.515199,0.1749,-0.615891,0.995183,0.525153,0.172569,-0.615948,0.996298,0.467617,0.177049,-0.609527,0.995712,0.458229,0.176573,-0.61006,0.99656,0.447515,0.176589,-0.610457,0.996647,0.540662,0.174542,-0.414869,0.998428,0.433541,0.181507,-0.386412,0.993493,0.505982,0.227472,-0.545508,0.996778,0.465791,0.234841,-0.540746,0.995114,0.607869,0.250631,-0.262458,0.999923,0.36526,0.256407,-0.2056,0.999325,0.681216,0.44333,-0.394249,0.981453,0.34534,0.455954,-0.437613,0.939134,0.60017,0.449763,-0.675258,0.969352,0.447548,0.303162,-0.812731,0.965303,0.586927,0.458209,-0.736657,0.949364,0.455604,0.255587,-0.892001,0.952555,0.559784,0.440916,-0.739076,0.948214,0.435131,0.235549,-0.872705,0.949827,0.555144,0.441486,-0.677873,0.919127,0.4364,0.255852,-0.814304,0.914527,0.560671,0.552278,-0.004885,0.998665,0.416753,0.553029,0.004743,0.998311,0.570464,0.601786,-0.634003,0.946049,0.414662,0.5949,-0.652054,0.968572,0.559323,0.910077,-0.436029,0.870021,0.427497,0.925168,-0.551857,0.952145,0.547927,0.937202,-0.426499,0.789111,0.439488,0.959811,-0.547997,0.860149,0.554215,1.007522,-0.666353,0.845578,0.430658,1.014278,-0.805503,0.920731
subject04_front_bad_slidingDown_var1.jpg,subject04,front,bad,slidingDown,var1,0.49548,0.24858,-0.410154,0.999967,0.513446,0.223022,-0.370012,0.999892,0.522127,0.22227,-0.370395,0.9999,0.531147,0.222016,-0.370385,0.999904,0.480913,0.221553,-0.370751,0.999925,0.470503,0.221254,-0.371245,0.999943,0.46175,0.220972,-0.371531,0.999931,0.544373,0.230016,-0.138914,0.999952,0.450306,0.22993,-0.140709,0.999868,0.51505,0.271014,-0.318253,0.999953,0.477569,0.27104,-0.322434,0.999938,0.610669,0.346043,-0.033554,0.999982,0.381696,0.34745,0.004583,0.999898,0.673669,0.509506,-0.203537,0.997425,0.317376,0.516031,-0.166962,0.976005,0.601247,0.505553,-0.594862,0.998297,0.391381,0.505719,-0.55271,0.991996,0.594337,0.501583,-0.681285,0.997248,0.395498,0.504709,-0.6418,0.991564,0.564432,0.492677,-0.693418,0.997336,0.425041,0.490017,-0.646741,0.991895,0.556081,0.50225,-0.605331,0.995195,0.428846,0.494586,-0.563945,0.986231,0.562734,0.636833,-0.005172,0.996014,0.417238,0.635764,0.004942,0.994572,0.563409,0.668216,-0.576399,0.967337,0.422866,0.663625,-0.61985,0.943885,0.557915,0.959703,-0.570244,0.857471,0.431084,0.959947,-0.589433,0.83755,0.545785,0.991326,-0.581943,0.799728,0.448084,0.992638,-0.594654,0.752055,0.538744,1.049677,-0.832516,0.857592,0.408482,1.03831,-0.830302,0.810408
subject04_front_bad_slidingDown_var2.jpg,subject04,front,bad,slidingDown,var2,0.494467,0.27191,-0.163095,1.0,0.508325,0.24895,-0.126115,1.0,0.517824,0.248973,-0.126359,1.0,0.525614,0.249169,-0.126292,1.0,0.481492,0.248339,-0.122728,1.0,0.47438,0.247861,-0.123114,1.0,0.465577,0.247509,-0.123067,1.0,0.54,0.255633,0.067243,1.0,0.452867,0.254511,0.084424,1.0,0.511871,0.294186,-0.088217,1.0,0.478915,0.293555,-0.08623,1.0,0.592511,0.35323,0.119213,1.0,0.39541,0.353275,0.146998,0.999999,0.645696,0.481883,-0.125707,0.9815,0.34248,0.480867,-0.086204,0.837236,0.58493,0.476562,-0.481447,0.976988,0.405224,0.478839,-0.428904,0.748577,0.577389,0.473472,-0.550404,0.974704,0.410243,0.47382,-0.499794,0.80496,0.551506,0.46447,-0.556077,0.973841,0.435687,0.464367,-0.501124,0.80376,0.54336,0.474975,-0.48885,0.956111,0.441645,0.471272,-0.438757,0.739446,0.546544,0.581813,-0.00171,0.999961,0.419593,0.576905,0.00124,0.999934,0.529525,0.679491,-0.566189,0.851889,0.439753,0.670664,-0.591989,0.8514,0.511312,0.873541,-1.142947,0.475802,0.446736,0.868586,-1.162037,0.531937,0.508551,0.9567,-1.214302,0.867134,0.452591,0.951879,-1.228285,0.924438,0.498406,0.79137,-1.444317,0.927229,0.448294,0.789133,-1.433151,0.938016
subject04_front_bad_slouch_var1.jpg,subject04,front,bad,slouch,var1,0.502258,0.269025,-0.591648,0.999693,0.517628,0.242263,-0.563616,0.999174,0.5278,0.240012,-0.563958,0.999202,0.537212,0.237751,-0.563931,0.999168,0.48861,0.241051,-0.562513,0.999387,0.481186,0.238177,-0.563039,0.999597,0.470758,0.235305,-0.563351,0.999548,0.550188,0.231596,-0.320785,0.999663,0.454834,0.228841,-0.316055,0.99931,0.519697,0.283819,-0.488973,0.999654,0.484642,0.286912,-0.490818,0.999626,0.611252,0.308315,-0.152535,0.999962,0.391743,0.307535,-0.119336,0.999911,0.653388,0.482136,-0.308896,0.995886,0.349048,0.480105,-0.263081,0.981488,0.584539,0.487466,-0.71064,0.998174,0.416661,0.485482,-0.671175,0.99438,0.589464,0.492029,-0.808051,0.997131,0.414836,0.488862,-0.768138,0.994759,0.563677,0.47856,-0.828309,0.997374,0.442546,0.478025,-0.781165,0.995429,0.555775,0.482122,-0.725752,0.994891,0.449566,0.479892,-0.685753,0.9905,0.560289,0.585564,0.0053,0.998526,0.431839,0.587163,-0.005518,0.998651,0.570255,0.644144,-0.624835,0.988467,0.431331,0.636214,-0.656239,0.994105,0.551822,0.934183,-0.466694,0.955461,0.442515,0.937175,-0.582423,0.982879,0.538285,0.963063,-0.461273,0.917431,0.45413,0.972728,-0.582965,0.931442,0.544347,1.020322,-0.721016,0.955969,0.437286,1.048667,-0.863395,0.972518
subject04_front_bad_slouch_var2.jpg,subject04,front,bad,slouch,var2,0.502081,0.243718,-0.612575,0.999968,0.516139,0.215116,-0.582797,0.999919,0.527591,0.213113,-0.583037,0.999888,0.534869,0.210841,-0.582926,0.999878,0.485261,0.215064,-0.583225,0.999956,0.475745,0.21328,-0.583685,0.999968,0.46668,0.21116,-0.5839,0.999969,0.551734,0.201188,-0.344038,0.999923,0.452971,0.203467,-0.345754,0.999948,0.520609,0.264211,-0.513504,0.999924,0.483423,0.267537,-0.516666,0.999936,0.61136,0.287635,-0.189362,0.999967,0.392369,0.284667,-0.183289,0.999973,0.620074,0.459246,-0.334128,0.993282,0.376561,0.460588,-0.339044,0.994577,0.55536,0.509305,-0.658321,0.994923,0.440996,0.502089,-0.676726,0.997823,0.555153,0.554499,-0.742916,0.993848,0.446799,0.544012,-0.765008,0.997813,0.525745,0.539083,-0.767826,0.994629,0.474872,0.534184,-0.781831,0.998143,0.523611,0.528976,-0.673773,0.991626,0.47354,0.523105,-0.691027,0.996495,0.563237,0.528052,0.008593,0.99976,0.437534,0.532353,-0.008849,0.999852,0.57605,0.587103,-0.632418,0.992868,0.419903,0.58044,-0.644246,0.997457,0.558354,0.860459,-0.536258,0.988875,0.435748,0.870934,-0.592992,0.99594,0.548567,0.889525,-0.537667,0.959122,0.445597,0.900329,-0.595945,0.970403,0.549261,0.965664,-0.816501,0.992838,0.444616,0.966465,-0.884128,0.995449
subject05_front_bad_asymmetricalLean_var1.jpg,subject05,front,bad,asymmetricalLean,var1,0.636433,0.184575,-0.654427,0.999975,0.655645,0.165769,-0.596912,0.999924,0.671744,0.167657,-0.597542,0.999917,0.68191,0.169082,-0.597479,0.99994,0.617356,0.16129,-0.604706,0.999946,0.603509,0.160422,-0.605399,0.999946,0.59143,0.159848,-0.605667,0.999945,0.689775,0.179467,-0.282004,0.999946,0.565711,0.169334,-0.314423,0.999853,0.652908,0.209272,-0.531314,0.999975,0.608321,0.204044,-0.546743,0.999972,0.752823,0.307627,-0.16416,0.999993,0.411448,0.277792,-0.130954,0.999945,0.850201,0.433834,-0.395173,0.997385,0.290326,0.412761,-0.272279,0.978688,0.780315,0.471953,-0.980825,0.999118,0.246701,0.504579,-0.661488,0.987811,0.771142,0.510511,-1.112893,0.998666,0.213948,0.543899,-0.758912,0.98514,0.725983,0.49611,-1.152733,0.998779,0.245774,0.539442,-0.825841,0.986447,0.718683,0.48706,-1.006716,0.997982,0.276047,0.529389,-0.698934,0.982532,0.610721,0.565592,0.005663,0.99995,0.401808,0.554358,-0.006432,0.999906,0.699701,0.634983,-0.848204,0.985055,0.296697,0.638522,-0.864392,0.980262,0.634211,0.882865,-0.548954,0.978079,0.351716,0.8858,-0.532213,0.971196,0.591547,0.905571,-0.535004,0.891969,0.389298,0.910582,-0.508338,0.852455,0.669859,0.97407,-0.855312,0.971198,0.313338,0.971822,-0.81145,0.950376
subject05_front_bad_asymmetricalLean_var2.jpg,subject05,front,bad,asymmetricalLean,var2,0.423828,0.173262,-0.786261,0.999972,0.431522,0.148846,-0.736175,0.999911,0.445429,0.146548,-0.736626,0.999894,0.457953,0.145406,-0.73648,0.999911,0.399451,0.158101,-0.730694,0.999948,0.387593,0.162324,-0.731455,0.999957,0.378477,0.165602,-0.731798,0.999958,0.482598,0.1514,-0.431986,0.999946,0.371946,0.176572,-0.402987,0.999927,0.459211,0.189606,-0.666971,0.999984,0.414166,0.199337,-0.663217,0.999983,0.64877,0.264149,-0.260183,0.99999,0.311937,0.304201,-0.228893,0.999974,0.800389,0.370874,-0.518057,0.997961,0.248793,0.450808,-0.449912,0.989295,0.813268,0.422411,-1.136734,0.998559,0.31374,0.503124,-0.994035,0.995344,0.829308,0.458864,-1.281288,0.99801,0.324783,0.540481,-1.127722,0.994722,0.782992,0.446355,-1.335433,0.998212,0.370986,0.530047,-1.166479,0.994965,0.768707,0.440499,-1.170743,0.997237,0.377261,0.518737,-1.02242,0.992128,0.61126,0.546234,-0.000896,0.999948,0.413632,0.551809,0.000328,0.999934,0.73116,0.600341,-1.030079,0.995682,0.303526,0.623063,-0.918093,0.994743,0.686838,0.86456,-0.686626,0.988182,0.362431,0.871508,-0.599561,0.990984,0.652226,0.893076,-0.666706,0.93398,0.384227,0.893443,-0.577241,0.928963,0.705789,0.962295,-1.039029,0.983083,0.35653,0.965803,-0.933544,0.981934
subject05_front_bad_forwardHead_var1.jpg,subject05,front,bad,forwardHead,var1,0.612607,0.312122,-0.944433,0.999929,0.626722,0.277007,-0.90523,0.999855,0.640653,0.274976,-0.90604,0.99983,0.651635,0.27313,-0.906071,0.999843,0.583077,0.277335,-0.96033,0.999914,0.56356,0.275887,-0.96116,0.999924,0.541316,0.274526,-0.961617,0.999939,0.632149,0.273762,-0.575381,0.999898,0.47716,0.276751,-0.819814,0.999892,0.626951,0.339419,-0.799696,0.999771,0.567471,0.341553,-0.875403,0.999854,0.662161,0.365556,-0.310384,0.999967,0.277106,0.37654,-0.674518,0.999964,0.628076,0.580054,-0.442293,0.363292,0.141999,0.613829,-0.855653,0.973869,0.624622,0.633059,-0.957591,0.335021,0.391239,0.640307,-1.13317,0.979499,0.625857,0.680101,-1.072486,0.363914,0.45474,0.664546,-1.257001,0.967805,0.626545,0.646866,-1.117107,0.38811,0.495188,0.61799,-1.247475,0.971046,0.614012,0.638378,-0.988307,0.335429,0.482341,0.606917,-1.134218,0.938232,0.545132,0.659435,0.123468,0.997048,0.354635,0.675594,-0.12364,0.99775,0.79605,0.805211,-0.01771,0.076072,0.418647,0.821633,-0.311558,0.136051,0.703669,1.034046,0.187902,0.0119,0.457457,1.02562,0.105766,0.022418,0.665855,1.068627,0.198259,0.021889,0.456307,1.063732,0.148041,0.02784,0.719478,1.113737,0.035731,0.014788,0.515297,1.077934,0.006603,0.01794
subject05_front_bad_forwardHead_var2.jpg,subject05,front,bad,forwardHead,var2,0.574464,0.300997,-0.699108,0.999601,0.596796,0.274983,-0.674987,0.998877,0.612466,0.274105,-0.675328,0.998536,0.623492,0.273828,-0.675227,0.998569,0.549984,0.276537,-0.676594,0.999463,0.53723,0.275808,-0.677392,0.999549,0.52552,0.274084,-0.677852,0.999685,0.638228,0.278005,-0.415486,0.998703,0.507616,0.274739,-0.429058,0.999563,0.60084,0.31816,-0.586391,0.999325,0.546094,0.320323,-0.595496,0.999639,0.719626,0.366756,-0.255446,0.999909,0.377001,0.332992,-0.193591,0.999984,0.687229,0.564273,-0.55713,0.964298,0.270952,0.484563,-0.250825,0.970005,0.617531,0.413873,-1.010606,0.981607,0.283404,0.556784,-0.536737,0.987324,0.59147,0.368253,-1.098842,0.973231,0.263074,0.595897,-0.599715,0.981298,0.609035,0.35079,-1.090921,0.971288,0.317952,0.588454,-0.622022,0.981943,0.604044,0.364697,-1.011632,0.944426,0.337333,0.581255,-0.551524,0.972495,0.591387,0.590207,0.001421,0.999388,0.411238,0.589207,-0.001834,0.999713,0.707771,0.628817,-0.703783,0.943618,0.291673,0.637451,-0.789325,0.972261,0.670556,0.886488,-0.499066,0.911636,0.349507,0.891547,-0.536245,0.931327,0.637621,0.912583,-0.4883,0.769147,0.372963,0.916478,-0.517442,0.772943,0.686623,0.972731,-0.765351,0.905337,0.3242,0.980624,-0.809437,0.890368
subject05_front_bad_slidingDown_var1.jpg,subject05,front,bad,slidingDown,var1,0.545462,0.265057,-0.373926,1.0,0.559247,0.246379,-0.347073,1.0,0.568453,0.247327,-0.347396,1.0,0.578307,0.248614,-0.347275,1.0,0.5318,0.244352,-0.344995,1.0,0.524621,0.244214,-0.345412,1.0,0.516818,0.24377,-0.345422,1.0,0.59191,0.258032,-0.193364,1.0,0.505677,0.25592,-0.181474,1.0,0.562546,0.287944,-0.311892,1.0,0.529217,0.285857,-0.31183,1.0,0.654257,0.355263,-0.12403,1.0,0.433961,0.358607,-0.092839,1.0,0.700967,0.474601,-0.308378,0.994993,0.382243,0.481989,-0.230802,0.997851,0.63021,0.525576,-0.635016,0.992738,0.442795,0.518635,-0.490003,0.998982,0.618255,0.550719,-0.712549,0.995063,0.45003,0.546493,-0.559619,0.999295,0.579841,0.533434,-0.731252,0.994907,0.482888,0.534047,-0.579501,0.999272,0.575418,0.532901,-0.646719,0.992554,0.486011,0.52906,-0.503898,0.998738,0.617709,0.552885,-0.007549,0.999967,0.465045,0.562904,0.007101,0.999966,0.632279,0.66297,-0.371458,0.97933,0.416308,0.647079,-0.467723,0.989392,0.637505,0.869806,-0.926106,0.983359,0.379306,0.856172,-1.037567,0.987624,0.628129,0.958061,-0.997442,0.994249,0.369101,0.946707,-1.104069,0.992131,0.693352,0.810371,-1.184692,0.997657,0.320014,0.8037,-1.269526,0.996978
subject05_front_bad_slidingDown_var2.jpg,subject05,front,bad,slidingDown,var2,0.505095,0.297124,-0.277964,1.0,0.521409,0.270557,-0.263863,1.0,0.531921,0.268767,-0.264191,1.0,0.540509,0.266989,-0.264027,1.0,0.495264,0.272286,-0.253157,1.0,0.486604,0.271023,-0.253586,1.0,0.477071,0.270177,-0.253561,1.0,0.559569,0.265346,-0.118924,1.0,0.469707,0.267164,-0.07043,1.0,0.523663,0.313705,-0.213157,1.0,0.490487,0.314119,-0.2028,1.0,0.627502,0.319874,-0.079641,0.999999,0.422399,0.316625,0.028176,0.999999,0.62905,0.419118,-0.396432,0.971829,0.362649,0.382527,-0.250987,0.987397,0.508284,0.42394,-0.755219,0.974735,0.34695,0.395115,-0.657759,0.994644,0.483362,0.417564,-0.836064,0.983641,0.312654,0.403001,-0.739932,0.997224,0.463258,0.403457,-0.84071,0.982939,0.346214,0.402447,-0.750765,0.997195,0.463155,0.416035,-0.762551,0.971508,0.367284,0.408049,-0.674697,0.995215,0.599743,0.54563,-0.020524,0.999938,0.457709,0.549135,0.020149,0.999953,0.629753,0.650254,-0.400492,0.954826,0.417443,0.655443,-0.440915,0.985698,0.643964,0.860788,-0.936751,0.932289,0.383932,0.852199,-1.091385,0.975342,0.635022,0.941162,-1.004657,0.985291,0.379794,0.936766,-1.166209,0.989774,0.693976,0.78756,-1.153046,0.991208,0.330693,0.790146,-1.317089,0.994522
subject05_front_bad_slouch_var1.jpg,subject05,front,bad,slouch,var1,0.508053,0.195025,-0.671067,0.999933,0.528011,0.173743,-0.62011,0.999783,0.543377,0.174518,-0.620636,0.999763,0.557171,0.175776,-0.620556,0.999808,0.489483,0.172675,-0.620031,0.999858,0.477836,0.172629,-0.620694,0.999886,0.466608,0.173076,-0.621027,0.99989,0.571948,0.184885,-0.320314,0.99989,0.450452,0.182384,-0.318795,0.999801,0.531222,0.217568,-0.553121,0.999969,0.485384,0.214956,-0.557551,0.999969,0.677532,0.306285,-0.175968,0.999992,0.336011,0.302958,-0.142234,0.999968,0.748099,0.442571,-0.346775,0.998412,0.276236,0.443718,-0.322926,0.989766,0.68904,0.511038,-0.874638,0.999407,0.322591,0.504963,-0.80782,0.996897,0.698917,0.550182,-1.007818,0.99904,0.322662,0.542034,-0.931492,0.996475,0.655327,0.541021,-1.05828,0.999133,0.365035,0.538431,-0.976281,0.996807,0.64359,0.532015,-0.903839,0.998504,0.381802,0.53016,-0.837317,0.994815,0.595611,0.558374,0.007623,0.999955,0.39813,0.560429,-0.008198,0.999933,0.704546,0.619785,-0.910306,0.994076,0.316149,0.638412,-0.873787,0.993207,0.666147,0.863713,-0.556489,0.985286,0.363261,0.873721,-0.530894,0.988277,0.635032,0.889506,-0.536656,0.906275,0.383907,0.897994,-0.506098,0.903189,0.68889,0.952214,-0.908526,0.981569,0.350802,0.955029,-0.865475,0.979634
subject05_front_bad_slouch_var2.jpg,subject05,front,bad,slouch,var2,0.504129,0.336413,-0.86401,0.999668,0.519118,0.315699,-0.828698,0.998896,0.532159,0.312793,-0.829197,0.998872,0.542966,0.309442,-0.829021,0.99896,0.489535,0.316792,-0.833791,0.999174,0.480616,0.315458,-0.834572,0.999427,0.471156,0.313107,-0.83496,0.999437,0.563384,0.29804,-0.50697,0.999188,0.453766,0.297747,-0.527763,0.998816,0.523492,0.345417,-0.724787,0.999439,0.488259,0.347258,-0.735686,0.999457,0.666751,0.363573,-0.248878,0.999972,0.346883,0.357919,-0.27759,0.999935,0.737077,0.491755,-0.418114,0.991276,0.273039,0.495737,-0.369871,0.986721,0.672248,0.541773,-0.975603,0.996423,0.370346,0.544464,-0.750371,0.994121,0.658472,0.568027,-1.103391,0.995081,0.39929,0.565249,-0.856947,0.992406,0.618996,0.549329,-1.136664,0.995588,0.431361,0.549472,-0.883727,0.993176,0.615269,0.543327,-0.997587,0.991938,0.431889,0.541978,-0.7675,0.987202,0.586581,0.599847,0.023719,0.999711,0.408493,0.600974,-0.024193,0.99967,0.682135,0.644962,-0.915578,0.9825,0.33743,0.653273,-0.925276,0.989532,0.636395,0.878673,-0.578054,0.969201,0.382302,0.884179,-0.589424,0.978152,0.613402,0.90368,-0.559081,0.899265,0.398165,0.899781,-0.565398,0.886972,0.657374,0.954259,-0.911275,0.967125,0.373651,0.962635,-0.917777,0.964623
subject06_front_bad_asymmetricalLean_var1.jpg,subject06,front,bad,asymmetricalLean,var1,0.368173,0.195218,-0.362102,0.999876,0.37576,0.159257,-0.345879,0.99977,0.385189,0.151372,-0.346149,0.999696,0.39316,0.145574,-0.34602,0.999847,0.349016,0.177811,-0.328985,0.999804,0.342327,0.181468,-0.329486,0.999776,0.335445,0.184952,-0.32972,0.999838,0.406885,0.143572,-0.221081,0.999867,0.33579,0.190142,-0.142482,0.999459,0.398187,0.201437,-0.310149,0.999844,0.367467,0.222226,-0.290768,0.999709,0.537907,0.239131,-0.150853,0.999979,0.348629,0.297265,-0.056012,0.999882,0.657146,0.390805,-0.321655,0.978924,0.264418,0.3962,-0.284885,0.90882,0.477823,0.405056,-0.48772,0.914376,0.32237,0.244864,-0.535467,0.783813,0.433652,0.417014,-0.523606,0.848456,0.335128,0.208361,-0.588311,0.615323,0.421879,0.397781,-0.494225,0.834955,0.348484,0.209971,-0.543418,0.566657,0.432515,0.398783,-0.472766,0.758584,0.350347,0.223178,-0.524775,0.495656,0.547999,0.514374,-0.011839,0.999842,0.433931,0.525178,0.011581,0.999845,0.541395,0.612743,-0.469904,0.812752,0.460003,0.612209,-0.48575,0.79024,0.534911,0.870623,-0.317224,0.840714,0.473148,0.876722,-0.36087,0.825347,0.526078,0.902331,-0.309229,0.7348,0.475177,0.90936,-0.352373,0.563844,0.535968,0.962463,-0.51883,0.870156,0.490624,0.963165,-0.561546,0.831835
subject06_front_bad_asymmetricalLean_var2.jpg,subject06,front,bad,asymmetricalLean,var2,0.650741,0.158224,-0.479492,0.999593,0.672861,0.142033,-0.452291,0.998844,0.682005,0.146104,-0.452578,0.998622,0.688428,0.149131,-0.452587,0.998832,0.643971,0.130233,-0.457789,0.999465,0.634875,0.126155,-0.458278,0.999537,0.627602,0.122408,-0.458585,0.999667,0.692067,0.157692,-0.266365,0.99908,0.615777,0.121599,-0.296576,0.999345,0.659034,0.186402,-0.403849,0.999488,0.624837,0.170641,-0.416001,0.999711,0.688349,0.274703,-0.156014,0.999933,0.496985,0.217823,-0.170326,0.999948,0.746721,0.401764,-0.298338,0.976056,0.365226,0.383649,-0.331788,0.928795,0.696807,0.217517,-0.527804,0.945846,0.516272,0.404033,-0.558757,0.925516,0.702657,0.180255,-0.57378,0.884698,0.567785,0.41053,-0.609249,0.862649,0.696939,0.173257,-0.549934,0.863352,0.579712,0.387055,-0.57896,0.846034,0.687902,0.188953,-0.518822,0.7903,0.565826,0.389269,-0.549546,0.763151,0.580581,0.514612,0.021022,0.999791,0.46726,0.4947,-0.021393,0.999791,0.551052,0.592343,-0.442653,0.934991,0.474019,0.584148,-0.505943,0.938029,0.536044,0.865599,-0.284635,0.847616,0.47473,0.864384,-0.315968,0.914465,0.530349,0.889083,-0.275546,0.654547,0.479365,0.890201,-0.299583,0.68492,0.525896,0.955141,-0.473447,0.851681,0.483232,0.959749,-0.498008,0.87378
subject06_front_bad_forwardHead_var1.jpg,subject06,front,bad,forwardHead,var1,0.486557,0.328997,-0.816389,0.999993,0.505715,0.302974,-0.822306,0.999976,0.518822,0.297161,-0.822619,0.999984,0.527666,0.292041,-0.822581,0.999977,0.466078,0.304716,-0.825352,0.999982,0.457065,0.298935,-0.825685,0.999989,0.450205,0.291112,-0.825973,0.999979,0.549767,0.258563,-0.693077,0.999994,0.434688,0.245351,-0.699273,0.999979,0.505471,0.341391,-0.747529,0.999963,0.468327,0.343178,-0.751749,0.999947,0.611797,0.26387,-0.515345,0.999999,0.377158,0.267674,-0.498191,0.999983,0.699375,0.384083,-0.621763,0.996894,0.253334,0.372463,-0.531108,0.989659,0.553475,0.427689,-0.810253,0.989911,0.340515,0.403153,-0.580928,0.959113,0.524812,0.429842,-0.860865,0.977476,0.365328,0.411706,-0.611111,0.923869,0.515654,0.400191,-0.852536,0.979023,0.385117,0.383497,-0.6033,0.927574,0.514127,0.398848,-0.808352,0.965881,0.385392,0.377538,-0.57646,0.895991,0.529766,0.458131,0.003818,0.999,0.421288,0.455321,-0.004064,0.998231,0.542795,0.644582,-0.208548,0.848535,0.45166,0.651833,-0.133951,0.786016,0.534671,0.864756,-0.202018,0.832182,0.454449,0.846923,-0.014878,0.803112,0.541135,0.917853,-0.212689,0.837924,0.434521,0.911345,-0.009113,0.781147,0.510024,0.938834,-0.42149,0.887538,0.432894,0.932315,-0.174462,0.846377
subject06_front_bad_forwardHead_var2.jpg,subject06,front,bad,forwardHead,var2,0.537021,0.240315,-0.528362,0.999825,0.554983,0.207462,-0.509369,0.99948,0.564925,0.203922,-0.509639,0.999233,0.57259,0.201561,-0.509595,0.999215,0.519296,0.208835,-0.516376,0.999798,0.510788,0.205676,-0.516777,0.999818,0.503129,0.202229,-0.517034,0.999851,0.588696,0.187258,-0.303525,0.999528,0.485446,0.185419,-0.334684,0.999784,0.552439,0.257063,-0.437342,0.999566,0.514874,0.254849,-0.448975,0.99974,0.634224,0.266201,-0.163411,0.999897,0.409683,0.232689,-0.158047,0.999953,0.603064,0.446358,-0.414028,0.829367,0.292354,0.380242,-0.345594,0.886366,0.562355,0.29096,-0.824555,0.801707,0.350258,0.416202,-0.694487,0.889462,0.570278,0.256604,-0.918512,0.751565,0.364917,0.436717,-0.779113,0.872635,0.584824,0.247162,-0.913546,0.741832,0.378012,0.401207,-0.777376,0.876316,0.576402,0.257249,-0.831406,0.555354,0.37812,0.391584,-0.702278,0.782116,0.555278,0.492378,0.001333,0.99825,0.429959,0.489562,-0.001553,0.998838,0.550233,0.652532,-0.350981,0.478945,0.454168,0.667001,-0.331095,0.489936,0.532279,0.922294,-0.350632,0.350829,0.45887,0.913635,-0.232084,0.422252,0.537814,0.969148,-0.363527,0.232841,0.452402,0.966924,-0.230796,0.355909,0.535996,0.992315,-0.601604,0.368907,0.444202,0.985646,-0.444017,0.392506
subject06_front_bad_slidingDown_var1.jpg,subject06,front,bad,slidingDown,var1,0.486527,0.286968,-0.899291,0.999909,0.498743,0.257684,-0.876389,0.999635,0.508177,0.254425,-0.87665,0.999707,0.516371,0.252049,-0.876619,0.999556,0.468937,0.26018,-0.87543,0.999767,0.459803,0.259724,-0.875942,0.999869,0.452153,0.259507,-0.87622,0.999797,0.532625,0.249256,-0.666592,0.999873,0.44328,0.265304,-0.662408,0.99978,0.506915,0.304975,-0.81074,0.999663,0.471583,0.312658,-0.812116,0.999662,0.594272,0.33861,-0.507182,0.99998,0.397685,0.332638,-0.510929,0.999972,0.6703,0.448263,-0.750636,0.980947,0.316116,0.454565,-0.806088,0.981207,0.5126,0.466219,-1.025367,0.450456,0.467039,0.465893,-1.100018,0.338314,0.469736,0.472556,-1.092197,0.217655,0.519308,0.475042,-1.179,0.127611,0.468646,0.462567,-1.056842,0.177972,0.523953,0.461046,-1.121975,0.097517,0.476574,0.461857,-1.012599,0.086995,0.516647,0.458394,-1.081865,0.042689,0.546476,0.56063,0.009715,0.999771,0.433519,0.567805,-0.01002,0.999835,0.529207,0.683131,-0.494241,0.844725,0.440982,0.685724,-0.494448,0.895677,0.547443,0.893413,-0.182905,0.671584,0.445011,0.89274,-0.174316,0.860602,0.549071,0.9196,-0.164527,0.441173,0.448457,0.915653,-0.152065,0.564338,0.538335,0.968573,-0.414901,0.676099,0.451398,0.975271,-0.400721,0.78528
subject06_front_bad_slidingDown_var2.jpg,subject06,front,bad,slidingDown,var2,0.484869,0.208046,-0.622552,0.999996,0.49852,0.176247,-0.610632,0.999992,0.509468,0.173981,-0.610889,0.999988,0.518543,0.172106,-0.610831,0.999992,0.468998,0.179821,-0.608577,0.999995,0.459867,0.179566,-0.609044,0.999994,0.453171,0.179777,-0.609216,0.999994,0.533007,0.172064,-0.438508,0.999989,0.444829,0.184339,-0.427066,0.999967,0.50621,0.224932,-0.544426,0.999963,0.471779,0.232081,-0.544107,0.999951,0.597978,0.259473,-0.288239,0.999997,0.402659,0.254447,-0.279719,0.999984,0.673048,0.375999,-0.476625,0.892998,0.326578,0.380881,-0.503876,0.570094,0.533404,0.396385,-0.750949,0.290924,0.486424,0.389079,-0.756247,0.029867,0.487201,0.400094,-0.80997,0.248791,0.531744,0.404572,-0.816065,0.028076,0.482569,0.382763,-0.800583,0.226064,0.541509,0.381641,-0.785637,0.023418,0.498066,0.375227,-0.74733,0.156524,0.526868,0.381074,-0.746801,0.01562,0.553618,0.510926,-0.001435,0.999883,0.433873,0.512548,0.000995,0.999862,0.528421,0.602862,-0.557191,0.449273,0.450503,0.60851,-0.544771,0.549445,0.511708,0.844766,-0.879877,0.363287,0.44398,0.854075,-0.946371,0.657186,0.502511,0.936724,-0.926865,0.57713,0.450054,0.940553,-0.996935,0.72567,0.488058,0.824362,-1.192501,0.720686,0.45935,0.823616,-1.257108,0.862316
subject06_front_bad_slouch_var1.jpg,subject06,front,bad,slouch,var1,0.49308,0.296068,-0.782548,0.999339,0.507489,0.266298,-0.777939,0.998658,0.51805,0.262039,-0.778298,0.998243,0.526988,0.258593,-0.778282,0.998576,0.475537,0.266694,-0.779793,0.999084,0.466877,0.262805,-0.780285,0.999199,0.459126,0.258683,-0.780558,0.999228,0.550487,0.233335,-0.599284,0.999553,0.444874,0.234355,-0.606007,0.998828,0.511751,0.308251,-0.696751,0.999438,0.47728,0.310998,-0.701107,0.999292,0.60575,0.278766,-0.400039,0.99998,0.394975,0.280087,-0.407142,0.999943,0.684179,0.42654,-0.572652,0.983407,0.284274,0.426351,-0.612087,0.979543,0.566613,0.438513,-0.90156,0.920158,0.405716,0.440505,-0.964743,0.949769,0.53443,0.461154,-0.982539,0.862758,0.437185,0.46084,-1.055473,0.918795,0.522707,0.428483,-0.977761,0.858056,0.452106,0.424821,-1.037557,0.915729,0.526413,0.42149,-0.903509,0.746608,0.447432,0.419077,-0.96418,0.81699,0.55839,0.525749,0.008695,0.998365,0.439975,0.530842,-0.009065,0.998429,0.544193,0.677112,-0.378197,0.756915,0.450575,0.686189,-0.381974,0.838479,0.529644,0.930035,-0.276324,0.616539,0.46504,0.924504,-0.260427,0.780723,0.519161,0.932894,-0.278722,0.51842,0.447644,0.974236,-0.257953,0.561262,0.521102,1.009965,-0.517439,0.623789,0.44234,1.01025,-0.495207,0.705864
subject06_front_bad_slouch_var2.jpg,subject06,front,bad,slouch,var2,0.494342,0.286053,-0.656715,0.999774,0.504492,0.262408,-0.662294,0.999521,0.515333,0.25877,-0.662729,0.999461,0.522878,0.25474,-0.662661,0.99957,0.479587,0.262999,-0.659589,0.999703,0.470783,0.260375,-0.660129,0.999762,0.463706,0.256672,-0.660433,0.999793,0.535498,0.231758,-0.528524,0.999625,0.452817,0.233543,-0.513584,0.999559,0.507909,0.290664,-0.586534,0.999555,0.48206,0.292356,-0.585418,0.999602,0.594579,0.269001,-0.386066,0.999991,0.402113,0.265738,-0.329768,0.99998,0.600093,0.424209,-0.433127,0.985066,0.390272,0.42698,-0.362183,0.989069,0.541706,0.51719,-0.620658,0.980883,0.444672,0.516872,-0.560956,0.988957,0.536475,0.560368,-0.687159,0.969385,0.447627,0.561491,-0.622848,0.978341,0.511113,0.551346,-0.712209,0.973928,0.468845,0.555748,-0.649923,0.982475,0.510269,0.537842,-0.631477,0.955475,0.469383,0.541472,-0.576091,0.969337,0.550368,0.493475,-0.007957,0.999864,0.442163,0.490313,0.00776,0.999871,0.531966,0.601108,-0.430198,0.931043,0.442196,0.59426,-0.442607,0.976505,0.521923,0.861595,-0.31117,0.906021,0.452126,0.862115,-0.327434,0.934643,0.518468,0.888572,-0.307677,0.716856,0.460493,0.889074,-0.319286,0.7191,0.517456,0.960267,-0.510724,0.955302,0.462216,0.958584,-0.510424,0.961559
subject07_front_bad_asymmetricalLean_var1.jpg,subject07,front,bad,asymmetricalLean,var1,0.615982,0.174855,-0.464315,0.999943,0.638166,0.158412,-0.410184,0.999813,0.65104,0.160643,-0.410628,0.999786,0.661905,0.162875,-0.410595,0.999824,0.600236,0.153435,-0.424625,0.999904,0.587744,0.152269,-0.425256,0.999916,0.577027,0.151565,-0.42551,0.999931,0.668516,0.170771,-0.129879,0.999859,0.555298,0.156231,-0.193227,0.999885,0.630094,0.197273,-0.356254,0.999955,0.588364,0.191017,-0.379394,0.999967,0.706188,0.301509,-0.018105,0.999985,0.409239,0.275325,-0.078618,0.999981,0.710331,0.402413,-0.204702,0.984224,0.337025,0.416509,-0.114484,0.98676,0.695189,0.439852,-0.728139,0.993674,0.345102,0.523401,-0.352725,0.995882,0.683388,0.479295,-0.843944,0.993287,0.336559,0.557068,-0.432705,0.99524,0.656417,0.464764,-0.891554,0.994019,0.365946,0.551835,-0.493576,0.995724,0.650296,0.455564,-0.758192,0.990716,0.376718,0.543535,-0.382412,0.99337,0.581823,0.55562,0.029397,0.999972,0.421013,0.552028,-0.030033,0.999967,0.669467,0.631225,-0.749141,0.992254,0.338906,0.641372,-0.790315,0.992311,0.647785,0.862532,-0.543611,0.98301,0.362847,0.867896,-0.489351,0.983781,0.619033,0.883194,-0.536578,0.906208,0.378584,0.889991,-0.465666,0.883994,0.666362,0.950275,-0.836055,0.982752,0.337184,0.951673,-0.738797,0.975205
subject07_front_bad_asymmetricalLean_var2.jpg,subject07,front,bad,asymmetricalLean,var2,0.402388,0.179296,-0.273412,0.999847,0.406521,0.15677,-0.234259,0.99975,0.418901,0.152598,-0.234678,0.999696,0.431293,0.149152,-0.234534,0.999836,0.378808,0.166173,-0.211661,0.99972,0.370406,0.168443,-0.212389,0.999691,0.360735,0.170733,-0.212792,0.999735,0.458057,0.147476,-0.033334,0.99989,0.363596,0.178632,0.074899,0.999287,0.435167,0.189175,-0.196021,0.999918,0.401203,0.200711,-0.168979,0.999804,0.631213,0.259909,0.039893,0.999983,0.357206,0.282432,0.140288,0.999678,0.710528,0.410351,-0.095345,0.988028,0.238617,0.37364,-0.310397,0.964957,0.680581,0.499516,-0.405484,0.991426,0.326414,0.232011,-0.860815,0.943047,0.680918,0.534994,-0.481203,0.987449,0.356289,0.200275,-0.979864,0.900977,0.644893,0.52024,-0.511605,0.987926,0.368645,0.197541,-0.939722,0.886271,0.636945,0.512333,-0.419362,0.980383,0.369418,0.207744,-0.862249,0.844976,0.600545,0.52607,-0.018697,0.999973,0.424295,0.528167,0.018305,0.999958,0.670168,0.606355,-0.905169,0.990649,0.331576,0.620788,-0.838467,0.991852,0.64741,0.85602,-0.625152,0.988276,0.359966,0.861793,-0.635681,0.988556,0.622748,0.879155,-0.611753,0.933833,0.386397,0.886359,-0.622484,0.928672,0.665102,0.946437,-0.969716,0.98128,0.345018,0.950919,-0.95949,0.981951
subject07_front_bad_forwardHead_var1.jpg,subject07,front,bad,forwardHead,var1,0.505861,0.30044,-0.530067,0.989999,0.527123,0.275939,-0.538544,0.976731,0.541115,0.27311,-0.538957,0.968498,0.553184,0.269759,-0.538949,0.982215,0.489461,0.277164,-0.533119,0.982301,0.478002,0.274932,-0.533848,0.979547,0.465999,0.271246,-0.534309,0.98535,0.580326,0.249798,-0.399327,0.991384,0.452268,0.250737,-0.37384,0.981725,0.527718,0.31067,-0.455278,0.986669,0.486975,0.310369,-0.452244,0.982159,0.67704,0.29833,-0.274584,0.999909,0.355985,0.297408,-0.194627,0.999619,0.775894,0.441087,-0.389622,0.794099,0.258927,0.432618,-0.357399,0.642323,0.58396,0.462275,-0.520984,0.190001,0.421082,0.458865,-0.537451,0.101636,0.546363,0.468513,-0.556694,0.134519,0.466419,0.462665,-0.582139,0.072073,0.542944,0.45442,-0.528601,0.1259,0.474642,0.443314,-0.540201,0.063372,0.545991,0.45719,-0.50425,0.090323,0.464635,0.440935,-0.52312,0.046165,0.597123,0.549405,-0.020366,0.999884,0.426146,0.553242,0.020017,0.999868,0.669633,0.640653,-0.420344,0.897231,0.338207,0.648334,-0.428969,0.950857,0.64777,0.866691,-0.303426,0.92837,0.371279,0.870913,-0.336574,0.943286,0.621776,0.892782,-0.298025,0.763684,0.402776,0.90025,-0.327832,0.77813,0.671005,0.953168,-0.490957,0.894915,0.351834,0.955676,-0.508466,0.901143
subject07_front_bad_forwardHead_var2.jpg,subject07,front,bad,forwardHead,var2,0.514023,0.207287,-0.460884,0.993179,0.533419,0.18803,-0.428269,0.985045,0.546335,0.186998,-0.428723,0.98271,0.558287,0.185493,-0.428697,0.987961,0.497393,0.188155,-0.432355,0.989696,0.487936,0.187318,-0.433245,0.991104,0.478595,0.18623,-0.433855,0.994289,0.573016,0.185417,-0.188218,0.990189,0.461541,0.186241,-0.207531,0.988947,0.536266,0.225705,-0.358493,0.985301,0.492104,0.227033,-0.368473,0.984796,0.656883,0.286394,-0.030566,0.999813,0.369235,0.280984,-0.048283,0.999581,0.6447,0.446534,0.074382,0.150563,0.358903,0.430067,-0.021516,0.105648,0.571818,0.533376,0.027988,0.017522,0.472734,0.493891,-0.094012,0.019665,0.556175,0.560749,0.00792,0.024035,0.508864,0.527477,-0.129723,0.028935,0.559104,0.54427,-0.027501,0.024735,0.507802,0.503698,-0.145228,0.027933,0.558935,0.532842,0.018238,0.021638,0.501159,0.492139,-0.099953,0.023451,0.585487,0.539412,0.011201,0.999984,0.422809,0.539443,-0.011539,0.999982,0.664818,0.615151,-0.645771,0.975323,0.333535,0.62932,-0.751483,0.979908,0.650225,0.860757,-0.518386,0.972315,0.370674,0.861582,-0.583794,0.980496,0.625082,0.883344,-0.517145,0.865179,0.392608,0.890363,-0.571566,0.88738,0.669921,0.948294,-0.819979,0.959214,0.344922,0.951921,-0.862659,0.963741
subject07_front_bad_slidingDown_var1.jpg,subject07,front,bad,slidingDown,var1,0.541633,0.301449,-0.492034,1.0,0.555676,0.276268,-0.464601,1.0,0.565919,0.275931,-0.464911,1.0,0.573607,0.276202,-0.464839,1.0,0.530016,0.277189,-0.462043,1.0,0.52174,0.277304,-0.462563,1.0,0.514669,0.277834,-0.462679,1.0,0.586735,0.283315,-0.283592,1.0,0.504795,0.286165,-0.269178,1.0,0.558834,0.321381,-0.418819,1.0,0.529501,0.320857,-0.417667,1.0,0.651421,0.395199,-0.159176,1.0,0.44398,0.395099,-0.129322,1.0,0.686203,0.53548,-0.318406,0.993909,0.400529,0.533497,-0.231958,0.997631,0.632159,0.553821,-0.670066,0.993435,0.44244,0.55445,-0.538309,0.999325,0.621728,0.574568,-0.750793,0.995449,0.453217,0.571789,-0.61422,0.999529,0.595454,0.554758,-0.775595,0.995384,0.476826,0.55598,-0.639766,0.999528,0.590869,0.553783,-0.684801,0.993193,0.480616,0.552537,-0.554847,0.999086,0.606302,0.579221,-0.013165,0.999951,0.47239,0.578026,0.012756,0.999962,0.622017,0.667294,-0.495964,0.989658,0.424437,0.663667,-0.548897,0.994243,0.640438,0.863008,-1.027204,0.980472,0.371336,0.867511,-1.089108,0.988427,0.626652,0.964077,-1.096575,0.995341,0.377819,0.958791,-1.153738,0.994867,0.688887,0.824875,-1.323683,0.997787,0.316722,0.839011,-1.366095,0.99785
subject07_front_bad_slidingDown_var2.jpg,subject07,front,bad,slidingDown,var2,0.519069,0.333942,-0.354885,1.0,0.532608,0.307897,-0.335521,1.0,0.544941,0.305427,-0.335673,1.0,0.555642,0.302785,-0.335501,1.0,0.503701,0.309461,-0.322557,1.0,0.496013,0.308577,-0.323078,1.0,0.488557,0.306955,-0.323,1.0,0.57029,0.291371,-0.161589,1.0,0.485584,0.296494,-0.104674,1.0,0.537819,0.349043,-0.281484,1.0,0.508487,0.350798,-0.267713,1.0,0.636057,0.343793,-0.120137,0.999998,0.443892,0.343698,-0.025482,0.999999,0.615369,0.423999,-0.564896,0.918421,0.371592,0.393805,-0.437066,0.9343,0.470626,0.417818,-0.986346,0.674161,0.334959,0.396262,-0.935503,0.942932,0.435966,0.412667,-1.076624,0.774551,0.296736,0.398238,-1.034115,0.968906,0.418127,0.409144,-1.064835,0.749625,0.333796,0.399416,-1.026206,0.965672,0.422584,0.417884,-0.989858,0.677679,0.351963,0.402775,-0.947622,0.949142,0.60323,0.561449,-0.006464,0.999907,0.47391,0.560856,0.005807,0.99995,0.641004,0.663855,-0.564256,0.747126,0.427287,0.658876,-0.614863,0.875731,0.659734,0.868974,-1.125513,0.234716,0.382606,0.857025,-1.278039,0.667226,0.653869,0.948781,-1.199077,0.834961,0.386325,0.935826,-1.358681,0.95559,0.718726,0.814752,-1.419179,0.871172,0.341327,0.814383,-1.590241,0.968595
subject07_front_bad_slouch_var1.jpg,subject07,front,bad,slouch,var1,0.503045,0.256211,-0.757704,0.999719,0.520871,0.231605,-0.735516,0.999128,0.534014,0.228646,-0.736027,0.999036,0.548271,0.225448,-0.735883,0.99918,0.485598,0.233755,-0.731871,0.999419,0.475057,0.232422,-0.732752,0.999553,0.466095,0.229663,-0.733217,0.999621,0.564743,0.215479,-0.470151,0.99924,0.449968,0.216347,-0.451683,0.99919,0.527369,0.265762,-0.638272,0.999364,0.488936,0.267954,-0.637995,0.999479,0.655631,0.280106,-0.269175,0.99997,0.363038,0.283779,-0.202477,0.999943,0.709597,0.428898,-0.325039,0.992094,0.304465,0.429961,-0.231679,0.991127,0.682173,0.523694,-0.645142,0.994315,0.341682,0.525256,-0.522766,0.995833,0.693959,0.558197,-0.728045,0.991527,0.331409,0.559864,-0.59636,0.993412,0.658749,0.54653,-0.776784,0.992255,0.362243,0.551671,-0.647799,0.994144,0.645713,0.538488,-0.666384,0.987744,0.375439,0.541004,-0.548813,0.991042,0.585708,0.547446,-0.01004,0.999865,0.418219,0.54818,0.00955,0.999858,0.694155,0.615368,-0.830866,0.993974,0.332613,0.634076,-0.8352,0.99585,0.641724,0.864287,-0.664607,0.99339,0.381085,0.866778,-0.64956,0.992562,0.620204,0.887348,-0.66338,0.959514,0.405175,0.887082,-0.639394,0.956432,0.659356,0.94992,-1.004283,0.992648,0.368358,0.953298,-0.962011,0.99035
subject07_front_bad_slouch_var2.jpg,subject07,front,bad,slouch,var2,0.498264,0.316965,-0.781669,0.945094,0.518103,0.293284,-0.776306,0.864662,0.530958,0.290206,-0.776774,0.849022,0.541736,0.286956,-0.776768,0.890852,0.484165,0.293877,-0.768588,0.895673,0.475608,0.291408,-0.769349,0.913486,0.465843,0.288482,-0.769917,0.932254,0.560401,0.270516,-0.557417,0.950891,0.454379,0.269854,-0.522168,0.906534,0.520503,0.324541,-0.676475,0.953314,0.482749,0.32399,-0.670873,0.944686,0.659233,0.322841,-0.359289,0.999805,0.358675,0.323095,-0.269618,0.999387,0.752264,0.468937,-0.507294,0.795728,0.277516,0.466735,-0.473475,0.528207,0.593519,0.483155,-0.793274,0.272225,0.411573,0.488138,-0.862827,0.14642,0.545878,0.486878,-0.865416,0.215573,0.458339,0.497849,-0.953087,0.132916,0.54361,0.472498,-0.85909,0.207846,0.467688,0.474364,-0.930839,0.125194,0.554637,0.469056,-0.789371,0.132661,0.459273,0.469772,-0.861247,0.083826,0.602618,0.575672,-0.020417,0.999797,0.430906,0.576663,0.020108,0.999786,0.675869,0.639039,-0.818472,0.972161,0.348014,0.644883,-0.81976,0.975836,0.637786,0.867026,-0.576332,0.968751,0.377595,0.874649,-0.634252,0.975374,0.615784,0.889984,-0.564531,0.887639,0.400134,0.899539,-0.623662,0.909525,0.647266,0.952998,-0.898812,0.950894,0.364365,0.953206,-0.960227,0.955448
subject08_front_bad_asymmetricalLean_var1.jpg,subject08,front,bad,asymmetricalLean,var1,0.613406,0.206469,-0.231731,0.999729,0.628062,0.187364,-0.189509,0.998899,0.636313,0.18936,-0.189746,0.998794,0.643526,0.191048,-0.189743,0.998775,0.597847,0.180962,-0.196364,0.999576,0.589501,0.180158,-0.19685,0.999688,0.579912,0.179337,-0.197096,0.999754,0.65077,0.203242,0.003942,0.999313,0.565574,0.190269,-0.031304,0.999655,0.626254,0.233631,-0.160302,0.999811,0.589763,0.226722,-0.17435,0.999891,0.666441,0.347498,0.026484,0.999849,0.454175,0.294613,0.044395,0.999959,0.717312,0.458524,-0.232032,0.993146,0.350157,0.422374,-0.100707,0.97368,0.655512,0.284496,-0.565425,0.992648,0.354188,0.509333,-0.381543,0.990544,0.646368,0.249298,-0.635387,0.985147,0.34423,0.552311,-0.440646,0.986691,0.644432,0.235576,-0.616527,0.983796,0.377264,0.547874,-0.45147,0.987265,0.640596,0.251536,-0.563487,0.974589,0.386758,0.53684,-0.392722,0.982591,0.566206,0.613154,0.018925,0.998722,0.425065,0.59429,-0.019269,0.999124,0.573486,0.640072,-0.530791,0.941082,0.40313,0.651117,-0.597699,0.950694,0.551006,0.923951,-0.379882,0.680077,0.412869,0.925112,-0.441963,0.825225,0.538426,0.948601,-0.371241,0.469635,0.426757,0.949625,-0.431033,0.501029,0.534695,1.056952,-0.56511,0.654213,0.422837,1.057084,-0.64362,0.708722
subject08_front_bad_asymmetricalLean_var2.jpg,subject08,front,bad,asymmetricalLean,var2,0.605415,0.175042,-0.303255,0.999621,0.621112,0.15654,-0.268216,0.998346,0.628784,0.159631,-0.26849,0.998016,0.634953,0.162197,-0.268439,0.998156,0.59259,0.149066,-0.274476,0.99938,0.585119,0.148146,-0.274947,0.999519,0.576469,0.146925,-0.275162,0.999661,0.641763,0.177569,-0.085655,0.998087,0.562174,0.152918,-0.118085,0.999285,0.618972,0.199829,-0.232895,0.999308,0.581725,0.192165,-0.246311,0.999663,0.653738,0.302122,-0.055138,0.999853,0.446154,0.235963,-0.029656,0.999962,0.724944,0.38316,-0.313412,0.963408,0.355107,0.359062,-0.149281,0.92939,0.644551,0.234923,-0.638405,0.952574,0.351617,0.448844,-0.380474,0.978131,0.636435,0.200017,-0.707665,0.927508,0.338263,0.488845,-0.43367,0.972093,0.631163,0.189363,-0.690069,0.921093,0.367698,0.484962,-0.447058,0.972852,0.628168,0.206213,-0.636986,0.884463,0.376932,0.474699,-0.391875,0.961356,0.551059,0.557847,0.01247,0.999785,0.414525,0.535246,-0.012821,0.999844,0.559808,0.576587,-0.495017,0.899062,0.385735,0.584729,-0.555895,0.908923,0.527465,0.850413,-0.334312,0.737228,0.404957,0.848407,-0.371355,0.813913,0.514147,0.878454,-0.324783,0.50909,0.417053,0.875617,-0.356718,0.503785,0.517129,0.949946,-0.504323,0.770482,0.408996,0.947958,-0.546603,0.755098
subject08_front_bad_forwardHead_var1.jpg,subject08,front,bad,forwardHead,var1,0.558972,0.229251,-0.611375,0.999235,0.566408,0.203163,-0.588192,0.99733,0.573636,0.202564,-0.588693,0.997837,0.579248,0.201486,-0.588714,0.997985,0.54297,0.201763,-0.608148,0.998119,0.533834,0.199997,-0.608637,0.998767,0.523642,0.197948,-0.60892,0.998635,0.566449,0.20353,-0.382292,0.999057,0.489778,0.19601,-0.472741,0.997585,0.565908,0.25043,-0.520926,0.999191,0.536125,0.24777,-0.550976,0.999177,0.609222,0.286761,-0.257603,0.999977,0.382058,0.267067,-0.300265,0.999837,0.667943,0.442233,-0.396944,0.989767,0.287913,0.430014,-0.459262,0.966094,0.593679,0.43972,-0.773363,0.992407,0.366269,0.452161,-0.810403,0.982384,0.58479,0.441931,-0.860633,0.989241,0.382705,0.454365,-0.899824,0.98154,0.561024,0.426039,-0.873606,0.989933,0.400888,0.433376,-0.906301,0.983564,0.556332,0.431226,-0.784737,0.982188,0.400892,0.434571,-0.821087,0.969087,0.543757,0.573573,0.02479,0.998332,0.394543,0.564505,-0.024873,0.997471,0.559872,0.618985,-0.578166,0.956685,0.395271,0.609487,-0.64608,0.938163,0.535168,0.901117,-0.353707,0.80078,0.416998,0.891627,-0.412915,0.80982,0.525998,0.928328,-0.33951,0.669686,0.422976,0.912566,-0.395646,0.584628,0.514758,0.987307,-0.546042,0.790013,0.432266,0.982015,-0.617501,0.72719
subject08_front_bad_forwardHead_var2.jpg,subject08,front,bad,forwardHead,var2,0.559227,0.200698,-0.426532,0.999556,0.566731,0.174578,-0.394354,0.998566,0.574244,0.174234,-0.394648,0.998461,0.579406,0.173893,-0.394605,0.998454,0.540021,0.174259,-0.407333,0.999337,0.530364,0.174431,-0.407806,0.999536,0.518716,0.173856,-0.408059,0.999598,0.576867,0.180683,-0.170484,0.998917,0.492923,0.178534,-0.232712,0.999301,0.569391,0.217918,-0.334189,0.999446,0.534395,0.222071,-0.355862,0.999667,0.621498,0.268389,-0.065182,0.999953,0.39681,0.250097,-0.080448,0.999966,0.632721,0.430748,-0.304973,0.960253,0.301222,0.407496,-0.28526,0.927907,0.574551,0.280601,-0.716627,0.983701,0.387372,0.426106,-0.651873,0.974264,0.58253,0.239774,-0.796232,0.974665,0.396723,0.423994,-0.727663,0.96901,0.584746,0.228623,-0.790075,0.972736,0.423792,0.405648,-0.72014,0.968952,0.57554,0.242703,-0.720297,0.946125,0.425675,0.410057,-0.656336,0.945827,0.556766,0.548008,0.019493,0.999516,0.412566,0.54287,-0.019697,0.999632,0.569435,0.593225,-0.620311,0.946685,0.409186,0.59193,-0.712018,0.937831,0.543079,0.875552,-0.411267,0.842117,0.42422,0.867406,-0.501139,0.892225,0.532129,0.89958,-0.398593,0.685581,0.436444,0.892434,-0.486119,0.68688,0.529775,0.963045,-0.624422,0.847072,0.436386,0.959404,-0.728857,0.85123
subject08_front_bad_slidingDown_var1.jpg,subject08,front,bad,slidingDown,var1,0.492003,0.228696,-0.137639,1.0,0.507377,0.210557,-0.09326,1.0,0.515221,0.211812,-0.093541,0.999999,0.526572,0.213845,-0.093344,0.999999,0.478374,0.20887,-0.092533,1.0,0.468669,0.209761,-0.092973,1.0,0.461067,0.21002,-0.093038,1.0,0.53944,0.231902,0.076177,0.999999,0.445675,0.225083,0.081187,0.999999,0.512892,0.25455,-0.079384,1.0,0.472325,0.252527,-0.081744,1.0,0.605034,0.342579,0.068764,0.999997,0.381212,0.341202,0.090797,0.999998,0.69248,0.417563,-0.228998,0.974499,0.299789,0.396613,-0.22859,0.99073,0.738056,0.436639,-0.681914,0.991443,0.252167,0.44413,-0.676867,0.999003,0.767501,0.467729,-0.779731,0.992213,0.22468,0.478577,-0.782849,0.998631,0.740315,0.468199,-0.818241,0.993245,0.261472,0.47027,-0.803375,0.99874,0.719639,0.462651,-0.709369,0.990974,0.276106,0.463818,-0.702115,0.998117,0.577682,0.527183,-0.005259,0.999818,0.415153,0.525218,0.004465,0.999861,0.597411,0.570127,-0.448095,0.851723,0.429395,0.581986,-0.479436,0.874984,0.633385,0.911235,-0.548389,0.624272,0.391613,0.903641,-0.663058,0.800431,0.628352,0.954544,-0.571978,0.413393,0.394717,0.950761,-0.690155,0.578184,0.62629,0.992231,-0.793963,0.686906,0.367564,1.002968,-0.902464,0.807175
subject08_front_bad_slidingDown_var2.jpg,subject08,front,bad,slidingDown,var2,0.487582,0.20799,-0.048998,1.0,0.503524,0.191152,-3.4e-05,1.0,0.51326,0.193064,-0.000257,1.0,0.522394,0.194873,-0.000123,1.0,0.47612,0.188959,0.003295,1.0,0.46786,0.189473,0.002938,1.0,0.460099,0.190238,0.003125,1.0,0.538913,0.209115,0.183969,1.0,0.447469,0.204881,0.201305,1.0,0.50666,0.233766,0.014185,1.0,0.471196,0.231646,0.01589,1.0,0.601436,0.321954,0.157305,1.0,0.382516,0.313326,0.184486,1.0,0.692331,0.399425,-0.193691,0.98629,0.306864,0.383986,-0.206652,0.982003,0.733667,0.42636,-0.657962,0.984852,0.270269,0.411134,-0.705473,0.997314,0.755615,0.458376,-0.751121,0.985853,0.238547,0.447905,-0.813303,0.997045,0.728565,0.45983,-0.787095,0.98602,0.273052,0.452971,-0.836327,0.996947,0.710657,0.45557,-0.684634,0.981156,0.29169,0.4463,-0.733143,0.995659,0.562803,0.500435,-0.013121,0.999964,0.420383,0.502163,0.012376,0.999967,0.554038,0.652621,-0.492394,0.852485,0.441698,0.638918,-0.520611,0.664475,0.522099,0.843299,-1.096869,0.222966,0.457354,0.836949,-1.060269,0.17151,0.508041,0.95128,-1.175418,0.829664,0.47238,0.946184,-1.126665,0.840882,0.489174,0.811441,-1.423807,0.893908,0.471405,0.80234,-1.3299,0.865655
subject08_front_bad_slouch_var1.jpg,subject08,front,bad,slouch,var1,0.495625,0.224518,-0.760138,0.999555,0.511639,0.200521,-0.73525,0.998707,0.521866,0.199437,-0.735727,0.998834,0.53122,0.1993,-0.735707,0.99881,0.482591,0.198463,-0.734121,0.99902,0.472195,0.197071,-0.734732,0.999343,0.463857,0.195403,-0.735132,0.999279,0.547979,0.202453,-0.503903,0.999295,0.449705,0.197014,-0.498736,0.99848,0.514426,0.241958,-0.66055,0.999319,0.476907,0.242463,-0.663025,0.999315,0.604653,0.280601,-0.32386,0.999943,0.384,0.279975,-0.292966,0.999848,0.669731,0.452129,-0.472304,0.994986,0.308543,0.448835,-0.445796,0.978786,0.602465,0.452809,-0.868469,0.995968,0.390752,0.453105,-0.851803,0.993172,0.599458,0.459461,-0.959135,0.993353,0.391783,0.454571,-0.948685,0.99121,0.572122,0.443165,-0.977324,0.993541,0.420001,0.440763,-0.954971,0.991825,0.564959,0.448598,-0.880695,0.988733,0.424035,0.443386,-0.863389,0.984853,0.566396,0.562989,0.00953,0.9961,0.417999,0.562291,-0.009745,0.995661,0.581001,0.602164,-0.715667,0.962115,0.408801,0.592133,-0.695615,0.953524,0.56992,0.901088,-0.477023,0.801001,0.439041,0.904611,-0.501253,0.858201,0.558269,0.933647,-0.463084,0.693306,0.446628,0.931433,-0.489708,0.672468,0.548077,0.994855,-0.701985,0.762497,0.454041,0.987841,-0.745698,0.760012
subject08_front_bad_slouch_var2.jpg,subject08,front,bad,slouch,var2,0.499231,0.192604,-0.31715,0.999976,0.514033,0.172889,-0.278714,0.999925,0.524043,0.173589,-0.279077,0.999911,0.533244,0.174489,-0.278967,0.999923,0.487844,0.171895,-0.276496,0.999955,0.477482,0.172347,-0.276916,0.99996,0.471322,0.172722,-0.277069,0.999957,0.546236,0.183988,-0.079605,0.999927,0.457397,0.182198,-0.069828,0.999884,0.5186,0.213566,-0.24212,0.999963,0.48319,0.213487,-0.243,0.999965,0.604786,0.270279,-0.038997,0.999986,0.38856,0.273702,0.004135,0.999964,0.683637,0.359447,-0.285716,0.992353,0.3215,0.358724,-0.289423,0.977892,0.712511,0.398215,-0.716925,0.997551,0.293064,0.404558,-0.759515,0.995745,0.734788,0.441246,-0.814164,0.996977,0.274503,0.449123,-0.862175,0.994892,0.700777,0.44209,-0.849815,0.997342,0.300632,0.44201,-0.890294,0.995505,0.68581,0.433907,-0.740937,0.995691,0.32029,0.433716,-0.786195,0.993099,0.565661,0.524593,-0.000777,0.999733,0.419842,0.524653,0.00029,0.999648,0.578277,0.550765,-0.614493,0.922483,0.417792,0.549485,-0.636477,0.91978,0.565793,0.851248,-0.535028,0.880375,0.440746,0.853804,-0.549864,0.896601,0.554908,0.878675,-0.538892,0.674786,0.450691,0.877966,-0.548527,0.689446,0.54179,0.955661,-0.788974,0.906072,0.449971,0.95419,-0.782534,0.894554
subject09_front_bad_asymmetricalLean_var1.jpg,subject09,front,bad,asymmetricalLean,var1,0.689611,0.210104,-0.191752,0.999975,0.709732,0.190733,-0.157927,0.999916,0.717311,0.19418,-0.158075,0.999869,0.723594,0.196557,-0.158022,0.999872,0.682544,0.173602,-0.165872,0.999971,0.67424,0.167993,-0.16641,0.999973,0.667485,0.163727,-0.166668,0.999982,0.724312,0.202661,0.044716,0.999882,0.648792,0.164654,0.003713,0.999973,0.694726,0.23483,-0.110227,0.999952,0.661461,0.222612,-0.126052,0.999974,0.736757,0.324916,0.106497,0.999873,0.519,0.262767,0.125804,0.999984,0.770342,0.460098,-0.067983,0.984253,0.426984,0.412113,0.054818,0.981133,0.75144,0.267207,-0.361815,0.987617,0.419778,0.519064,-0.163066,0.992547,0.746457,0.224309,-0.421296,0.977203,0.407962,0.568274,-0.20941,0.988808,0.733184,0.217736,-0.410851,0.975157,0.437661,0.562237,-0.226352,0.988458,0.72679,0.234215,-0.361161,0.960281,0.445904,0.548799,-0.173568,0.982818,0.596706,0.60376,-0.01147,0.999074,0.462569,0.57704,0.011034,0.999486,0.620894,0.662193,-0.419584,0.802326,0.295807,0.641701,-0.430423,0.88916,0.574079,0.980403,-0.382625,0.43345,0.348126,0.983989,-0.359669,0.573411,0.559659,1.007596,-0.385517,0.305943,0.372957,1.012904,-0.357202,0.409798,0.58865,1.104589,-0.530778,0.341589,0.293367,1.089353,-0.512622,0.363688
subject09_front_bad_asymmetricalLean_var2.jpg,subject09,front,bad,asymmetricalLean,var2,0.321671,0.276585,-0.344385,0.999957,0.319649,0.244866,-0.318969,0.999926,0.327036,0.236844,-0.319308,0.999899,0.334473,0.229259,-0.319216,0.999957,0.299379,0.262817,-0.311698,0.999909,0.293283,0.266279,-0.312315,0.999864,0.286894,0.269802,-0.312563,0.999881,0.351087,0.22137,-0.180862,0.999962,0.288931,0.273321,-0.13891,0.999632,0.348775,0.278865,-0.288592,0.999935,0.322314,0.300484,-0.27957,0.99982,0.496762,0.265539,-0.119922,0.999972,0.30079,0.37956,-0.053245,0.99892,0.619467,0.368477,-0.262278,0.984143,0.168034,0.433022,-0.151844,0.973204,0.669865,0.462789,-0.483663,0.981752,0.241736,0.290753,-0.128911,0.666287,0.700382,0.498101,-0.53441,0.973205,0.267748,0.257058,-0.138535,0.416307,0.674693,0.501969,-0.548521,0.973262,0.278845,0.259462,-0.112164,0.371339,0.656185,0.496526,-0.491435,0.965595,0.27728,0.275195,-0.117849,0.370775,0.600578,0.520338,-0.024982,0.999472,0.472033,0.56758,0.024304,0.999089,0.705509,0.59023,-0.704962,0.806243,0.378746,0.615615,-0.558463,0.740781,0.673335,0.912645,-0.786245,0.621453,0.423962,0.931518,-0.658095,0.640975,0.650517,0.954594,-0.803597,0.516506,0.463659,0.957184,-0.673994,0.5218,0.722011,0.990721,-1.028045,0.533428,0.401998,1.064835,-0.854067,0.531424
subject09_front_bad_forwardHead_var1.jpg,subject09,front,bad,forwardHead,var1,0.386693,0.2832,-0.666536,0.997895,0.405678,0.251994,-0.664269,0.99439,0.418381,0.250406,-0.664731,0.994263,0.429867,0.248755,-0.664717,0.995439,0.382432,0.250682,-0.639616,0.995007,0.377611,0.248577,-0.640315,0.99632,0.373087,0.24575,-0.640773,0.996513,0.467207,0.238479,-0.487076,0.998112,0.382947,0.235742,-0.376888,0.994109,0.41231,0.302141,-0.581948,0.998068,0.380197,0.298584,-0.55384,0.997218,0.583766,0.278742,-0.298791,0.999921,0.325585,0.29759,-0.155992,0.999767,0.658295,0.496708,-0.451068,0.99321,0.295435,0.510102,-0.278323,0.79489,0.581286,0.498955,-0.815205,0.993986,0.325403,0.487924,-0.695089,0.910877,0.572064,0.498511,-0.907177,0.990941,0.304645,0.49629,-0.789248,0.930797,0.538576,0.482976,-0.931652,0.991588,0.34006,0.475805,-0.808952,0.937358,0.531702,0.486543,-0.829276,0.98355,0.355338,0.47328,-0.713751,0.899755,0.559259,0.609478,-0.02585,0.997553,0.412255,0.616442,0.025459,0.997048,0.604878,0.660709,-0.69691,0.969661,0.334657,0.65674,-0.638817,0.954047,0.586063,0.978713,-0.502303,0.825498,0.359267,0.977928,-0.494231,0.811796,0.571403,1.00446,-0.494569,0.774957,0.377468,1.001033,-0.488067,0.72702,0.590839,1.095771,-0.748243,0.8232,0.293708,1.060752,-0.730722,0.770233
subject09_front_bad_forwardHead_var2.jpg,subject09,front,bad,forwardHead,var2,0.414446,0.237206,-0.495684,0.967154,0.436781,0.207384,-0.486315,0.944534,0.448872,0.20541,-0.48674,0.935838,0.460243,0.203395,-0.486732,0.952797,0.409516,0.209352,-0.458712,0.957321,0.403319,0.207349,-0.459371,0.96632,0.39684,0.204663,-0.459929,0.974024,0.489369,0.201372,-0.320007,0.981158,0.402022,0.197406,-0.19672,0.95938,0.440423,0.260061,-0.419158,0.972596,0.407849,0.25751,-0.386896,0.966362,0.58795,0.267298,-0.185154,0.999403,0.352834,0.274079,-0.013051,0.998872,0.609671,0.498406,-0.28375,0.887194,0.331173,0.501227,-0.212777,0.846461,0.435773,0.513341,-0.422744,0.736221,0.412459,0.381376,-0.574525,0.919797,0.386096,0.525899,-0.465279,0.677002,0.425108,0.333998,-0.64594,0.898653,0.379064,0.506801,-0.452871,0.661833,0.420314,0.306864,-0.623538,0.892589,0.391323,0.502537,-0.413114,0.51795,0.421036,0.32505,-0.573381,0.822479,0.551178,0.597427,-0.028215,0.994134,0.417961,0.595569,0.027879,0.994788,0.605646,0.648447,-0.746949,0.886932,0.344099,0.647212,-0.725234,0.901209,0.584148,0.970023,-0.604713,0.76513,0.376276,0.974347,-0.592259,0.768394,0.571252,0.998025,-0.601973,0.694815,0.396214,0.997773,-0.585663,0.666784,0.595783,1.099191,-0.882477,0.713543,0.340624,1.080515,-0.856365,0.70896
subject09_front_bad_slidingDown_var1.jpg,subject09,front,bad,slidingDown,var1,0.565783,0.333588,-0.02674,1.0,0.578311,0.309939,0.033133,1.0,0.589183,0.309166,0.032893,1.0,0.600336,0.308829,0.033105,1.0,0.55305,0.310838,0.033043,1.0,0.544638,0.31073,0.032671,1.0,0.536773,0.310382,0.032732,1.0,0.614652,0.316161,0.271778,1.0,0.527486,0.316447,0.274424,1.0,0.583167,0.356678,0.058552,1.0,0.551187,0.356886,0.055924,1.0,0.677282,0.422392,0.277488,0.999998,0.459083,0.420749,0.312959,0.999997,0.720348,0.52769,-0.084496,0.988425,0.394311,0.526086,-0.005944,0.991377,0.716691,0.554991,-0.662805,0.998401,0.368136,0.548694,-0.495505,0.999294,0.728834,0.598385,-0.78318,0.998559,0.340883,0.581544,-0.60665,0.999148,0.692945,0.588349,-0.806621,0.998752,0.376027,0.580186,-0.627225,0.999189,0.683243,0.583303,-0.686313,0.997948,0.396326,0.577605,-0.51939,0.998642,0.612999,0.642217,-0.021701,0.999574,0.470961,0.6381,0.020964,0.999534,0.671757,0.68007,-0.627634,0.949552,0.357474,0.683841,-0.651683,0.949354,0.720771,0.9778,-0.976169,0.82035,0.277429,0.961401,-0.886612,0.815473,0.700742,1.09637,-1.030177,0.885618,0.296633,1.005973,-0.922977,0.884037,0.747895,0.988365,-1.307892,0.866776,0.177009,1.010078,-1.155469,0.827133
subject09_front_bad_slidingDown_var2.jpg,subject09,front,bad,slidingDown,var2,0.563339,0.318715,-0.104938,1.0,0.575146,0.294655,-0.063007,1.0,0.584583,0.294259,-0.063203,1.0,0.592486,0.294956,-0.06305,1.0,0.550689,0.295529,-0.061407,1.0,0.542328,0.294991,-0.061713,1.0,0.535225,0.294207,-0.061554,1.0,0.601392,0.302786,0.119913,1.0,0.524651,0.298878,0.131104,1.0,0.578884,0.338475,-0.036936,1.0,0.546909,0.339155,-0.036721,1.0,0.658296,0.3961,0.141805,1.0,0.460053,0.39326,0.160728,1.0,0.69762,0.479795,-0.156292,0.978903,0.408199,0.488787,-0.098707,0.994321,0.695742,0.51383,-0.579433,0.985725,0.391275,0.506989,-0.455251,0.997919,0.702796,0.552095,-0.666079,0.990399,0.373256,0.539113,-0.53697,0.99831,0.677348,0.538716,-0.687063,0.990516,0.399032,0.537988,-0.553873,0.998283,0.66684,0.531038,-0.597746,0.986184,0.414657,0.533036,-0.474043,0.997288,0.610012,0.574207,-0.012377,0.999981,0.478243,0.567895,0.011781,0.999984,0.632912,0.651499,-0.495,0.993054,0.432158,0.655311,-0.464108,0.994065,0.657724,0.861624,-1.090443,0.96411,0.379859,0.871325,-1.043555,0.974538,0.654524,0.953738,-1.165716,0.993342,0.371285,0.956387,-1.11224,0.994329,0.710179,0.791689,-1.378722,0.996202,0.323368,0.784185,-1.299289,0.996156
subject09_front_bad_slouch_var1.jpg,subject09,front,bad,slouch,var1,0.496904,0.217946,-0.431719,0.999141,0.5102,0.188722,-0.416536,0.996849,0.520347,0.186276,-0.416921,0.996776,0.52838,0.183512,-0.416881,0.997257,0.484516,0.189914,-0.412264,0.997697,0.476341,0.188119,-0.412834,0.998289,0.467112,0.185452,-0.413135,0.998432,0.54338,0.172507,-0.233295,0.998138,0.454238,0.170847,-0.213706,0.996556,0.516636,0.23233,-0.348747,0.998292,0.481157,0.233977,-0.346973,0.998104,0.615414,0.258004,-0.108324,0.999962,0.384023,0.25691,-0.039597,0.999907,0.668995,0.443277,-0.248895,0.975733,0.320925,0.451334,-0.139641,0.925231,0.5944,0.456669,-0.581625,0.981011,0.398018,0.451269,-0.463141,0.978566,0.593773,0.453596,-0.658841,0.971727,0.407554,0.451361,-0.536188,0.977579,0.561665,0.434296,-0.665062,0.972338,0.431833,0.430745,-0.545303,0.978916,0.553509,0.439265,-0.5873,0.950628,0.435266,0.432396,-0.47407,0.959695,0.565082,0.559758,-0.001464,0.99815,0.420165,0.557393,0.001192,0.998066,0.614856,0.621597,-0.559954,0.825359,0.361934,0.623175,-0.568362,0.898964,0.601996,0.932844,-0.416697,0.587821,0.38026,0.94968,-0.486667,0.754446,0.589243,0.970809,-0.412025,0.500842,0.388792,0.971789,-0.485402,0.51176,0.647111,0.991939,-0.624039,0.580151,0.36729,1.017658,-0.717627,0.65683
subject09_front_bad_slouch_var2.jpg,subject09,front,bad,slouch,var2,0.498278,0.207056,-0.639497,0.999643,0.506734,0.179526,-0.623236,0.998513,0.515978,0.176918,-0.623663,0.998142,0.525467,0.174576,-0.623589,0.998582,0.48576,0.181653,-0.618321,0.99919,0.479149,0.180545,-0.61899,0.999311,0.470399,0.178638,-0.619407,0.999509,0.543666,0.162542,-0.453014,0.998087,0.460349,0.163367,-0.428803,0.99862,0.514071,0.220869,-0.564548,0.998833,0.485295,0.223746,-0.561572,0.999145,0.621991,0.262371,-0.31701,0.999948,0.389516,0.258695,-0.273716,0.999942,0.665833,0.446624,-0.26112,0.947565,0.331862,0.450237,-0.2717,0.967008,0.697644,0.631269,-0.311607,0.881183,0.30188,0.639072,-0.374834,0.946515,0.705882,0.700991,-0.337127,0.81713,0.289701,0.710165,-0.409887,0.89322,0.680798,0.70478,-0.392437,0.834902,0.312031,0.713686,-0.460292,0.905687,0.666447,0.685926,-0.330835,0.806017,0.325139,0.693179,-0.398068,0.887347,0.565148,0.545669,-0.004707,0.999649,0.428534,0.548325,0.004162,0.999705,0.600376,0.574464,-0.640592,0.903903,0.391555,0.567395,-0.59414,0.905484,0.593783,0.88837,-0.515842,0.784018,0.397336,0.878173,-0.493279,0.839095,0.578956,0.9362,-0.513371,0.550547,0.406247,0.912581,-0.489298,0.573804,0.616418,0.980098,-0.738279,0.821188,0.383769,0.986805,-0.710802,0.835496
subject10_front_bad_asymmetricalLean_var1.jpg,subject10,front,bad,asymmetricalLean,var1,0.638654,0.197038,-0.483139,0.999984,0.665721,0.183399,-0.423332,0.999957,0.677735,0.186946,-0.423991,0.999956,0.688609,0.190593,-0.424006,0.999964,0.629919,0.170425,-0.433431,0.999972,0.616295,0.166403,-0.434056,0.999976,0.606251,0.163347,-0.434298,0.999975,0.687819,0.202487,-0.122328,0.999972,0.579271,0.16688,-0.17109,0.999917,0.649465,0.221213,-0.368109,0.999979,0.603458,0.21049,-0.38746,0.999979,0.709815,0.310938,-0.035878,0.999989,0.424503,0.275071,-0.012912,0.99995,0.729849,0.450996,-0.248135,0.989403,0.316032,0.406226,-0.259922,0.917475,0.657472,0.438422,-0.789464,0.993524,0.354,0.429443,-0.812932,0.965426,0.641943,0.44637,-0.916139,0.992013,0.325936,0.443146,-0.939251,0.972215,0.625501,0.426332,-0.940958,0.992578,0.3744,0.425567,-0.972492,0.97489,0.620994,0.425282,-0.809378,0.988103,0.391356,0.423874,-0.841643,0.964542,0.600287,0.544191,0.020778,0.999935,0.420221,0.527909,-0.021303,0.999897,0.587,0.625865,-0.576278,0.968126,0.42523,0.621632,-0.752859,0.96661,0.59037,0.863252,-0.330518,0.935058,0.430838,0.865179,-0.483777,0.956445,0.577263,0.881178,-0.321769,0.773324,0.437991,0.88386,-0.465653,0.787557,0.560886,0.949591,-0.635934,0.931365,0.436295,0.954192,-0.77307,0.931934
subject10_front_bad_asymmetricalLean_var2.jpg,subject10,front,bad,asymmetricalLean,var2,0.442761,0.181057,-0.578915,0.999553,0.45643,0.157196,-0.537586,0.998805,0.471466,0.154627,-0.538177,0.998768,0.480857,0.153283,-0.538076,0.99916,0.415944,0.167504,-0.524187,0.999141,0.403509,0.17069,-0.525053,0.999294,0.392057,0.173099,-0.525498,0.999415,0.502336,0.1582,-0.286754,0.999186,0.384981,0.182229,-0.224381,0.997675,0.47693,0.193872,-0.47819,0.99947,0.433024,0.203699,-0.465514,0.999288,0.645452,0.279351,-0.169414,0.999972,0.34149,0.290156,-0.04541,0.999877,0.719197,0.426357,-0.321781,0.925632,0.275927,0.432972,-0.261472,0.545838,0.598171,0.436862,-0.68912,0.841347,0.370779,0.436999,-0.780094,0.387729,0.58139,0.472596,-0.783504,0.830346,0.408663,0.451132,-0.894676,0.439931,0.565633,0.441379,-0.798013,0.838753,0.420898,0.422303,-0.901639,0.444559,0.569374,0.434783,-0.696828,0.778139,0.408669,0.426518,-0.796698,0.383117,0.594205,0.526815,-0.016115,0.999922,0.41185,0.522783,0.015763,0.999909,0.571202,0.621705,-0.75609,0.847916,0.407373,0.612602,-0.783397,0.83796,0.57901,0.851596,-0.435697,0.788125,0.422193,0.848477,-0.53396,0.864824,0.575258,0.870187,-0.417988,0.601061,0.427757,0.862043,-0.519523,0.567223,0.566554,0.944167,-0.761103,0.803121,0.438264,0.94176,-0.879085,0.827141
subject10_front_bad_forwardHead_var1.jpg,subject10,front,bad,forwardHead,var1,0.507511,0.245731,-0.884363,0.9991,0.527628,0.226096,-0.846999,0.998164,0.541067,0.225973,-0.847543,0.997789,0.552102,0.225672,-0.847452,0.998149,0.488835,0.223606,-0.838312,0.998984,0.477923,0.222443,-0.839119,0.99918,0.465109,0.221672,-0.839592,0.999341,0.570804,0.228031,-0.546267,0.998439,0.447147,0.22362,-0.508292,0.997995,0.525799,0.264175,-0.758466,0.996937,0.480784,0.262906,-0.752436,0.997371,0.665037,0.299251,-0.362595,0.999709,0.358443,0.302713,-0.286852,0.999623,0.673718,0.387877,-0.542873,0.497361,0.348208,0.443758,-0.495005,0.318844,0.580198,0.379859,-0.858085,0.090538,0.459413,0.460153,-0.908799,0.077549,0.553134,0.386699,-0.951929,0.102908,0.487874,0.47836,-1.015515,0.098396,0.553875,0.3662,-0.958189,0.105118,0.498241,0.455457,-1.021242,0.102166,0.559294,0.364934,-0.8647,0.082068,0.492459,0.447547,-0.922143,0.079844,0.596411,0.537409,0.00031,0.999918,0.417428,0.534353,-0.00075,0.999923,0.597859,0.627214,-0.819995,0.940843,0.428098,0.632482,-0.789047,0.951091,0.585586,0.863256,-0.497892,0.913093,0.435602,0.862198,-0.523938,0.967576,0.575114,0.881779,-0.481011,0.745418,0.44167,0.881971,-0.507418,0.821046,0.570103,0.946188,-0.85939,0.910614,0.441072,0.946009,-0.893164,0.950416
subject10_front_bad_forwardHead_var2.jpg,subject10,front,bad,forwardHead,var2,0.519705,0.190691,-0.435467,0.999833,0.54072,0.16783,-0.400423,0.999571,0.553547,0.167597,-0.400822,0.999523,0.565359,0.167777,-0.400736,0.999575,0.503554,0.165978,-0.388817,0.999768,0.492234,0.164903,-0.389534,0.999816,0.48219,0.163907,-0.389878,0.999846,0.583631,0.172602,-0.139176,0.999692,0.468048,0.168049,-0.091375,0.999653,0.543886,0.208259,-0.326976,0.999787,0.497559,0.206355,-0.318187,0.999835,0.659582,0.256843,-0.022019,0.999973,0.371544,0.255244,0.136734,0.999977,0.674193,0.406145,-0.307112,0.973519,0.279637,0.393378,-0.018777,0.815403,0.5783,0.271233,-0.746986,0.988916,0.331886,0.382368,-0.48646,0.964671,0.546591,0.236736,-0.841708,0.9817,0.329046,0.384937,-0.572828,0.96687,0.558385,0.223385,-0.827565,0.980114,0.373768,0.368193,-0.582876,0.967659,0.561203,0.235869,-0.745112,0.958381,0.388382,0.367144,-0.50197,0.948537,0.583291,0.498512,-0.008107,0.999824,0.407981,0.493323,0.007728,0.999854,0.595047,0.574848,-0.739799,0.921279,0.411325,0.564341,-0.832647,0.948244,0.58638,0.820464,-0.514937,0.850707,0.437932,0.816483,-0.632924,0.939046,0.574389,0.843976,-0.505488,0.664515,0.445723,0.835861,-0.621915,0.76564,0.565602,0.905871,-0.827822,0.871284,0.44293,0.90407,-0.960435,0.924302
subject10_front_bad_slidingDown_var1.jpg,subject10,front,bad,slidingDown,var1,0.568553,0.270163,-0.138769,1.0,0.584686,0.255191,-0.103121,1.0,0.591832,0.256445,-0.103319,1.0,0.600046,0.257634,-0.103184,1.0,0.560866,0.250705,-0.09617,1.0,0.553904,0.24942,-0.096606,1.0,0.546281,0.248533,-0.096635,1.0,0.615116,0.267407,0.081969,1.0,0.534597,0.254814,0.114298,1.0,0.583699,0.29271,-0.067907,1.0,0.551797,0.288259,-0.061424,1.0,0.663967,0.357724,0.135341,1.0,0.472166,0.357132,0.192993,1.0,0.706781,0.471764,-0.056476,0.98542,0.438656,0.473104,0.034418,0.974377,0.636883,0.509982,-0.403483,0.984137,0.494659,0.511515,-0.308133,0.994316,0.62841,0.537771,-0.481138,0.98526,0.504523,0.537474,-0.383987,0.995736,0.595815,0.519784,-0.493561,0.985657,0.529178,0.52035,-0.398217,0.995828,0.592907,0.517055,-0.413673,0.976497,0.529364,0.515353,-0.321983,0.992132,0.624754,0.551816,-0.014368,0.999976,0.506221,0.551535,0.013904,0.999979,0.61312,0.642775,-0.5528,0.982392,0.486677,0.63313,-0.554264,0.981002,0.586984,0.857621,-1.027955,0.949242,0.434556,0.839294,-1.027028,0.955316,0.562705,0.915581,-1.090669,0.978375,0.442011,0.913906,-1.08545,0.977557,0.583779,0.837476,-1.37032,0.994082,0.412213,0.817102,-1.347639,0.993058
subject10_front_bad_slidingDown_var2.jpg,subject10,front,bad,slidingDown,var2,0.542602,0.293959,-0.111655,1.0,0.559603,0.271528,-0.091748,1.0,0.569895,0.271578,-0.092047,1.0,0.577718,0.271144,-0.091922,1.0,0.536925,0.268841,-0.074233,1.0,0.529732,0.2677,-0.074638,1.0,0.521555,0.266848,-0.074642,1.0,0.597333,0.275161,0.049114,1.0,0.515278,0.270073,0.125516,1.0,0.558,0.311862,-0.05385,1.0,0.528715,0.307819,-0.03506,1.0,0.651788,0.335018,0.048945,0.999999,0.473761,0.312007,0.201248,0.999998,0.642194,0.429289,-0.28194,0.971271,0.408561,0.374229,-0.113097,0.879403,0.537585,0.398936,-0.631759,0.977447,0.384312,0.379713,-0.574578,0.944533,0.506293,0.390413,-0.708353,0.980549,0.357246,0.381818,-0.661415,0.968707,0.490196,0.382742,-0.706656,0.97938,0.390298,0.379262,-0.662514,0.969134,0.492247,0.388911,-0.635961,0.961608,0.411118,0.38595,-0.590291,0.954622,0.627218,0.544633,-0.031847,0.999874,0.508241,0.545013,0.031232,0.999884,0.605657,0.637809,-0.416026,0.903404,0.490555,0.640729,-0.414429,0.893293,0.590454,0.841455,-0.977759,0.827621,0.447476,0.832697,-0.988513,0.831211,0.576506,0.913033,-1.048209,0.941855,0.451138,0.914622,-1.056248,0.940058,0.588659,0.827244,-1.263532,0.973601,0.415446,0.80141,-1.249805,0.964856
subject10_front_bad_slouch_var1.jpg,subject10,front,bad,slouch,var1,0.50399,0.264576,-0.888388,0.999614,0.523243,0.241028,-0.854447,0.999044,0.538584,0.240051,-0.855016,0.999004,0.550543,0.238859,-0.854883,0.999165,0.485433,0.239822,-0.850144,0.999275,0.474364,0.238434,-0.850901,0.99944,0.465434,0.237171,-0.851269,0.999463,0.567963,0.234818,-0.528602,0.999414,0.447242,0.232801,-0.508523,0.998462,0.529558,0.277173,-0.747201,0.999362,0.479848,0.277013,-0.746645,0.999255,0.658368,0.29254,-0.305103,0.999973,0.352861,0.297935,-0.191035,0.999884,0.723307,0.439355,-0.548502,0.965856,0.275154,0.437809,-0.401441,0.76545,0.611897,0.443033,-1.109282,0.9682,0.346532,0.443838,-0.984438,0.865384,0.597027,0.449716,-1.242447,0.953956,0.350515,0.447619,-1.11463,0.880416,0.577038,0.43456,-1.257184,0.955527,0.377288,0.423527,-1.133971,0.88865,0.5742,0.432888,-1.122965,0.916909,0.393147,0.423425,-1.006701,0.821906,0.59363,0.526173,-0.011411,0.999553,0.407181,0.525727,0.011015,0.999472,0.605201,0.613811,-0.843439,0.895639,0.417846,0.622281,-0.890911,0.903284,0.581982,0.87099,-0.525382,0.826509,0.432506,0.867525,-0.614314,0.901573,0.568555,0.886937,-0.511323,0.625879,0.434334,0.88156,-0.599528,0.696226,0.560553,0.955025,-0.900493,0.834354,0.438939,0.952858,-0.995668,0.870965
subject10_front_bad_slouch_var2.jpg,subject10,front,bad,slouch,var2,0.502819,0.22209,-0.722921,0.99991,0.524104,0.201733,-0.680849,0.999771,0.535733,0.201247,-0.681347,0.999753,0.547812,0.200885,-0.681225,0.999793,0.48705,0.200015,-0.675142,0.999829,0.475596,0.19833,-0.675827,0.999862,0.46432,0.196811,-0.676131,0.999866,0.563063,0.203171,-0.363796,0.999849,0.448175,0.197884,-0.338302,0.999631,0.524793,0.238999,-0.591331,0.999865,0.478249,0.238209,-0.588836,0.999842,0.652167,0.275069,-0.173498,0.999983,0.357169,0.273883,-0.086753,0.999947,0.719847,0.411119,-0.422888,0.981665,0.27775,0.402739,-0.313802,0.887684,0.643958,0.403753,-0.989275,0.989615,0.362812,0.394196,-0.898606,0.969,0.647786,0.410008,-1.121063,0.985178,0.361818,0.394193,-1.030999,0.972843,0.610391,0.393067,-1.138239,0.98583,0.399805,0.377873,-1.046133,0.974761,0.600327,0.394403,-1.005223,0.972372,0.407793,0.379995,-0.919749,0.953207,0.590298,0.504768,-0.005048,0.999643,0.4077,0.499429,0.004664,0.999568,0.590776,0.600901,-0.787925,0.909586,0.412076,0.602117,-0.805332,0.917177,0.573561,0.828763,-0.474508,0.817091,0.430664,0.824763,-0.485157,0.887742,0.56413,0.844044,-0.459131,0.606804,0.43141,0.839931,-0.463905,0.661554,0.554727,0.911602,-0.814992,0.838536,0.438119,0.909189,-0.817472,0.859487
subject01_front_good_armrests_var1.jpg,subject01,front,good,armrests,var1,0.507923,0.170163,-0.589451,0.99997,0.52922,0.149333,-0.526359,0.999916,0.543925,0.149826,-0.527026,0.999911,0.55369,0.150582,-0.526968,0.999929,0.490746,0.149449,-0.524403,0.999945,0.480998,0.149997,-0.525194,0.999953,0.470466,0.151129,-0.525578,0.999951,0.573569,0.160765,-0.20081,0.999942,0.455273,0.160344,-0.189872,0.99987,0.531192,0.190032,-0.466938,0.999978,0.486062,0.188735,-0.469473,0.999975,0.680683,0.288739,-0.084857,0.99999,0.345455,0.287841,-0.017374,0.999943,0.755623,0.414533,-0.285388,0.995269,0.28143,0.414567,-0.270095,0.957236,0.766461,0.464136,-0.872777,0.998408,0.253494,0.466222,-0.88343,0.989755,0.792512,0.493457,-1.005071,0.997931,0.229669,0.494817,-1.016757,0.990325,0.768969,0.480488,-1.07175,0.998189,0.254282,0.48636,-1.082299,0.99125,0.746378,0.472214,-0.910306,0.997163,0.27384,0.478684,-0.927522,0.987727,0.608479,0.540271,-0.011185,0.999955,0.40834,0.540371,0.010581,0.999926,0.681439,0.622535,-0.942312,0.992649,0.33966,0.623138,-0.941934,0.989628,0.656032,0.863676,-0.687549,0.987542,0.368364,0.864991,-0.651111,0.986026,0.642826,0.886321,-0.680797,0.907257,0.399315,0.886979,-0.63281,0.89676,0.67306,0.962404,-1.0738,0.984778,0.342402,0.955377,-0.992007,0.978229
subject01_front_good_focus_var1.jpg,subject01,front,good,focus,var1,0.513909,0.171069,-0.566164,0.999954,0.538006,0.151378,-0.506906,0.999922,0.549977,0.15221,-0.507501,0.9999,0.563263,0.1536,-0.507527,0.999932,0.492755,0.151052,-0.511814,0.999958,0.481243,0.151476,-0.512526,0.99996,0.468899,0.152149,-0.51286,0.999967,0.576944,0.163122,-0.1831,0.999957,0.450758,0.163644,-0.204661,0.999938,0.538382,0.192849,-0.442301,0.999984,0.490728,0.19334,-0.453408,0.999983,0.685728,0.297677,-0.070982,0.999974,0.340475,0.299135,-0.051383,0.999925,0.773197,0.428647,-0.295306,0.99031,0.25309,0.42542,-0.293018,0.974503,0.780076,0.467681,-0.903914,0.996609,0.210779,0.473385,-0.900852,0.996797,0.805241,0.488713,-1.041324,0.996545,0.183521,0.49218,-1.034425,0.997613,0.782388,0.475294,-1.105342,0.996964,0.207467,0.472065,-1.09523,0.997901,0.763997,0.470932,-0.943514,0.995608,0.22609,0.466347,-0.941302,0.996656,0.615809,0.559927,-0.009205,0.99998,0.418579,0.559343,0.008672,0.999975,0.682147,0.634461,-0.976047,0.997543,0.34359,0.62596,-0.954665,0.996232,0.478122,0.860433,-0.708018,0.992799,0.535065,0.851835,-0.701123,0.992426,0.434458,0.875428,-0.688325,0.980122,0.577707,0.864693,-0.676527,0.97292,0.389916,0.941021,-0.997491,0.991211,0.59715,0.947993,-0.971876,0.988197
subject01_front_good_recline_var1.jpg,subject01,front,good,recline,var1,0.506227,0.197297,-0.50474,0.99997,0.529845,0.178633,-0.458764,0.999901,0.54341,0.178558,-0.459399,0.999894,0.558294,0.178976,-0.459352,0.999919,0.485807,0.178643,-0.455842,0.999938,0.472781,0.179321,-0.456622,0.999948,0.4612,0.179708,-0.456981,0.999953,0.574197,0.187613,-0.209473,0.999923,0.444742,0.189303,-0.192867,0.999875,0.534385,0.216888,-0.408432,0.999968,0.486659,0.218811,-0.40941,0.999968,0.685475,0.325773,-0.123279,0.999992,0.338559,0.322915,-0.049151,0.999969,0.743526,0.471559,-0.254994,0.99545,0.28027,0.470742,-0.181953,0.971371,0.721279,0.52924,-0.73299,0.998079,0.313069,0.529112,-0.613635,0.992559,0.7283,0.563746,-0.852079,0.997728,0.301828,0.566035,-0.72164,0.992737,0.692798,0.545707,-0.915925,0.997961,0.338254,0.554288,-0.782229,0.993351,0.680562,0.5393,-0.766137,0.996834,0.351705,0.544379,-0.650154,0.990296,0.600997,0.575076,-0.008828,0.999956,0.398201,0.572922,0.008376,0.999933,0.72874,0.619018,-0.824406,0.988739,0.311058,0.626133,-0.81126,0.983978,0.694208,0.882749,-0.701549,0.983008,0.327975,0.884052,-0.693896,0.982123,0.662603,0.915953,-0.707105,0.912286,0.356666,0.913919,-0.692104,0.901261,0.715899,0.973076,-1.050333,0.982473,0.295374,0.973777,-1.008689,0.976402
subject01_front_good_upright_var1.jpg,subject01,front,good,upright,var1,0.515019,0.162254,-0.886816,0.998898,0.534369,0.141042,-0.80147,0.996565,0.553055,0.141196,-0.802168,0.996789,0.563624,0.141766,-0.802083,0.997039,0.491939,0.140429,-0.805266,0.997896,0.476779,0.140691,-0.806132,0.998663,0.465394,0.141173,-0.806661,0.998701,0.575798,0.150495,-0.364106,0.998223,0.444459,0.151375,-0.382217,0.99719,0.538231,0.182364,-0.720803,0.999478,0.489018,0.182331,-0.731545,0.999516,0.688253,0.289662,-0.153398,0.999921,0.338547,0.288706,-0.159218,0.999835,0.742996,0.448489,-0.440941,0.986852,0.280326,0.450122,-0.497314,0.955986,0.6745,0.469306,-1.211325,0.994005,0.362652,0.466528,-1.306894,0.989276,0.654451,0.480686,-1.392267,0.993527,0.377655,0.479863,-1.506635,0.990795,0.63148,0.462449,-1.440383,0.994191,0.409435,0.459374,-1.536574,0.991641,0.625753,0.460632,-1.245647,0.989117,0.411844,0.456374,-1.339233,0.983669,0.602959,0.556235,0.023813,0.999831,0.399281,0.552965,-0.024229,0.999791,0.685939,0.626946,-1.208099,0.98871,0.353911,0.624996,-1.305671,0.987824,0.665503,0.867489,-0.673572,0.972717,0.360037,0.864374,-0.709811,0.978028,0.650696,0.894009,-0.643365,0.877263,0.385552,0.884228,-0.665981,0.868331,0.672677,0.95539,-1.178131,0.966908,0.352384,0.950856,-1.183745,0.96117
subject02_front_good_armrests_var1.jpg,subject02,front,good,armrests,var1,0.510656,0.1775,-0.501476,0.999968,0.535882,0.157764,-0.443733,0.999907,0.551282,0.158554,-0.444397,0.999906,0.565067,0.159968,-0.444465,0.999921,0.488433,0.157206,-0.440267,0.999947,0.473574,0.157399,-0.441075,0.999957,0.460751,0.15828,-0.441464,0.999959,0.58281,0.170327,-0.147303,0.999951,0.441392,0.168303,-0.131435,0.999913,0.537996,0.202265,-0.391077,0.999977,0.482565,0.200771,-0.391924,0.999977,0.680717,0.31197,-0.062127,0.999991,0.33707,0.310058,-0.01056,0.999975,0.729136,0.452398,-0.271061,0.988285,0.281776,0.44422,-0.250249,0.950106,0.779346,0.494385,-0.805011,0.990908,0.228213,0.48987,-0.835905,0.989232,0.810185,0.51833,-0.924213,0.989407,0.199461,0.520245,-0.960851,0.990932,0.800669,0.507614,-0.998261,0.990967,0.210376,0.505876,-1.037766,0.992392,0.781512,0.502727,-0.846643,0.988236,0.232927,0.494694,-0.885653,0.98945,0.602052,0.578969,0.012908,0.999952,0.393832,0.580571,-0.013355,0.999941,0.58722,0.649998,-0.856563,0.989785,0.438677,0.649059,-0.909922,0.987756,0.565812,0.903313,-0.626306,0.971295,0.444461,0.909263,-0.665904,0.976795,0.551183,0.922859,-0.618416,0.898379,0.446493,0.928859,-0.649033,0.845407,0.544356,0.981564,-0.969769,0.978002,0.468338,0.986381,-0.993532,0.974293
subject02_front_good_focus_var1.jpg,subject02,front,good,focus,var1,0.508714,0.19196,-0.648944,0.999912,0.532042,0.173722,-0.582256,0.999699,0.545555,0.173908,-0.582836,0.999701,0.560451,0.174304,-0.582817,0.999746,0.488848,0.173718,-0.578175,0.999822,0.475667,0.173871,-0.578976,0.999873,0.464934,0.173472,-0.579403,0.999881,0.578058,0.182597,-0.235979,0.999828,0.448019,0.181872,-0.217521,0.999693,0.534678,0.211957,-0.516751,0.999936,0.48772,0.210929,-0.516951,0.999938,0.670477,0.308984,-0.086379,0.999979,0.348989,0.309891,-0.033425,0.999958,0.747187,0.44529,-0.311473,0.993371,0.257484,0.443689,-0.293554,0.961001,0.667579,0.462421,-0.927453,0.995679,0.337837,0.466938,-0.978036,0.990564,0.648634,0.474395,-1.078096,0.994745,0.345507,0.478965,-1.141121,0.991848,0.623355,0.459182,-1.122951,0.995387,0.364713,0.457268,-1.176369,0.992807,0.619911,0.458247,-0.9568,0.992019,0.368634,0.452799,-1.010375,0.987198,0.605538,0.566288,0.00724,0.999801,0.412211,0.565566,-0.007631,0.999768,0.585507,0.645452,-1.007714,0.970479,0.439176,0.65218,-1.031424,0.964077,0.586217,0.882116,-0.705029,0.911386,0.443207,0.897436,-0.740838,0.946413,0.583398,0.904955,-0.694544,0.775343,0.457057,0.920567,-0.725712,0.765682,0.571422,0.96653,-1.133181,0.931014,0.449735,0.971152,-1.166497,0.935464
subject02_front_good_recline_var1.jpg,subject02,front,good,recline,var1,0.513663,0.198615,-0.525693,0.999969,0.537953,0.179386,-0.47104,0.999927,0.551073,0.179627,-0.471665,0.999927,0.565075,0.180526,-0.471718,0.999945,0.493099,0.180274,-0.463922,0.999951,0.480127,0.180605,-0.464697,0.999959,0.467984,0.181513,-0.465036,0.999961,0.581692,0.188549,-0.173802,0.999964,0.451137,0.189436,-0.142736,0.999888,0.538348,0.221491,-0.412417,0.999979,0.489392,0.220824,-0.408828,0.999974,0.674565,0.321245,-0.080619,0.999992,0.354173,0.319692,0.03819,0.999963,0.721339,0.472302,-0.277847,0.989021,0.300468,0.457944,-0.165639,0.847765,0.664247,0.481737,-0.780825,0.992705,0.250569,0.465645,-0.769166,0.961541,0.657629,0.486405,-0.900703,0.991044,0.216369,0.476725,-0.894199,0.973805,0.646488,0.469265,-0.945887,0.992203,0.224606,0.459199,-0.956625,0.977754,0.638721,0.468611,-0.808289,0.987825,0.246668,0.455405,-0.813614,0.966986,0.604692,0.56899,-0.000583,0.99995,0.408733,0.570493,0.000313,0.99993,0.594336,0.640126,-0.915302,0.991725,0.43067,0.629586,-0.94153,0.989079,0.583266,0.891956,-0.679608,0.973768,0.436877,0.892104,-0.724375,0.981616,0.570671,0.912831,-0.670969,0.922468,0.442728,0.913696,-0.712326,0.876822,0.577146,0.967334,-1.042427,0.978541,0.452199,0.969039,-1.09478,0.976789
subject02_front_good_upright_var1.jpg,subject02,front,good,upright,var1,0.507144,0.190618,-0.504774,0.999744,0.533791,0.169517,-0.450829,0.999205,0.549497,0.170076,-0.451467,0.999249,0.563433,0.17163,-0.451602,0.999353,0.483294,0.170541,-0.449698,0.999526,0.469058,0.171145,-0.4506,0.999662,0.455347,0.172819,-0.451132,0.999688,0.584047,0.181268,-0.164451,0.999728,0.43914,0.181674,-0.159632,0.999499,0.536137,0.218512,-0.393579,0.999882,0.479504,0.216842,-0.397732,0.999874,0.686669,0.330178,-0.058659,0.999975,0.32667,0.330858,-0.01741,0.999946,0.722817,0.488906,-0.23894,0.995147,0.290236,0.491989,-0.179373,0.955681,0.652762,0.508566,-0.761831,0.995069,0.382523,0.513753,-0.707611,0.992088,0.639737,0.523114,-0.88818,0.993804,0.415459,0.523111,-0.837479,0.993824,0.615088,0.503798,-0.929429,0.99441,0.430869,0.503163,-0.871763,0.994424,0.608868,0.501725,-0.786905,0.991834,0.428813,0.500104,-0.734122,0.990571,0.606421,0.603056,0.01436,0.999373,0.400024,0.607799,-0.014644,0.999279,0.594355,0.680033,-0.86157,0.964345,0.430017,0.679989,-0.884767,0.9567,0.570113,0.960357,-0.663608,0.797956,0.44699,0.95885,-0.740081,0.889275,0.55372,0.98597,-0.657569,0.688803,0.463906,0.986038,-0.734558,0.657562,0.540755,1.060187,-1.003151,0.801073,0.463404,1.051614,-1.097942,0.840708
subject03_front_good_armrests_var1.jpg,subject03,front,good,armrests,var1,0.503869,0.15676,-0.46001,0.999986,0.528165,0.138424,-0.404028,0.999959,0.540936,0.139247,-0.404759,0.999956,0.556869,0.140003,-0.404685,0.999967,0.486105,0.137644,-0.402047,0.999971,0.473795,0.137876,-0.402829,0.999973,0.464301,0.138288,-0.403143,0.999973,0.569389,0.151677,-0.127524,0.999969,0.447482,0.148358,-0.115583,0.999926,0.529987,0.176734,-0.35662,0.999985,0.483011,0.176441,-0.359253,0.999982,0.680185,0.287991,-0.069439,0.999993,0.337663,0.286042,0.02804,0.999956,0.75885,0.416896,-0.264265,0.995701,0.258777,0.417691,-0.199039,0.958485,0.77742,0.472028,-0.809763,0.998796,0.225298,0.470359,-0.717741,0.990122,0.799753,0.513968,-0.940139,0.998483,0.194405,0.509533,-0.834932,0.990497,0.764704,0.499603,-1.007233,0.99863,0.235781,0.500628,-0.904238,0.991264,0.744461,0.489375,-0.846945,0.99783,0.260379,0.489626,-0.761955,0.987942,0.613005,0.545707,-0.013941,0.999964,0.39498,0.543112,0.013332,0.999929,0.714741,0.602413,-0.798934,0.986746,0.302939,0.607308,-0.798212,0.976305,0.681961,0.871221,-0.65342,0.980283,0.330423,0.868492,-0.592573,0.97058,0.645885,0.895441,-0.657871,0.887351,0.374047,0.896959,-0.582155,0.855717,0.714173,0.966753,-0.994525,0.977255,0.301301,0.966522,-0.872284,0.959354
subject03_front_good_focus_var1.jpg,subject03,front,good,focus,var1,0.512648,0.15627,-0.627618,0.999927,0.535422,0.137826,-0.564551,0.999781,0.548019,0.139132,-0.56536,0.99979,0.560033,0.140264,-0.565321,0.999831,0.489776,0.136246,-0.564085,0.999839,0.477147,0.136361,-0.564872,0.999859,0.466438,0.136044,-0.565272,0.999841,0.571908,0.151098,-0.244778,0.999874,0.449371,0.148594,-0.239956,0.999628,0.537262,0.177526,-0.508228,0.99993,0.484424,0.176995,-0.513058,0.999914,0.682551,0.281527,-0.155088,0.999981,0.339346,0.277299,-0.090522,0.999838,0.783129,0.402662,-0.401633,0.99421,0.249888,0.399526,-0.409861,0.940692,0.841407,0.455567,-1.005948,0.997962,0.174681,0.453926,-1.042342,0.979632,0.881637,0.481938,-1.1385,0.997384,0.123745,0.474108,-1.179138,0.979667,0.852955,0.478672,-1.213173,0.997731,0.154162,0.467959,-1.249047,0.98207,0.828928,0.472944,-1.048705,0.996666,0.186446,0.464776,-1.09217,0.976846,0.616496,0.548123,0.009212,0.999929,0.390905,0.544595,-0.009708,0.999866,0.719416,0.630152,-0.829762,0.986667,0.298969,0.629371,-0.899574,0.983368,0.676892,0.86214,-0.462311,0.97546,0.330079,0.865657,-0.49761,0.967049,0.640263,0.877915,-0.442448,0.849756,0.369983,0.881245,-0.465844,0.803684,0.699986,0.970784,-0.78695,0.967052,0.306054,0.970673,-0.778231,0.945385
subject03_front_good_recline_var1.jpg,subject03,front,good,recline,var1,0.52066,0.173628,-0.536066,0.999558,0.543436,0.155359,-0.47793,0.998773,0.556952,0.156456,-0.478629,0.99867,0.57091,0.157392,-0.478696,0.998955,0.498051,0.154624,-0.479506,0.999218,0.486212,0.155376,-0.480305,0.999304,0.473445,0.155901,-0.480791,0.999322,0.580245,0.167046,-0.165572,0.999428,0.458592,0.166657,-0.169979,0.998923,0.545753,0.195428,-0.416817,0.999716,0.495515,0.193668,-0.423472,0.999682,0.694813,0.298527,-0.06665,0.999925,0.34383,0.30016,-0.010217,0.99968,0.769072,0.430709,-0.311448,0.979046,0.266685,0.433268,-0.276499,0.892482,0.812233,0.475189,-0.901082,0.987501,0.216767,0.473713,-0.86117,0.975159,0.846849,0.494072,-1.029367,0.98678,0.173547,0.487806,-0.986345,0.981532,0.819929,0.484557,-1.093851,0.988108,0.192853,0.472758,-1.049551,0.982844,0.79665,0.480665,-0.940611,0.983713,0.218272,0.470148,-0.904533,0.976479,0.618899,0.566783,-0.016411,0.99992,0.406118,0.564911,0.01595,0.999877,0.735358,0.627699,-0.83306,0.994101,0.290569,0.630021,-0.858596,0.991214,0.69214,0.877151,-0.569746,0.990077,0.329109,0.879318,-0.58027,0.987673,0.653907,0.907515,-0.560119,0.936326,0.370691,0.907292,-0.561251,0.92679,0.711087,0.974113,-0.897647,0.979236,0.303752,0.978493,-0.871582,0.969227
subject03_front_good_upright_var1.jpg,subject03,front,good,upright,var1,0.508266,0.154132,-0.711974,0.999623,0.534877,0.131866,-0.657207,0.998985,0.547478,0.132786,-0.657929,0.998956,0.559916,0.134027,-0.657939,0.999222,0.488972,0.129664,-0.656016,0.999325,0.476666,0.129532,-0.656891,0.999459,0.46395,0.130167,-0.657422,0.999519,0.573581,0.143101,-0.332863,0.99953,0.446681,0.139172,-0.326853,0.999004,0.531126,0.175721,-0.582768,0.999775,0.478404,0.17442,-0.586785,0.99975,0.696951,0.283055,-0.177326,0.999967,0.324812,0.282352,-0.109816,0.99987,0.768797,0.4482,-0.340477,0.991084,0.246903,0.453156,-0.301043,0.952052,0.66976,0.461365,-0.88352,0.995973,0.368039,0.45337,-0.859971,0.98811,0.654496,0.464711,-1.018154,0.995177,0.391544,0.460661,-0.995379,0.989607,0.618897,0.446081,-1.04983,0.995492,0.422944,0.438139,-1.02221,0.989956,0.61001,0.448667,-0.903515,0.992147,0.424615,0.436096,-0.883745,0.982837,0.611575,0.565999,-0.004122,0.99988,0.400103,0.56532,0.003662,0.999834,0.7369,0.613229,-0.940031,0.987493,0.275615,0.628592,-0.98626,0.988274,0.712566,0.885038,-0.556605,0.976403,0.316136,0.888472,-0.5992,0.981285,0.678262,0.913529,-0.534391,0.900904,0.349261,0.911354,-0.568781,0.900492,0.733549,0.976033,-0.927627,0.965998,0.286318,0.977448,-0.947806,0.962008
subject04_front_good_armrests_var1.jpg,subject04,front,good,armrests,var1,0.507653,0.173811,-0.51674,0.999989,0.531034,0.157592,-0.4662,0.999965,0.543406,0.158647,-0.466824,0.999965,0.556116,0.16017,-0.466812,0.999967,0.490201,0.158376,-0.461924,0.99998,0.478792,0.159527,-0.462655,0.999984,0.466404,0.160287,-0.462983,0.999982,0.572676,0.170352,-0.199476,0.99998,0.449001,0.170356,-0.177935,0.999966,0.532137,0.196734,-0.417011,0.99999,0.487789,0.196192,-0.415959,0.999989,0.670116,0.295764,-0.131159,0.999994,0.351703,0.295297,-0.06177,0.999978,0.722528,0.419313,-0.371709,0.996714,0.295894,0.416126,-0.309839,0.974443,0.782514,0.451886,-0.905593,0.997853,0.237185,0.455875,-0.845557,0.994323,0.814221,0.487053,-1.025733,0.997352,0.199183,0.482779,-0.960586,0.994983,0.792094,0.477905,-1.097196,0.997767,0.213368,0.478805,-1.033796,0.995742,0.772362,0.465515,-0.946683,0.997015,0.242685,0.469932,-0.892831,0.994397,0.601656,0.541785,-0.002344,0.999964,0.405481,0.543013,0.00188,0.999949,0.603669,0.627246,-0.716563,0.993813,0.412498,0.624202,-0.723055,0.993189,0.599203,0.876825,-0.607098,0.987581,0.411346,0.877912,-0.665533,0.991261,0.594456,0.897583,-0.613908,0.931763,0.414121,0.899203,-0.670088,0.925021,0.591092,0.959118,-0.96653,0.990926,0.411341,0.961457,-1.010146,0.99113
subject04_front_good_focus_var1.jpg,subject04,front,good,focus,var1,0.514639,0.192423,-0.351705,0.999958,0.538843,0.175199,-0.319677,0.999882,0.550881,0.175743,-0.320284,0.999885,0.564749,0.176572,-0.320372,0.99991,0.496167,0.174531,-0.313213,0.999934,0.484363,0.174321,-0.314027,0.999944,0.473021,0.173827,-0.314376,0.999949,0.579847,0.185622,-0.118587,0.999946,0.459454,0.184965,-0.086746,0.999903,0.541936,0.216291,-0.271846,0.999971,0.490115,0.21244,-0.267827,0.999969,0.670342,0.311052,-0.054705,0.999993,0.356774,0.313732,0.041557,0.999975,0.709765,0.446311,-0.156855,0.98255,0.311656,0.452649,-0.056128,0.925719,0.742123,0.467626,-0.514046,0.992522,0.263554,0.472151,-0.460199,0.989642,0.76298,0.489215,-0.58943,0.992018,0.235314,0.490704,-0.539457,0.992221,0.777335,0.46286,-0.651644,0.993481,0.229442,0.464693,-0.611511,0.993566,0.766865,0.455245,-0.545722,0.991585,0.243323,0.459253,-0.503957,0.991162,0.600477,0.56267,-0.012402,0.999941,0.418547,0.564726,0.01207,0.999936,0.595652,0.665823,-0.476631,0.980498,0.411804,0.642717,-0.497067,0.981373,0.591119,0.890391,-0.275134,0.958017,0.422661,0.896686,-0.37175,0.97423,0.579681,0.906084,-0.267235,0.799428,0.432416,0.917889,-0.365866,0.769861,0.583381,0.973573,-0.538165,0.971649,0.429437,0.975995,-0.642667,0.974078
subject04_front_good_recline_var1.jpg,subject04,front,good,recline,var1,0.506995,0.190083,-0.554127,0.999984,0.530609,0.172197,-0.5089,0.999956,0.545126,0.17261,-0.509578,0.999956,0.558239,0.173233,-0.509603,0.999968,0.487537,0.174084,-0.503447,0.999973,0.475927,0.174834,-0.504221,0.999977,0.463345,0.175299,-0.50455,0.999978,0.576256,0.182825,-0.249527,0.999978,0.448269,0.185266,-0.223247,0.999939,0.535484,0.212032,-0.452382,0.999989,0.486068,0.210456,-0.450626,0.999986,0.684114,0.321451,-0.162776,0.999995,0.339913,0.31636,-0.046576,0.999967,0.747337,0.467737,-0.332956,0.995413,0.263677,0.446362,-0.213032,0.92167,0.682522,0.482428,-0.823133,0.997215,0.222974,0.479249,-0.754313,0.976619,0.676559,0.4981,-0.94599,0.996592,0.188099,0.496667,-0.873512,0.983335,0.644963,0.481772,-0.995511,0.997034,0.200099,0.481898,-0.940817,0.985587,0.63724,0.479848,-0.85175,0.995389,0.223915,0.477213,-0.798602,0.979163,0.608991,0.575636,-0.003447,0.999941,0.40248,0.577509,0.003235,0.999911,0.605746,0.650598,-0.76241,0.991106,0.413539,0.641346,-0.796602,0.986,0.585978,0.908406,-0.54658,0.978654,0.432644,0.898724,-0.644311,0.980594,0.573432,0.939404,-0.541853,0.933987,0.443535,0.931438,-0.640083,0.885603,0.583077,0.970827,-0.897229,0.983106,0.431402,0.970793,-1.002384,0.977875
subject04_front_good_upright_var1.jpg,subject04,front,good,upright,var1,0.521469,0.165856,-0.696492,0.999746,0.543781,0.146177,-0.630684,0.999225,0.559072,0.146883,-0.63129,0.999225,0.572804,0.14789,-0.631282,0.999363,0.497905,0.145482,-0.62815,0.999575,0.485016,0.145914,-0.62896,0.999701,0.472014,0.146221,-0.629459,0.999748,0.589505,0.158725,-0.290157,0.999638,0.451418,0.161267,-0.279332,0.999505,0.550438,0.190135,-0.567018,0.999912,0.495701,0.188331,-0.569212,0.999922,0.688195,0.301306,-0.144712,0.999979,0.338311,0.30245,-0.094322,0.999961,0.733197,0.459278,-0.339019,0.991425,0.280953,0.461326,-0.300136,0.964631,0.649802,0.485024,-0.924071,0.995496,0.379933,0.485614,-0.934547,0.993868,0.630744,0.500211,-1.071438,0.995014,0.395283,0.497075,-1.094896,0.995016,0.607759,0.482938,-1.119303,0.995595,0.422869,0.479711,-1.131578,0.995625,0.604351,0.479942,-0.953239,0.992288,0.426349,0.476304,-0.965537,0.991853,0.605814,0.565606,0.012255,0.999911,0.400247,0.566008,-0.012646,0.999907,0.62201,0.652471,-0.957939,0.9875,0.402604,0.639354,-1.058615,0.991395,0.604287,0.897336,-0.556311,0.966298,0.415936,0.898887,-0.724511,0.986859,0.598171,0.916394,-0.533961,0.852313,0.422044,0.921386,-0.702315,0.891306,0.585109,0.971839,-0.979588,0.969057,0.427657,0.977222,-1.158044,0.980734
subject05_front_good_armrests_var1.jpg,subject05,front,good,armrests,var1,0.512013,0.17629,-0.51213,0.999971,0.53707,0.159891,-0.455511,0.999895,0.55192,0.160938,-0.456173,0.999884,0.567972,0.162052,-0.456139,0.999912,0.489446,0.158778,-0.455088,0.999934,0.476496,0.159435,-0.455831,0.999941,0.463998,0.159693,-0.456169,0.999942,0.580506,0.174033,-0.15882,0.99994,0.443531,0.172066,-0.15451,0.999874,0.538749,0.200934,-0.398914,0.99998,0.482634,0.198943,-0.403494,0.999978,0.690215,0.295445,-0.074688,0.999993,0.325185,0.296562,0.004485,0.999971,0.803562,0.41932,-0.281311,0.996113,0.22899,0.421401,-0.244507,0.978743,0.783714,0.481162,-0.836594,0.998118,0.224982,0.476889,-0.811332,0.995509,0.78995,0.524163,-0.972838,0.997398,0.218557,0.521938,-0.941478,0.995499,0.749241,0.512332,-1.029998,0.997605,0.252337,0.507026,-1.001431,0.995842,0.732888,0.500066,-0.869602,0.996185,0.265163,0.492056,-0.85132,0.993665,0.612942,0.560381,-0.015112,0.999943,0.39039,0.5609,0.014447,0.999908,0.71962,0.621389,-0.877949,0.985556,0.321326,0.633001,-0.884607,0.976916,0.673244,0.879818,-0.703307,0.975159,0.353412,0.887231,-0.659089,0.969185,0.6322,0.910984,-0.70507,0.876828,0.390228,0.914567,-0.647379,0.855227,0.70669,0.959847,-1.06299,0.969236,0.312659,0.971512,-0.971756,0.953954
subject05_front_good_focus_var1.jpg,subject05,front,good,focus,var1,0.519244,0.201534,-0.542954,0.981594,0.542446,0.18336,-0.496905,0.97053,0.554679,0.184159,-0.497474,0.961039,0.569325,0.185419,-0.497507,0.979859,0.498451,0.181927,-0.498955,0.981302,0.486431,0.181953,-0.4998,0.980796,0.473646,0.182282,-0.50039,0.98808,0.581967,0.192795,-0.21403,0.986626,0.454874,0.190155,-0.22289,0.974887,0.544009,0.223918,-0.427697,0.990481,0.491077,0.223303,-0.435186,0.987841,0.697544,0.308661,-0.093743,0.999683,0.328332,0.312474,-0.074748,0.998645,0.780629,0.444048,-0.218957,0.516819,0.270611,0.441674,-0.241187,0.405136,0.618894,0.487045,-0.559143,0.103638,0.401012,0.481962,-0.567048,0.109487,0.572694,0.512473,-0.64317,0.128981,0.471513,0.503577,-0.652229,0.132872,0.564177,0.480214,-0.646688,0.12906,0.469269,0.478957,-0.649975,0.12398,0.569546,0.474861,-0.562464,0.100103,0.452359,0.475518,-0.570641,0.096516,0.618817,0.556046,-0.011009,0.999974,0.415201,0.558015,0.010415,0.999963,0.688957,0.631144,-0.949552,0.974765,0.306849,0.632821,-0.951112,0.96001,0.489777,0.864359,-0.730377,0.967131,0.527036,0.845229,-0.675912,0.937702,0.431951,0.887109,-0.715056,0.924106,0.583712,0.857012,-0.64779,0.867193,0.4865,0.952431,-1.04928,0.936654,0.53258,0.932584,-0.950158,0.884313
subject05_front_good_recline_var1.jpg,subject05,front,good,recline,var1,0.515856,0.188218,-0.646549,0.999981,0.537854,0.169156,-0.589113,0.999943,0.551478,0.170839,-0.589891,0.999942,0.564697,0.172608,-0.589852,0.999954,0.495546,0.168375,-0.586724,0.999962,0.483761,0.169202,-0.587503,0.999966,0.471583,0.170478,-0.587895,0.999963,0.581983,0.186137,-0.283756,0.999963,0.453105,0.183529,-0.269763,0.999902,0.542606,0.20891,-0.529516,0.999981,0.489552,0.208116,-0.53154,0.999978,0.698272,0.310687,-0.18481,0.999989,0.329887,0.309599,-0.082448,0.999932,0.792109,0.442041,-0.390359,0.995277,0.24281,0.420677,-0.33131,0.972904,0.742699,0.482755,-0.924943,0.998042,0.218609,0.472893,-0.906585,0.991652,0.742465,0.502251,-1.050831,0.997491,0.178897,0.493817,-1.033692,0.991717,0.716866,0.485636,-1.10225,0.997715,0.224646,0.485593,-1.090872,0.992364,0.707849,0.48136,-0.954253,0.996425,0.251415,0.481949,-0.947125,0.989476,0.615725,0.569086,-0.019924,0.999926,0.40386,0.570306,0.019393,0.999884,0.715221,0.652738,-0.697428,0.989545,0.323757,0.646808,-0.769332,0.987698,0.685976,0.880143,-0.438156,0.98553,0.360162,0.885719,-0.534487,0.985025,0.649938,0.903712,-0.431784,0.900301,0.392542,0.915457,-0.522912,0.90104,0.706241,0.971915,-0.76902,0.979865,0.328128,0.967897,-0.838895,0.973648
subject05_front_good_upright_var1.jpg,subject05,front,good,upright,var1,0.517562,0.163372,-0.683049,0.999779,0.542027,0.142753,-0.616409,0.999277,0.557131,0.14407,-0.617011,0.999265,0.573104,0.145877,-0.616921,0.999396,0.494397,0.142301,-0.620695,0.999544,0.48173,0.142448,-0.621524,0.999667,0.467588,0.143776,-0.621948,0.999691,0.587962,0.157399,-0.265292,0.999657,0.447392,0.155813,-0.283355,0.99946,0.544007,0.188976,-0.547875,0.999906,0.487299,0.186218,-0.558833,0.999905,0.715882,0.295938,-0.108802,0.999983,0.319728,0.290411,-0.115871,0.999959,0.791115,0.450106,-0.366125,0.995693,0.231396,0.44941,-0.316961,0.981713,0.721825,0.503655,-1.070787,0.998016,0.349062,0.506678,-0.880326,0.995333,0.71357,0.530854,-1.237184,0.997539,0.376512,0.529546,-1.031994,0.995578,0.664725,0.511979,-1.288612,0.997771,0.420939,0.513028,-1.072016,0.995919,0.65561,0.507324,-1.104204,0.996205,0.42287,0.504899,-0.90888,0.992872,0.616325,0.570045,0.022828,0.99993,0.388622,0.568606,-0.023486,0.999905,0.731484,0.617329,-1.15054,0.989168,0.295543,0.621035,-1.180726,0.990871,0.665524,0.889563,-0.785654,0.970056,0.357021,0.892127,-0.809357,0.982731,0.638739,0.91502,-0.766633,0.879037,0.387033,0.913001,-0.782109,0.893556,0.695634,0.976009,-1.20226,0.967095,0.345015,0.983366,-1.201637,0.971357
subject06_front_good_armrests_var1.jpg,subject06,front,good,armrests,var1,0.505126,0.193463,-0.590302,0.999988,0.53056,0.17414,-0.526189,0.999971,0.547962,0.174073,-0.5268,0.999969,0.560827,0.174316,-0.526756,0.999974,0.484056,0.173524,-0.519453,0.999983,0.470349,0.172994,-0.520308,0.999986,0.45787,0.171834,-0.520695,0.999987,0.582408,0.181434,-0.194775,0.999979,0.441495,0.179059,-0.162514,0.999959,0.534582,0.214269,-0.464366,0.99999,0.482519,0.212803,-0.460606,0.99999,0.672535,0.309572,-0.057855,0.999993,0.350638,0.307932,0.016058,0.999983,0.711986,0.436896,-0.214463,0.99121,0.319345,0.440249,-0.179078,0.96705,0.689984,0.487796,-0.74196,0.994072,0.323463,0.489084,-0.778255,0.990847,0.682132,0.515605,-0.868185,0.99222,0.327744,0.509769,-0.913185,0.990605,0.67069,0.49664,-0.928291,0.993122,0.326317,0.491733,-0.973188,0.991624,0.663581,0.485769,-0.77505,0.98979,0.333766,0.483509,-0.819143,0.987165,0.595982,0.540896,-0.001548,0.999949,0.415589,0.538677,0.000959,0.99994,0.575318,0.667971,-0.813279,0.987457,0.442718,0.676071,-0.771829,0.984243,0.558829,0.88835,-0.498169,0.959904,0.443363,0.891285,-0.501746,0.97714,0.541826,0.90969,-0.485588,0.810341,0.456965,0.912841,-0.487832,0.806074,0.548314,0.969386,-0.885949,0.963525,0.440246,0.969159,-0.889561,0.969662
subject06_front_good_focus_var1.jpg,subject06,front,good,focus,var1,0.533179,0.198585,-0.295588,0.999979,0.557454,0.179635,-0.2655,0.99994,0.571535,0.179972,-0.266004,0.999931,0.585113,0.180947,-0.265992,0.999951,0.512161,0.178425,-0.263593,0.999961,0.497492,0.177588,-0.264356,0.999965,0.483612,0.177721,-0.264666,0.999969,0.606965,0.187517,-0.073812,0.99998,0.464094,0.18357,-0.067286,0.999955,0.558898,0.223418,-0.216578,0.999986,0.503887,0.223159,-0.219572,0.999984,0.68179,0.293185,-0.000929,0.999996,0.371778,0.293713,0.071138,0.99999,0.794227,0.428486,-0.071389,0.994325,0.253501,0.422411,-0.024782,0.969444,0.615579,0.456344,-0.295303,0.995139,0.367999,0.464453,-0.343058,0.994621,0.558368,0.475265,-0.3567,0.992928,0.412967,0.485866,-0.415888,0.995236,0.545956,0.450428,-0.352547,0.992979,0.431214,0.459146,-0.421131,0.995342,0.556107,0.444753,-0.291227,0.989415,0.422019,0.449774,-0.351559,0.992601,0.613669,0.529579,-0.006752,0.999858,0.42588,0.528039,0.006228,0.99983,0.618377,0.65633,-0.275653,0.887684,0.43475,0.639745,-0.325393,0.837447,0.570902,0.880706,-0.23608,0.91391,0.459764,0.88445,-0.25528,0.886933,0.564069,0.89349,-0.241271,0.783683,0.473668,0.899453,-0.253063,0.606955,0.54465,0.968433,-0.464883,0.921578,0.469418,0.968004,-0.470156,0.862095
subject06_front_good_recline_var1.jpg,subject06,front,good,recline,var1,0.499827,0.201223,-0.577593,0.999995,0.524255,0.180627,-0.536202,0.999986,0.539086,0.180981,-0.536729,0.999984,0.552566,0.181667,-0.536706,0.999987,0.481114,0.181582,-0.527321,0.999992,0.468228,0.18187,-0.528114,0.999993,0.45792,0.182249,-0.528493,0.999994,0.572991,0.189185,-0.285564,0.999994,0.445707,0.191384,-0.244404,0.99999,0.528616,0.221169,-0.478708,0.999997,0.479822,0.222291,-0.471614,0.999997,0.663954,0.310438,-0.174066,0.999998,0.355269,0.311112,-0.076142,0.999996,0.706339,0.456403,-0.257371,0.998366,0.321848,0.4433,-0.165535,0.99243,0.628636,0.524118,-0.574896,0.998822,0.325367,0.516596,-0.562788,0.998728,0.611111,0.552476,-0.667711,0.998141,0.322398,0.552308,-0.658765,0.998597,0.576548,0.533863,-0.71273,0.998347,0.342647,0.54329,-0.714655,0.998791,0.575095,0.525601,-0.595681,0.997516,0.353719,0.531427,-0.595089,0.998128,0.585573,0.541563,-0.013376,0.999975,0.413824,0.542005,0.012802,0.999975,0.572632,0.657856,-0.59989,0.994041,0.437355,0.657073,-0.582699,0.992846,0.55309,0.886193,-0.399336,0.991093,0.454557,0.885207,-0.439186,0.993695,0.542348,0.907095,-0.393486,0.94846,0.464427,0.906567,-0.433241,0.934803,0.534186,0.962447,-0.720539,0.993548,0.457343,0.961136,-0.76014,0.994027
subject06_front_good_upright_var1.jpg,subject06,front,good,upright,var1,0.51068,0.194241,-0.480361,0.999744,0.537735,0.172839,-0.443753,0.999301,0.553159,0.172788,-0.44435,0.999306,0.569104,0.173112,-0.444319,0.9995,0.488322,0.173028,-0.439039,0.999511,0.475571,0.173593,-0.439879,0.999585,0.464946,0.174036,-0.440338,0.999636,0.579934,0.180671,-0.227401,0.999697,0.45131,0.183288,-0.206724,0.999155,0.540303,0.214959,-0.392219,0.999803,0.489274,0.213645,-0.392006,0.999763,0.678013,0.309019,-0.131296,0.999985,0.355311,0.308966,-0.060522,0.999933,0.781668,0.458218,-0.230401,0.992055,0.218575,0.464189,-0.22453,0.933599,0.572603,0.459545,-0.504049,0.988873,0.36472,0.478372,-0.608859,0.960876,0.513811,0.46991,-0.572336,0.983369,0.426774,0.491169,-0.697366,0.955228,0.494352,0.445003,-0.564352,0.983308,0.439739,0.465785,-0.6883,0.955191,0.508694,0.44311,-0.497134,0.973831,0.429468,0.462624,-0.613114,0.933745,0.597497,0.560553,0.012279,0.999701,0.402688,0.556266,-0.012679,0.999581,0.581296,0.66167,-0.511949,0.915589,0.44543,0.653567,-0.590957,0.901529,0.556449,0.894987,-0.351786,0.908279,0.457972,0.889822,-0.412921,0.912971,0.543105,0.916128,-0.348259,0.753894,0.462479,0.909886,-0.40155,0.663507,0.542885,0.969018,-0.651244,0.903692,0.471428,0.97244,-0.69988,0.884378
subject07_front_good_armrests_var1.jpg,subject07,front,good,armrests,var1,0.518615,0.226149,-0.807881,0.999468,0.542628,0.200803,-0.760102,0.998386,0.555339,0.20022,-0.760713,0.998324,0.568379,0.199509,-0.760697,0.998668,0.498972,0.201205,-0.759646,0.998886,0.486253,0.200538,-0.760525,0.999159,0.472684,0.199651,-0.761064,0.99922,0.576897,0.20128,-0.418358,0.999299,0.451255,0.20026,-0.415053,0.998606,0.54142,0.242405,-0.665755,0.999614,0.495291,0.242101,-0.670307,0.999578,0.685221,0.308544,-0.212277,0.999952,0.353543,0.307125,-0.142605,0.999873,0.807068,0.458479,-0.382795,0.995353,0.237824,0.452397,-0.339737,0.985112,0.69017,0.472617,-0.899057,0.996786,0.382835,0.467799,-0.905417,0.994337,0.665292,0.474911,-1.026783,0.994976,0.427556,0.482736,-1.037896,0.993474,0.624162,0.458512,-1.046882,0.995083,0.45424,0.458358,-1.051055,0.993526,0.624133,0.462839,-0.912973,0.991001,0.451963,0.455078,-0.922309,0.98787,0.621539,0.563031,-0.018188,0.999698,0.438004,0.568967,0.017817,0.999661,0.68758,0.655049,-0.910664,0.99171,0.333814,0.6562,-0.910404,0.990991,0.626073,0.882925,-0.519831,0.981161,0.410765,0.885561,-0.59308,0.984926,0.588995,0.910883,-0.496755,0.937558,0.445472,0.906126,-0.573104,0.936845,0.672081,0.970085,-0.856765,0.9673,0.368197,0.967755,-0.947547,0.965169
subject07_front_good_focus_var1.jpg,subject07,front,good,focus,var1,0.519536,0.156715,-0.667927,0.999798,0.545977,0.135065,-0.621976,0.999416,0.55847,0.136133,-0.622656,0.999411,0.571982,0.136979,-0.622652,0.999574,0.501731,0.134891,-0.618507,0.999592,0.490285,0.135062,-0.619431,0.999661,0.478522,0.13524,-0.619943,0.999699,0.587849,0.143746,-0.341182,0.999696,0.460679,0.14362,-0.323408,0.999254,0.545205,0.176357,-0.554314,0.999866,0.499139,0.17545,-0.554938,0.99985,0.686617,0.267959,-0.183925,0.999978,0.35968,0.265295,-0.127938,0.99992,0.805846,0.418156,-0.273059,0.995798,0.23408,0.410871,-0.288463,0.985373,0.688488,0.434827,-0.703653,0.997703,0.375928,0.428273,-0.786411,0.994358,0.66382,0.44616,-0.812181,0.996782,0.415416,0.445174,-0.90782,0.992696,0.629113,0.430991,-0.840399,0.996958,0.442773,0.422439,-0.924129,0.992831,0.626943,0.432163,-0.717725,0.994988,0.438099,0.418221,-0.804061,0.988128,0.608664,0.534716,0.000781,0.999849,0.413262,0.534399,-0.001212,0.999804,0.70301,0.638551,-0.73956,0.982799,0.324153,0.63248,-0.786978,0.985743,0.645071,0.859717,-0.340981,0.963698,0.36533,0.86364,-0.417117,0.971188,0.617928,0.880932,-0.315439,0.840417,0.396457,0.886462,-0.388041,0.832174,0.683059,0.962927,-0.637738,0.938494,0.324744,0.959822,-0.708272,0.935601
subject07_front_good_recline_var1.jpg,subject07,front,good,recline,var1,0.514418,0.168149,-0.472946,0.999987,0.5358,0.146573,-0.424532,0.999964,0.553512,0.145472,-0.425157,0.99996,0.562901,0.145094,-0.425122,0.999972,0.494589,0.14709,-0.426333,0.999975,0.479663,0.147052,-0.427135,0.999976,0.468724,0.146626,-0.427425,0.999976,0.577785,0.149714,-0.147347,0.999978,0.448266,0.150549,-0.15391,0.99994,0.539633,0.187156,-0.363445,0.999985,0.493047,0.185869,-0.37091,0.999982,0.675988,0.276771,-0.038614,0.999993,0.344822,0.278688,0.017377,0.999958,0.794095,0.403644,-0.192405,0.991512,0.239552,0.41426,-0.16677,0.952156,0.766873,0.443016,-0.676295,0.996662,0.269353,0.437959,-0.666858,0.988899,0.787658,0.461556,-0.786391,0.995876,0.239913,0.446947,-0.775406,0.990663,0.755431,0.441404,-0.830829,0.996245,0.28465,0.433692,-0.822935,0.991283,0.737721,0.437454,-0.702425,0.994393,0.307353,0.431935,-0.700412,0.986781,0.609246,0.522673,-0.004193,0.999937,0.413087,0.525959,0.003732,0.999894,0.688391,0.625286,-0.647231,0.986089,0.330239,0.627006,-0.711005,0.982643,0.647316,0.866217,-0.464348,0.981643,0.370353,0.863136,-0.507664,0.978645,0.616058,0.900164,-0.462408,0.901056,0.406113,0.891704,-0.496387,0.862025,0.690682,0.96001,-0.767598,0.974135,0.345712,0.956395,-0.784499,0.961302
subject07_front_good_upright_var1.jpg,subject07,front,good,upright,var1,0.506194,0.175746,-0.514478,0.999897,0.53077,0.155301,-0.465173,0.999663,0.544313,0.156061,-0.465729,0.999612,0.558823,0.156952,-0.465734,0.999713,0.485061,0.155488,-0.46219,0.99981,0.474059,0.156119,-0.463002,0.999838,0.461899,0.156927,-0.463444,0.999875,0.575971,0.165831,-0.201373,0.999777,0.446477,0.168559,-0.185735,0.999758,0.532802,0.197656,-0.412881,0.999944,0.483515,0.197354,-0.413567,0.99995,0.675091,0.30235,-0.110255,0.999988,0.346258,0.305421,-0.035615,0.999977,0.711698,0.451465,-0.195622,0.993583,0.307369,0.44718,-0.132977,0.982396,0.685505,0.54048,-0.579538,0.996192,0.331918,0.534744,-0.521845,0.995985,0.692901,0.57201,-0.683112,0.995051,0.324121,0.566999,-0.620773,0.995516,0.658814,0.558382,-0.747549,0.99561,0.356615,0.55577,-0.683962,0.995903,0.648132,0.552133,-0.610695,0.993517,0.372228,0.544549,-0.556988,0.993793,0.598931,0.55836,-0.016365,0.999972,0.408887,0.560382,0.015797,0.999968,0.68168,0.632018,-0.804103,0.992704,0.325356,0.652296,-0.768898,0.990829,0.657408,0.870538,-0.557487,0.986442,0.366121,0.875774,-0.526344,0.987083,0.638456,0.892579,-0.548446,0.906709,0.393372,0.897886,-0.510732,0.897683,0.671982,0.950976,-0.883638,0.983884,0.34132,0.959254,-0.830017,0.980568
subject08_front_good_armrests_var1.jpg,subject08,front,good,armrests,var1,0.508905,0.15652,-0.662311,0.999971,0.534486,0.138997,-0.594797,0.999902,0.546235,0.13964,-0.595527,0.999887,0.560172,0.140269,-0.595497,0.999905,0.488931,0.138428,-0.59423,0.999949,0.475779,0.138934,-0.595084,0.999958,0.46334,0.138932,-0.595506,0.999959,0.577934,0.153668,-0.253089,0.999923,0.441741,0.151103,-0.249349,0.999896,0.537846,0.178597,-0.53599,0.999974,0.483515,0.176063,-0.540819,0.999977,0.686886,0.27586,-0.134907,0.999985,0.333811,0.272073,-0.10267,0.999972,0.77634,0.409967,-0.378996,0.991116,0.263026,0.410642,-0.411856,0.976844,0.8157,0.466376,-0.980891,0.994819,0.213359,0.464731,-1.078023,0.996565,0.843667,0.50903,-1.116765,0.993433,0.180425,0.509202,-1.224363,0.996363,0.811902,0.496643,-1.193145,0.994267,0.211428,0.502552,-1.299219,0.996832,0.785893,0.485412,-1.02389,0.992149,0.238205,0.489584,-1.127624,0.9953,0.619687,0.544952,0.009792,0.999874,0.391391,0.544576,-0.01051,0.999855,0.615249,0.619582,-0.915814,0.956527,0.418582,0.61945,-0.963808,0.951872,0.600721,0.883636,-0.72105,0.910145,0.428851,0.88319,-0.780743,0.935606,0.588817,0.902729,-0.720144,0.744003,0.435842,0.900624,-0.773706,0.716661,0.55995,0.972727,-1.098316,0.93074,0.442037,0.978671,-1.142503,0.928586
subject08_front_good_focus_var1.jpg,subject08,front,good,focus,var1,0.518142,0.167926,-0.419003,0.999893,0.539309,0.148244,-0.36213,0.999798,0.551862,0.149396,-0.362936,0.999775,0.564876,0.150593,-0.362954,0.999796,0.492645,0.147288,-0.358135,0.99989,0.479272,0.147874,-0.359084,0.999912,0.465349,0.148361,-0.359641,0.999915,0.580542,0.162348,-0.067535,0.999894,0.446828,0.161922,-0.050854,0.999856,0.543925,0.190419,-0.308408,0.999933,0.491881,0.190259,-0.309417,0.999939,0.689843,0.277473,-0.029564,0.999929,0.343024,0.281584,0.070029,0.999855,0.791624,0.409404,-0.28478,0.9948,0.238732,0.40199,-0.22534,0.980387,0.841757,0.466439,-0.839479,0.995081,0.183733,0.446523,-0.85359,0.997261,0.889246,0.487784,-0.961757,0.994652,0.123331,0.474308,-0.98263,0.997343,0.863974,0.48439,-1.035556,0.995362,0.157347,0.478804,-1.051652,0.997737,0.835721,0.480314,-0.881702,0.994784,0.200467,0.473711,-0.901608,0.997225,0.620429,0.560858,-0.009798,0.999906,0.402499,0.559797,0.00947,0.999883,0.545117,0.693732,-0.640782,0.99301,0.49817,0.569982,-0.819798,0.99184,0.522969,0.951762,-0.48491,0.977019,0.781328,0.811922,-0.775024,0.970501,0.509863,0.972395,-0.477422,0.92981,0.810886,0.832924,-0.77119,0.910248,0.445049,1.098078,-0.747771,0.969926,0.881831,0.912672,-1.017,0.962213
subject08_front_good_recline_var1.jpg,subject08,front,good,recline,var1,0.516417,0.161057,-0.665589,0.999948,0.541218,0.144934,-0.587909,0.99985,0.551456,0.146807,-0.588631,0.99984,0.564727,0.148796,-0.588527,0.999867,0.497099,0.143113,-0.586043,0.999911,0.484018,0.143481,-0.586887,0.999928,0.471511,0.145384,-0.587294,0.999928,0.5827,0.159898,-0.196708,0.999876,0.450919,0.157636,-0.188452,0.999771,0.543497,0.181961,-0.518364,0.999951,0.491912,0.181149,-0.522105,0.999954,0.691838,0.272349,-0.041549,0.999979,0.342678,0.274433,-0.004391,0.999945,0.778652,0.403314,-0.322098,0.981539,0.247506,0.408857,-0.348988,0.948417,0.770485,0.438447,-1.045289,0.992133,0.257134,0.437202,-1.147798,0.989581,0.791077,0.461494,-1.204838,0.99115,0.226896,0.459386,-1.327963,0.989639,0.767891,0.444088,-1.265183,0.99222,0.260536,0.445917,-1.381319,0.990848,0.752066,0.43927,-1.083478,0.987361,0.284415,0.439863,-1.192457,0.985154,0.617863,0.542593,0.009129,0.999794,0.39408,0.543728,-0.009688,0.999737,0.632551,0.647621,-0.923227,0.945422,0.394396,0.645627,-1.08374,0.940768,0.614674,0.876471,-0.547314,0.882469,0.413946,0.874717,-0.603486,0.868648,0.600352,0.895815,-0.531534,0.621204,0.432152,0.888155,-0.567957,0.57395,0.607773,0.961585,-0.976655,0.876476,0.418029,0.953919,-0.974857,0.833194
subject08_front_good_upright_var1.jpg,subject08,front,good,upright,var1,0.510442,0.163426,-0.663208,0.999297,0.534859,0.147724,-0.602454,0.99737,0.547112,0.149673,-0.603197,0.997595,0.560729,0.151354,-0.603226,0.998045,0.484811,0.146864,-0.607796,0.998428,0.471209,0.148975,-0.60873,0.998923,0.456459,0.15016,-0.609306,0.99903,0.577848,0.162562,-0.303269,0.998939,0.440302,0.161856,-0.327176,0.998078,0.539799,0.18927,-0.548916,0.999737,0.477026,0.188143,-0.561683,0.999756,0.68792,0.295475,-0.177409,0.999981,0.323722,0.294637,-0.177813,0.999945,0.76918,0.442787,-0.24437,0.993806,0.238187,0.441909,-0.308551,0.977523,0.689801,0.521318,-0.668689,0.992987,0.341699,0.521866,-0.764923,0.992655,0.664734,0.562292,-0.77672,0.990915,0.361832,0.554934,-0.886064,0.991824,0.626398,0.544218,-0.825976,0.991601,0.397607,0.541267,-0.92682,0.992461,0.620648,0.533864,-0.691719,0.98807,0.401648,0.529984,-0.790379,0.988561,0.609203,0.572314,0.029151,0.999818,0.387673,0.568746,-0.02976,0.999766,0.635804,0.640279,-0.945176,0.980443,0.383779,0.637746,-1.023161,0.973318,0.607842,0.888047,-0.524916,0.924854,0.41589,0.884236,-0.647266,0.946486,0.589875,0.904092,-0.495975,0.773974,0.429084,0.892439,-0.617251,0.721132,0.587871,0.973847,-0.836942,0.897973,0.426683,0.97181,-0.972281,0.902312
subject09_front_good_armrests_var1.jpg,subject09,front,good,armrests,var1,0.511004,0.168889,-0.624349,0.999889,0.538021,0.147992,-0.567527,0.999647,0.550481,0.148331,-0.568236,0.999613,0.567346,0.148887,-0.568209,0.999679,0.492734,0.146609,-0.564038,0.999797,0.480203,0.146153,-0.56483,0.999832,0.467951,0.146163,-0.565291,0.999839,0.57902,0.158789,-0.261001,0.999762,0.450106,0.155355,-0.244322,0.999666,0.539904,0.190898,-0.508499,0.999921,0.487584,0.187175,-0.509448,0.999927,0.686495,0.289939,-0.153288,0.999978,0.337332,0.289247,-0.104656,0.999944,0.755524,0.422692,-0.385006,0.988725,0.271887,0.421785,-0.391324,0.965426,0.777395,0.472263,-0.965559,0.994439,0.23335,0.468948,-1.004435,0.993175,0.807479,0.508864,-1.099574,0.993713,0.199065,0.504704,-1.143622,0.993666,0.776066,0.499171,-1.171102,0.994411,0.234944,0.493844,-1.207555,0.994377,0.754121,0.489715,-1.005861,0.992,0.25844,0.485727,-1.048582,0.991661,0.613144,0.549527,0.003595,0.999914,0.399665,0.548587,-0.004167,0.999886,0.652744,0.622756,-0.873071,0.979415,0.362708,0.623519,-0.88279,0.979398,0.620935,0.871016,-0.633389,0.968254,0.382776,0.879359,-0.662402,0.973698,0.601097,0.890486,-0.627676,0.848103,0.40667,0.903821,-0.650323,0.835372,0.640422,0.968758,-1.006886,0.969435,0.369451,0.963265,-1.009855,0.964679
subject09_front_good_focus_var1.jpg,subject09,front,good,focus,var1,0.512411,0.176709,-0.378106,0.999993,0.531238,0.157522,-0.323425,0.999981,0.546854,0.158051,-0.32398,0.99998,0.560124,0.158556,-0.324009,0.999984,0.489173,0.156381,-0.322783,0.999991,0.474121,0.156292,-0.323582,0.999992,0.46488,0.156401,-0.323914,0.999993,0.571875,0.166948,-0.058082,0.999985,0.450484,0.169373,-0.049425,0.999981,0.537586,0.198917,-0.279286,0.99999,0.486878,0.197771,-0.282532,0.99999,0.688647,0.293564,0.007128,0.999986,0.349827,0.293332,0.043033,0.999977,0.787145,0.405606,-0.186407,0.979475,0.254383,0.39822,-0.160949,0.973972,0.837976,0.45216,-0.669026,0.990467,0.181808,0.446498,-0.614584,0.992905,0.875739,0.468359,-0.770869,0.990082,0.134808,0.460442,-0.712642,0.992509,0.852075,0.465179,-0.840657,0.991871,0.169241,0.457016,-0.776857,0.993421,0.828869,0.464129,-0.708328,0.990787,0.194599,0.458864,-0.656354,0.991435,0.606119,0.53474,-0.008488,0.999889,0.42682,0.531888,0.007983,0.999902,0.514286,0.521084,-0.741048,0.967669,0.526909,0.631417,-0.540512,0.947041,0.356044,0.77039,-0.753222,0.951313,0.540113,0.880871,-0.465345,0.952273,0.343395,0.804531,-0.766308,0.888715,0.542668,0.906474,-0.464542,0.784316,0.245717,0.840584,-1.067312,0.973071,0.554683,0.96643,-0.752587,0.950195
subject09_front_good_recline_var1.jpg,subject09,front,good,recline,var1,0.529281,0.180112,-0.673252,0.99997,0.549295,0.160296,-0.61144,0.99991,0.564999,0.161045,-0.612141,0.999907,0.577599,0.161571,-0.612088,0.999922,0.505148,0.158345,-0.611799,0.999942,0.491393,0.158594,-0.612591,0.999952,0.476557,0.159049,-0.612976,0.999948,0.587915,0.170005,-0.26763,0.999946,0.454729,0.170253,-0.26881,0.999877,0.554855,0.201803,-0.540845,0.999973,0.497492,0.201366,-0.54699,0.99997,0.694306,0.292532,-0.133968,0.999989,0.34627,0.294744,-0.073284,0.999939,0.771175,0.429261,-0.347549,0.995168,0.275228,0.422301,-0.331221,0.965912,0.735894,0.48329,-0.933066,0.997925,0.252861,0.47569,-0.964972,0.991731,0.754448,0.500312,-1.069642,0.997243,0.215998,0.49393,-1.103676,0.992808,0.722003,0.480846,-1.125292,0.997556,0.236102,0.478672,-1.167031,0.993642,0.704382,0.47818,-0.966359,0.996185,0.25911,0.474415,-1.008916,0.990673,0.620778,0.556384,0.002345,0.999902,0.415809,0.557871,-0.002847,0.999846,0.683907,0.636888,-0.862047,0.989537,0.361061,0.635961,-0.911133,0.987757,0.639591,0.886964,-0.640004,0.983281,0.378039,0.887294,-0.66285,0.982269,0.624733,0.910343,-0.637546,0.909357,0.396626,0.907819,-0.649896,0.875074,0.642247,0.971752,-1.052121,0.982747,0.382639,0.971057,-1.044256,0.974572
subject09_front_good_upright_var1.jpg,subject09,front,good,upright,var1,0.520743,0.162504,-0.579691,0.999987,0.544341,0.142284,-0.522264,0.999956,0.559467,0.14298,-0.522909,0.99995,0.57371,0.143818,-0.52286,0.999958,0.4997,0.141938,-0.522173,0.999975,0.486278,0.142168,-0.522906,0.999978,0.475032,0.14215,-0.523241,0.999977,0.584907,0.1526,-0.206248,0.999973,0.453662,0.150318,-0.204089,0.999959,0.549029,0.184474,-0.45923,0.99999,0.492368,0.183427,-0.464061,0.99999,0.693578,0.285896,-0.102287,0.999993,0.332946,0.284047,-0.047121,0.999979,0.786162,0.408613,-0.355661,0.996569,0.257825,0.406321,-0.310922,0.988844,0.793188,0.455344,-0.96436,0.998942,0.23317,0.462073,-0.912431,0.998706,0.822847,0.486635,-1.108852,0.998616,0.203356,0.491331,-1.049737,0.998746,0.783809,0.479283,-1.172169,0.99877,0.240221,0.481061,-1.115804,0.998892,0.761576,0.47241,-1.002787,0.998066,0.264953,0.473776,-0.956439,0.998221,0.610654,0.549063,-0.002636,0.999953,0.396103,0.549024,0.002003,0.999933,0.701463,0.626263,-0.811009,0.990851,0.33848,0.629784,-0.845749,0.990197,0.659931,0.879518,-0.610572,0.986905,0.374581,0.884946,-0.590969,0.985773,0.6347,0.904145,-0.608735,0.919599,0.401452,0.907903,-0.574824,0.90379,0.678944,0.973143,-0.973394,0.985412,0.354652,0.968864,-0.906825,0.979573
subject10_front_good_armrests_var1.jpg,subject10,front,good,armrests,var1,0.492974,0.191112,-0.309104,0.999999,0.519225,0.176725,-0.250002,0.999998,0.529983,0.177643,-0.250506,0.999997,0.544182,0.178481,-0.25044,0.999998,0.47612,0.174017,-0.250003,0.999999,0.463732,0.174419,-0.250661,0.999999,0.451391,0.17526,-0.250803,0.999999,0.561132,0.188838,0.030521,0.999997,0.435995,0.185767,0.031024,0.999997,0.51836,0.211776,-0.207694,0.999998,0.469415,0.208724,-0.21236,0.999999,0.640477,0.291628,0.081495,0.999995,0.35482,0.288654,0.090972,0.999994,0.707998,0.385873,-0.221038,0.989607,0.289867,0.372079,-0.232434,0.982969,0.760986,0.4269,-0.806925,0.99509,0.248854,0.424378,-0.799959,0.997927,0.795811,0.446967,-0.935793,0.99477,0.211016,0.447502,-0.923637,0.997971,0.765906,0.44458,-0.995815,0.995451,0.24456,0.444299,-0.983155,0.998212,0.745378,0.442891,-0.845668,0.993792,0.273229,0.441365,-0.841917,0.997299,0.580376,0.520001,0.010127,0.999965,0.402794,0.51864,-0.010767,0.999963,0.580944,0.571469,-0.737443,0.961402,0.417542,0.564808,-0.778496,0.965527,0.559681,0.815542,-0.795129,0.940779,0.443079,0.818484,-0.814741,0.960432,0.547799,0.837384,-0.816954,0.871158,0.450645,0.836766,-0.827055,0.850456,0.546472,0.907237,-1.118241,0.96692,0.446984,0.907853,-1.108067,0.967018
subject10_front_good_focus_var1.jpg,subject10,front,good,focus,var1,0.523447,0.219823,-0.280101,0.999898,0.546735,0.202131,-0.249268,0.999818,0.556493,0.202991,-0.249615,0.999802,0.566919,0.203905,-0.249525,0.9998,0.504638,0.199109,-0.248464,0.999905,0.492739,0.198674,-0.249231,0.999931,0.48158,0.198538,-0.249639,0.999944,0.583793,0.210006,-0.043624,0.999902,0.469016,0.20459,-0.046023,0.999927,0.547559,0.237725,-0.195602,0.999916,0.499122,0.235033,-0.201045,0.999941,0.651835,0.29565,0.060443,0.999979,0.374708,0.287068,0.053195,0.999992,0.699668,0.42364,-0.162063,0.9829,0.270106,0.414982,-0.079896,0.947715,0.603977,0.318647,-0.511406,0.985631,0.432113,0.442917,-0.355028,0.9866,0.581377,0.288823,-0.571993,0.980715,0.470956,0.460261,-0.411002,0.98471,0.575781,0.273922,-0.552276,0.979387,0.500799,0.446628,-0.384021,0.984647,0.569956,0.28571,-0.504399,0.970423,0.493295,0.442065,-0.34687,0.977617,0.54444,0.504286,0.030855,0.999933,0.379289,0.492479,-0.03129,0.999943,0.445798,0.604077,-0.47955,0.985679,0.474333,0.489431,-0.476107,0.983271,0.464951,0.779466,-0.388596,0.964042,0.654422,0.682364,-0.53468,0.975892,0.461723,0.794635,-0.378345,0.936141,0.653487,0.715463,-0.537492,0.902018,0.436065,0.891239,-0.543596,0.971702,0.734958,0.739401,-0.723707,0.976937
subject10_front_good_recline_var1.jpg,subject10,front,good,recline,var1,0.502558,0.211684,-0.335292,0.999965,0.52723,0.198269,-0.301301,0.99991,0.538474,0.199443,-0.301841,0.999905,0.551944,0.200458,-0.301837,0.999938,0.487283,0.195602,-0.295371,0.99994,0.476185,0.195656,-0.296056,0.999941,0.465777,0.196559,-0.296298,0.999948,0.569161,0.209725,-0.099985,0.999942,0.450566,0.206109,-0.073529,0.999836,0.52894,0.231787,-0.255592,0.999961,0.480025,0.227434,-0.253233,0.999953,0.658739,0.313928,-0.029397,0.999992,0.355795,0.313153,0.068096,0.999963,0.731248,0.439223,-0.155585,0.950884,0.296043,0.428212,-0.066161,0.661711,0.684445,0.424803,-0.499377,0.980071,0.282179,0.409922,-0.470669,0.928967,0.686661,0.428124,-0.571181,0.976894,0.239237,0.418169,-0.549057,0.951751,0.662838,0.407358,-0.597839,0.978591,0.256118,0.396478,-0.584489,0.956209,0.652359,0.410714,-0.513702,0.969136,0.282715,0.396661,-0.498241,0.936722,0.585967,0.51916,-0.013045,0.99989,0.405885,0.515049,0.012544,0.999834,0.573697,0.573876,-0.534005,0.881932,0.414048,0.575367,-0.480805,0.833358,0.570255,0.785776,-0.357837,0.855315,0.430343,0.790188,-0.311934,0.880369,0.567338,0.806727,-0.350356,0.624375,0.442453,0.808557,-0.299973,0.519477,0.554093,0.866937,-0.577606,0.886572,0.43239,0.866796,-0.521217,0.863033
subject10_front_good_upright_var1.jpg,subject10,front,good,upright,var1,0.489238,0.162139,-0.454667,0.999823,0.514435,0.148249,-0.386406,0.999481,0.527172,0.149361,-0.387001,0.999493,0.54121,0.150561,-0.386975,0.999613,0.470402,0.145391,-0.381203,0.999643,0.456516,0.145356,-0.381964,0.999719,0.444228,0.145557,-0.382324,0.999733,0.558907,0.157409,-0.043384,0.999722,0.426086,0.154438,-0.021552,0.999141,0.517603,0.183786,-0.324304,0.999842,0.460145,0.181996,-0.323431,0.999817,0.653632,0.267524,0.073694,0.999978,0.334912,0.262579,0.158114,0.999924,0.726075,0.403955,-0.178044,0.968618,0.263028,0.396783,-0.105314,0.726005,0.6442,0.392009,-0.763007,0.974403,0.334253,0.399253,-0.759062,0.881044,0.633494,0.393616,-0.899751,0.969064,0.336849,0.402402,-0.902567,0.905869,0.605704,0.378319,-0.915821,0.970377,0.373394,0.387034,-0.926744,0.910322,0.597486,0.380325,-0.779259,0.948786,0.383363,0.38639,-0.786711,0.867262,0.587346,0.509434,0.008591,0.99991,0.396614,0.502602,-0.00897,0.999874,0.577178,0.606925,-0.777957,0.933643,0.416207,0.599823,-0.94494,0.93788,0.582595,0.813008,-0.396509,0.841338,0.427038,0.808774,-0.554007,0.891486,0.568323,0.828866,-0.375292,0.658558,0.431078,0.819824,-0.525112,0.658043,0.558944,0.900034,-0.754335,0.830578,0.4401,0.896997,-0.902261,0.845636
subject01_left_bad_asymmetricalLean_var1.jpg,subject01,left,bad,asymmetricalLean,var1,0.404147,0.252358,-0.02507,0.999586,0.413242,0.225681,-0.025205,0.999483,0.418818,0.223994,-0.02554,0.999328,0.424675,0.222271,-0.025525,0.999694,0.408808,0.225821,0.012497,0.999319,0.410419,0.224266,0.011866,0.999289,0.412191,0.222632,0.011577,0.999426,0.462767,0.219615,-0.006345,0.999906,0.450919,0.223259,0.172196,0.999132,0.42541,0.272969,-0.01548,0.999932,0.416119,0.273014,0.033575,0.999789,0.637705,0.302996,0.002514,0.999984,0.434235,0.362944,0.169693,0.999758,0.722491,0.462383,-0.215487,0.988993,0.349838,0.472926,-0.143931,0.952747,0.729007,0.546488,-0.537053,0.992684,0.401435,0.321521,-0.503252,0.899317,0.743274,0.582568,-0.615039,0.990431,0.415159,0.280468,-0.578387,0.826434,0.71139,0.568185,-0.626839,0.989645,0.423791,0.276065,-0.551705,0.7893,0.701897,0.562575,-0.546895,0.980452,0.426536,0.291592,-0.504036,0.716844,0.660476,0.606146,-0.03837,0.999948,0.528702,0.615877,0.037728,0.999898,0.772718,0.640358,-0.71729,0.970603,0.389504,0.644805,-0.488417,0.939577,0.72927,0.948985,-0.595806,0.843419,0.384379,0.943717,-0.481836,0.841272,0.705351,0.977497,-0.594798,0.785287,0.423118,0.983494,-0.488058,0.801664,0.784544,0.997579,-0.803667,0.727443,0.299573,1.066245,-0.658759,0.76267
subject01_left_bad_asymmetricalLean_var2.jpg,subject01,left,bad,asymmetricalLean,var2,0.284087,0.318568,-0.298605,0.996895,0.286816,0.289065,-0.302357,0.995513,0.292071,0.28688,-0.30277,0.994442,0.296651,0.285613,-0.302725,0.997841,0.282397,0.289407,-0.271605,0.993121,0.283571,0.287463,-0.272308,0.992026,0.284479,0.285689,-0.27266,0.993666,0.336414,0.275433,-0.269117,0.999041,0.325739,0.282664,-0.122952,0.988718,0.304745,0.333157,-0.280655,0.99921,0.299538,0.336955,-0.24106,0.997539,0.530248,0.298904,-0.223483,0.999902,0.339178,0.407874,-0.080881,0.997562,0.654712,0.428043,-0.376675,0.982299,0.209256,0.434001,-0.247722,0.867327,0.732924,0.533711,-0.606713,0.973133,0.299291,0.331487,-0.338354,0.288185,0.772346,0.566991,-0.671918,0.959314,0.318739,0.303572,-0.371022,0.149296,0.750916,0.575087,-0.69922,0.957221,0.328633,0.307643,-0.359101,0.130151,0.730795,0.567798,-0.620697,0.934694,0.324607,0.319261,-0.337329,0.133601,0.656304,0.580262,-0.02391,0.999936,0.539825,0.625079,0.023252,0.999877,0.79431,0.65014,-0.70211,0.877043,0.435066,0.66545,-0.590849,0.806645,0.749382,0.919455,-0.669856,0.755996,0.519108,0.952343,-0.59567,0.626812,0.723824,0.955056,-0.677774,0.64452,0.569418,0.973873,-0.601444,0.562082,0.806006,0.97594,-0.90565,0.626411,0.524275,1.102623,-0.77216,0.550695
subject01_left_bad_forwardHead_var1.jpg,subject01,left,bad,forwardHead,var1,0.345669,0.27977,-0.041507,0.999798,0.350016,0.243208,-0.090668,0.999762,0.354341,0.241067,-0.090979,0.999683,0.35839,0.239009,-0.090867,0.999781,0.34783,0.242576,-0.027581,0.999888,0.350274,0.239983,-0.028351,0.99991,0.353204,0.236935,-0.02877,0.999951,0.394812,0.231641,-0.21196,0.999915,0.396576,0.231389,0.069666,0.999954,0.36987,0.295987,-0.075484,0.999923,0.367488,0.296669,0.002946,0.999913,0.536518,0.326815,-0.29123,0.999969,0.509952,0.329132,0.236834,0.999961,0.495515,0.541535,-0.259648,0.941023,0.481144,0.498112,0.295028,0.054587,0.324723,0.497146,-0.027907,0.902729,0.337384,0.496988,0.099951,0.344264,0.281125,0.50128,-0.032677,0.862915,0.302087,0.501581,0.072819,0.477963,0.277892,0.481751,-0.031993,0.8567,0.294132,0.48555,0.047003,0.48391,0.293386,0.482422,-0.016912,0.820848,0.307899,0.483527,0.080003,0.434513,0.658613,0.664983,-0.163296,0.99934,0.608589,0.614296,0.163001,0.999583,0.320877,0.651087,-0.163937,0.943225,0.318665,0.61458,0.143027,0.195142,0.316146,0.949903,-0.02512,0.91489,0.317429,0.897411,0.1803,0.109998,0.346525,0.993139,-0.007664,0.908363,0.346786,0.940047,0.185482,0.175664,0.197919,1.015379,-0.018802,0.911103,0.221913,0.957695,0.174212,0.191682
subject01_left_bad_forwardHead_var2.jpg,subject01,left,bad,forwardHead,var2,0.356315,0.232613,0.014915,0.999981,0.362322,0.202356,-0.04114,0.999977,0.366631,0.19995,-0.041426,0.999972,0.371014,0.197997,-0.041303,0.999975,0.360541,0.201687,0.016078,0.99999,0.363404,0.198927,0.015336,0.999993,0.366797,0.195866,0.015052,0.999996,0.40646,0.196067,-0.191774,0.999991,0.409734,0.194071,0.065043,0.999997,0.377008,0.251411,-0.02812,0.999982,0.373103,0.248408,0.043725,0.999987,0.505418,0.322801,-0.266128,0.999988,0.508271,0.297794,0.196412,0.999985,0.379871,0.511141,-0.225512,0.972715,0.396302,0.476525,0.215944,0.313395,0.270678,0.470283,0.022741,0.986499,0.374242,0.32139,0.066158,0.91801,0.230932,0.473722,0.014719,0.98508,0.368798,0.284544,0.039818,0.942183,0.228534,0.454438,0.016569,0.984472,0.38344,0.274315,0.045937,0.938401,0.244305,0.456392,0.032965,0.977447,0.39134,0.28813,0.062189,0.915467,0.650692,0.643308,-0.149114,0.99975,0.625708,0.592281,0.148911,0.999838,0.332289,0.616244,-0.066073,0.960027,0.338469,0.566823,0.162721,0.146334,0.339529,0.917954,-0.005171,0.981244,0.336427,0.869848,0.130646,0.180953,0.376907,0.968519,0.002651,0.980576,0.373736,0.921053,0.129322,0.27092,0.212234,0.963583,0.00389,0.98415,0.233449,0.936323,0.134829,0.37355
subject01_left_bad_slidingDown_var1.jpg,subject01,left,bad,slidingDown,var1,0.69358,0.275919,-0.021737,0.999818,0.707591,0.250084,-0.054869,0.999774,0.716157,0.249198,-0.055148,0.999787,0.72486,0.247582,-0.054873,0.999801,0.702114,0.25012,-0.006876,0.999807,0.704414,0.249227,-0.007664,0.999844,0.707593,0.247615,-0.008055,0.999882,0.767524,0.25236,-0.13449,0.999901,0.748384,0.252561,0.083538,0.999877,0.711342,0.299098,-0.036571,0.999649,0.70373,0.299624,0.022048,0.999365,0.782646,0.396996,-0.250833,0.99995,0.777188,0.394627,0.257052,0.999161,0.563936,0.525131,-0.31871,0.985207,0.620077,0.524833,0.377087,0.015562,0.361383,0.503229,-0.245798,0.947071,0.536444,0.52554,0.383303,0.020168,0.311778,0.500367,-0.28463,0.942292,0.507434,0.530906,0.383587,0.032359,0.30566,0.477682,-0.265388,0.944845,0.50042,0.515122,0.353219,0.032156,0.320124,0.481354,-0.231753,0.921799,0.511464,0.513739,0.366842,0.035282,0.605989,0.683351,-0.15542,0.999541,0.596104,0.656166,0.15523,0.999346,0.290069,0.671645,-0.205467,0.894262,0.332227,0.680321,0.200635,0.083803,0.230259,0.962503,-0.061123,0.769982,0.264479,0.954972,0.340629,0.043447,0.247664,1.003533,-0.044219,0.788856,0.274095,1.006525,0.35487,0.080395,0.091233,0.962996,-0.053413,0.77386,0.169638,0.983289,0.351479,0.062608
subject01_left_bad_slidingDown_var2.jpg,subject01,left,bad,slidingDown,var2,0.768693,0.300584,0.196375,0.99999,0.776788,0.278505,0.169181,0.999985,0.782612,0.277049,0.168852,0.999984,0.788556,0.275622,0.169057,0.99999,0.773009,0.279132,0.217038,0.999991,0.775136,0.278547,0.216403,0.999992,0.777406,0.277641,0.216234,0.999993,0.828244,0.274718,0.103393,0.999995,0.812722,0.278466,0.324217,0.999987,0.785469,0.3218,0.181481,0.999992,0.779859,0.322076,0.241857,0.999982,0.873025,0.399072,-0.020808,1.0,0.816452,0.396989,0.446971,0.999977,0.774452,0.550953,-0.043606,0.995075,0.726347,0.524912,0.498978,0.028463,0.630192,0.529689,0.043521,0.977901,0.629121,0.5749,0.409977,0.041901,0.592388,0.553969,0.025605,0.96976,0.596742,0.595273,0.399357,0.065004,0.586985,0.552177,0.030935,0.969088,0.58697,0.597626,0.357633,0.063833,0.601236,0.547055,0.054384,0.955896,0.599816,0.588776,0.386458,0.064954,0.716483,0.659503,-0.142332,0.999971,0.679554,0.628115,0.141917,0.999954,0.427324,0.727893,-0.161609,0.98507,0.411763,0.700046,-0.030447,0.268439,0.179599,0.898526,-0.282116,0.940722,0.171829,0.862531,-0.188753,0.154358,0.155279,0.952153,-0.297242,0.954107,0.146912,0.921541,-0.209532,0.378025,0.062132,0.816488,-0.387342,0.950013,0.059466,0.796868,-0.289211,0.337133
subject01_left_bad_slouch_var1.jpg,subject01,left,bad,slouch,var1,0.373718,0.254975,-0.043261,0.999817,0.378969,0.222517,-0.094294,0.999745,0.383594,0.22103,-0.094568,0.999654,0.387938,0.219366,-0.094431,0.999741,0.3774,0.221698,-0.032815,0.999893,0.380324,0.219667,-0.033585,0.999917,0.383948,0.217103,-0.033992,0.999959,0.426353,0.213005,-0.217949,0.999879,0.428812,0.211208,0.056736,0.99996,0.39849,0.273005,-0.077365,0.999876,0.395669,0.273272,-0.00088,0.999882,0.544696,0.323725,-0.292664,0.999939,0.534411,0.313597,0.222625,0.999943,0.444769,0.528631,-0.267288,0.878797,0.454095,0.486238,0.278242,0.029299,0.287421,0.484895,-0.045593,0.792191,0.31467,0.490108,0.084601,0.212701,0.23935,0.485278,-0.056622,0.764752,0.270349,0.488668,0.056761,0.341083,0.236169,0.471244,-0.053723,0.756768,0.262307,0.478736,0.02731,0.346576,0.252007,0.472806,-0.035226,0.711749,0.278895,0.480839,0.063052,0.311523,0.653683,0.678354,-0.157492,0.999532,0.619156,0.619214,0.15718,0.999716,0.317045,0.63607,-0.158683,0.901084,0.323063,0.604756,0.177538,0.082704,0.310562,0.941427,-0.01292,0.887883,0.31857,0.895608,0.261035,0.066763,0.341751,0.984503,0.005709,0.895849,0.353368,0.943121,0.27143,0.119509,0.186432,0.989726,0.009109,0.897587,0.224078,0.94754,0.274752,0.131408
subject01_left_bad_slouch_var2.jpg,subject01,left,bad,slouch,var2,0.392093,0.252778,-0.049627,0.999654,0.396533,0.218213,-0.084225,0.999368,0.400857,0.216087,-0.084455,0.999179,0.405091,0.214337,-0.08434,0.999428,0.393957,0.217561,-0.033204,0.999622,0.396403,0.215304,-0.033872,0.999699,0.398932,0.212819,-0.034151,0.999826,0.442882,0.209783,-0.167174,0.999734,0.441641,0.210124,0.060583,0.9998,0.414733,0.270483,-0.071595,0.999676,0.411845,0.271446,-0.008854,0.999625,0.552427,0.33836,-0.273246,0.999983,0.557873,0.31646,0.218868,0.999822,0.562498,0.56007,-0.30689,0.975254,0.575153,0.542054,0.273474,0.008431,0.532863,0.758869,-0.205922,0.946964,0.537428,0.702568,0.198091,0.025718,0.543228,0.822456,-0.244497,0.917198,0.540214,0.741845,0.177171,0.037282,0.518818,0.824236,-0.245751,0.917176,0.534975,0.741902,0.134808,0.038563,0.514714,0.80284,-0.201227,0.898325,0.521908,0.733052,0.174626,0.033782,0.666837,0.684621,-0.141477,0.999888,0.682283,0.63618,0.140986,0.999864,0.329703,0.62223,-0.166325,0.945234,0.346967,0.614151,0.13495,0.057002,0.355449,0.918528,0.114583,0.821714,0.338971,0.902535,0.297838,0.032776,0.397072,0.968965,0.147888,0.826483,0.372933,0.949574,0.315433,0.060783,0.233173,0.977555,0.181383,0.832858,0.229839,0.964618,0.327768,0.066957
subject02_left_bad_asymmetricalLean_var1.jpg,subject02,left,bad,asymmetricalLean,var1,0.314085,0.185833,-0.185761,0.999967,0.331524,0.163542,-0.237362,0.999944,0.337447,0.163149,-0.237768,0.999925,0.343431,0.162627,-0.237624,0.99994,0.32889,0.161382,-0.169793,0.999975,0.332501,0.159733,-0.170667,0.999979,0.336167,0.158268,-0.171036,0.999989,0.393633,0.168493,-0.335567,0.99996,0.37935,0.166686,-0.035085,0.999986,0.335259,0.203792,-0.206119,0.999923,0.329018,0.20329,-0.123712,0.999933,0.474859,0.293635,-0.455638,0.999847,0.432273,0.295332,0.227347,0.999701,0.305935,0.440657,-0.470624,0.880437,0.317123,0.422938,0.2988,0.043988,0.109722,0.437379,-0.270386,0.682194,0.115651,0.45133,0.107479,0.07406,0.058721,0.436338,-0.31279,0.654228,0.076903,0.44513,0.084213,0.110256,0.060031,0.422388,-0.297846,0.641672,0.070894,0.437621,0.028261,0.112936,0.079924,0.427199,-0.257367,0.576734,0.086069,0.441249,0.073478,0.106432,0.600262,0.580566,-0.203252,0.999745,0.582179,0.566736,0.203033,0.999784,0.240968,0.632747,-0.243062,0.876486,0.25678,0.623912,0.265441,0.052772,0.281743,0.862507,0.086511,0.812217,0.294576,0.840233,0.553064,0.057405,0.329308,0.903467,0.121714,0.838734,0.337657,0.879501,0.581987,0.106126,0.11937,0.912766,0.103303,0.841803,0.144696,0.897899,0.563962,0.10787
subject02_left_bad_asymmetricalLean_var2.jpg,subject02,left,bad,asymmetricalLean,var2,0.33948,0.190525,-0.148539,0.999962,0.361325,0.167007,-0.200029,0.99994,0.367282,0.166676,-0.200491,0.999924,0.373179,0.16657,-0.200346,0.999941,0.358474,0.166557,-0.129434,0.999973,0.361739,0.165981,-0.130316,0.999979,0.364835,0.165164,-0.13069,0.999989,0.421784,0.175638,-0.306711,0.999963,0.408085,0.175291,0.005896,0.999986,0.35834,0.210698,-0.174556,0.99994,0.35193,0.210075,-0.088898,0.999946,0.518523,0.312009,-0.4586,0.999921,0.441355,0.306531,0.267225,0.999777,0.372139,0.454674,-0.501515,0.964904,0.328767,0.428292,0.35609,0.050952,0.15369,0.462202,-0.342097,0.884971,0.143546,0.455235,0.163095,0.112409,0.087369,0.476792,-0.389667,0.859982,0.077711,0.466224,0.142184,0.163978,0.081605,0.456736,-0.373751,0.854947,0.07401,0.454187,0.081109,0.172338,0.109821,0.453798,-0.328119,0.797955,0.099213,0.451619,0.126828,0.157627,0.645401,0.592411,-0.206086,0.999803,0.587348,0.583739,0.206048,0.999811,0.299644,0.65639,-0.282719,0.845307,0.283072,0.652703,0.131257,0.046263,0.335404,0.894665,-0.071281,0.795406,0.316095,0.879904,0.279589,0.049334,0.381649,0.93407,-0.050664,0.858904,0.363057,0.921106,0.291764,0.109659,0.179064,0.947085,-0.116856,0.858836,0.17196,0.935232,0.223288,0.112486
subject02_left_bad_forwardHead_var1.jpg,subject02,left,bad,forwardHead,var1,0.379841,0.262303,-0.100383,0.999905,0.384168,0.23788,-0.158139,0.999873,0.388871,0.236851,-0.158481,0.999843,0.394021,0.235516,-0.158218,0.999874,0.381709,0.237049,-0.086478,0.999939,0.384774,0.235555,-0.087357,0.999955,0.387362,0.23412,-0.087782,0.999975,0.442627,0.229182,-0.283974,0.99994,0.438808,0.231047,0.037378,0.999976,0.410508,0.274313,-0.131249,0.999917,0.408201,0.274253,-0.042853,0.9999,0.591436,0.303644,-0.373504,0.999971,0.549367,0.310618,0.248117,0.99993,0.561408,0.461505,-0.424786,0.967873,0.508128,0.441585,0.356343,0.034945,0.344388,0.441775,-0.289674,0.922229,0.340455,0.438936,0.194505,0.204962,0.284264,0.454926,-0.314875,0.899336,0.292043,0.449415,0.166662,0.303801,0.27092,0.434764,-0.305068,0.895511,0.281556,0.436274,0.131659,0.302303,0.289586,0.431507,-0.276325,0.865859,0.298259,0.432881,0.169821,0.251939,0.680494,0.579783,-0.189198,0.999775,0.650855,0.552744,0.189019,0.999819,0.322207,0.61744,-0.22647,0.861024,0.348004,0.604233,0.232968,0.056808,0.307027,0.843001,0.049884,0.844997,0.332652,0.818831,0.391271,0.077312,0.364825,0.889727,0.081,0.890447,0.437791,0.863946,0.405387,0.141245,0.185011,0.915141,0.058692,0.903358,0.246673,0.886578,0.358485,0.173922
subject02_left_bad_forwardHead_var2.jpg,subject02,left,bad,forwardHead,var2,0.377843,0.233309,-0.190093,0.999522,0.390852,0.212769,-0.241784,0.99957,0.395584,0.21253,-0.242236,0.999404,0.399986,0.212255,-0.242231,0.999582,0.390594,0.210904,-0.165081,0.999826,0.3947,0.20956,-0.166047,0.999838,0.398957,0.208275,-0.166597,0.999906,0.446163,0.215459,-0.343109,0.999687,0.442753,0.212278,-0.005212,0.999884,0.404679,0.253219,-0.216195,0.999623,0.401732,0.252475,-0.122275,0.999702,0.559075,0.322618,-0.450614,0.999892,0.536439,0.306098,0.216165,0.999927,0.432297,0.461648,-0.356188,0.87092,0.549289,0.453365,0.219038,0.013492,0.393182,0.334189,0.038648,0.720675,0.581106,0.551366,-0.087506,0.016256,0.379466,0.306348,0.039157,0.667644,0.584742,0.583665,-0.124719,0.023493,0.409159,0.293976,0.018192,0.664364,0.601011,0.57896,-0.174569,0.024341,0.418676,0.305581,0.043445,0.613747,0.602564,0.566326,-0.120704,0.025334,0.671396,0.584139,-0.217711,0.99984,0.634628,0.562457,0.217634,0.999904,0.344119,0.643166,-0.208422,0.645339,0.347118,0.62536,0.076048,0.072329,0.315409,0.862714,-0.04012,0.742993,0.333752,0.853119,0.204681,0.080119,0.355968,0.898431,-0.024541,0.688397,0.393797,0.889444,0.217557,0.134898,0.176367,0.926753,-0.110509,0.745368,0.263895,0.917645,0.158301,0.125111
subject02_left_bad_slidingDown_var1.jpg,subject02,left,bad,slidingDown,var1,0.722093,0.26194,-0.015388,0.999983,0.732925,0.240182,-0.050313,0.999978,0.73854,0.239767,-0.050609,0.999971,0.742989,0.239362,-0.050407,0.999982,0.728024,0.23925,-0.0029,0.999988,0.730243,0.238593,-0.003498,0.999989,0.732636,0.237509,-0.003692,0.999992,0.776791,0.244677,-0.141117,0.999986,0.765605,0.241769,0.075444,0.999983,0.734592,0.281616,-0.037026,0.999982,0.728197,0.27997,0.022177,0.999972,0.795212,0.360805,-0.24844,0.999998,0.778473,0.342076,0.244587,0.999963,0.689596,0.515378,-0.268067,0.977246,0.672571,0.471584,0.282245,0.013473,0.557608,0.524072,-0.178392,0.90333,0.564665,0.528697,0.141992,0.033603,0.522137,0.544336,-0.211208,0.867094,0.536539,0.543867,0.124142,0.045731,0.514965,0.535375,-0.208746,0.869178,0.527097,0.537544,0.077065,0.047046,0.526253,0.530626,-0.170734,0.81356,0.538782,0.535918,0.115238,0.044124,0.662352,0.572147,-0.163106,0.999919,0.642306,0.547895,0.163006,0.99989,0.417298,0.63449,-0.169214,0.793858,0.416053,0.61878,0.044829,0.039315,0.197062,0.801192,-0.211945,0.749588,0.211795,0.77306,-0.033455,0.06326,0.184077,0.861008,-0.223951,0.739372,0.198961,0.830355,-0.047804,0.133854,0.055502,0.76218,-0.352253,0.793265,0.071268,0.748277,-0.155777,0.150572
subject02_left_bad_slidingDown_var2.jpg,subject02,left,bad,slidingDown,var2,0.50956,0.282945,-0.044962,0.999448,0.515929,0.259859,-0.082031,0.999362,0.520891,0.258933,-0.082407,0.999008,0.525905,0.258119,-0.082326,0.99948,0.513427,0.258949,-0.037692,0.999722,0.517005,0.257626,-0.038543,0.999732,0.52135,0.256274,-0.038892,0.999869,0.561567,0.256261,-0.161939,0.999428,0.558568,0.255049,0.03695,0.999698,0.533076,0.301818,-0.062039,0.999317,0.529855,0.302595,-0.007424,0.999384,0.639689,0.339882,-0.237601,0.999695,0.601875,0.336913,0.171199,0.999596,0.494976,0.423384,-0.310365,0.791805,0.489605,0.394821,0.210806,0.03343,0.339106,0.40392,-0.258484,0.561412,0.339524,0.401812,0.084116,0.054456,0.291891,0.405845,-0.305486,0.544813,0.299877,0.404709,0.067657,0.066256,0.287453,0.391975,-0.293695,0.533726,0.292053,0.39765,0.019332,0.067002,0.300375,0.392091,-0.253067,0.482308,0.303608,0.398054,0.057665,0.068007,0.740579,0.573888,-0.123229,0.999819,0.699284,0.552489,0.122914,0.999868,0.485328,0.648407,-0.135155,0.839568,0.473262,0.633578,0.057763,0.04174,0.230903,0.808261,-0.178244,0.861093,0.253439,0.784371,0.057399,0.046193,0.212491,0.854169,-0.189397,0.924646,0.229574,0.830945,0.055162,0.100161,0.11697,0.765979,-0.312687,0.88301,0.149712,0.760568,-0.038163,0.083569
subject02_left_bad_slouch_var1.jpg,subject02,left,bad,slouch,var1,0.409674,0.23374,-0.046029,0.999667,0.423164,0.209004,-0.094794,0.999398,0.42723,0.208758,-0.095157,0.99923,0.432534,0.208252,-0.094927,0.999438,0.421129,0.207221,-0.028619,0.999701,0.423884,0.206256,-0.029422,0.99977,0.427011,0.205079,-0.029806,0.999876,0.478935,0.209484,-0.206995,0.999677,0.476286,0.210243,0.086281,0.999827,0.434359,0.249573,-0.074882,0.999663,0.430954,0.249355,0.005079,0.999582,0.569122,0.308186,-0.347815,0.999977,0.578651,0.304104,0.305981,0.999783,0.562938,0.488241,-0.36666,0.929848,0.585563,0.477178,0.329472,0.00444,0.36455,0.553253,-0.171641,0.718054,0.39204,0.555402,0.099779,0.011382,0.315438,0.579897,-0.200151,0.672092,0.352883,0.579113,0.061318,0.019795,0.297787,0.570368,-0.183092,0.661969,0.337457,0.576151,0.013508,0.01982,0.310573,0.562491,-0.154058,0.597859,0.347519,0.567665,0.067102,0.017503,0.65059,0.574799,-0.194448,0.999857,0.650698,0.562387,0.194229,0.999833,0.270168,0.604038,-0.24038,0.724975,0.297749,0.594001,0.130417,0.008091,0.262789,0.834432,0.091576,0.638746,0.266238,0.822892,0.351333,0.015122,0.314502,0.877232,0.129446,0.762833,0.306129,0.863474,0.371657,0.040379,0.131116,0.90817,0.126145,0.764703,0.143399,0.897025,0.331179,0.040263
subject02_left_bad_slouch_var2.jpg,subject02,left,bad,slouch,var2,0.419952,0.255846,0.01102,0.999968,0.423471,0.23339,-0.05411,0.999954,0.428378,0.231899,-0.054437,0.999943,0.433384,0.229876,-0.05417,0.999954,0.421031,0.232323,0.019619,0.99998,0.423822,0.22992,0.018753,0.999985,0.425847,0.227321,0.018412,0.999992,0.478268,0.221137,-0.224634,0.999974,0.475937,0.222286,0.104427,0.999991,0.44845,0.268262,-0.03746,0.99996,0.446691,0.268677,0.053308,0.999959,0.593818,0.302502,-0.365597,0.99999,0.588844,0.303801,0.307505,0.999963,0.516578,0.451735,-0.342909,0.98662,0.555988,0.440259,0.513937,0.029282,0.32476,0.435623,-0.054949,0.950789,0.398399,0.46035,0.493205,0.146122,0.272469,0.445159,-0.060477,0.934925,0.370021,0.475538,0.492519,0.200142,0.2616,0.429033,-0.051122,0.931342,0.355017,0.465517,0.446663,0.198745,0.283429,0.425672,-0.037915,0.911926,0.36169,0.457847,0.467303,0.176522,0.684169,0.580394,-0.191567,0.999911,0.671685,0.563817,0.191461,0.999919,0.311751,0.608006,-0.195757,0.937495,0.342685,0.582756,0.168244,0.058051,0.298737,0.850996,0.023257,0.920232,0.310692,0.82445,0.323117,0.076282,0.344665,0.884929,0.049642,0.943298,0.35096,0.849703,0.337348,0.155289,0.176259,0.905109,0.053268,0.949416,0.214496,0.889189,0.314656,0.182145
subject03_left_bad_asymmetricalLean_var1.jpg,subject03,left,bad,asymmetricalLean,var1,0.557145,0.176269,-0.190295,0.999947,0.578642,0.156915,-0.240469,0.999924,0.584881,0.157264,-0.240845,0.999898,0.590564,0.157477,-0.240678,0.999928,0.573794,0.155677,-0.168945,0.999958,0.576148,0.154994,-0.169735,0.999961,0.578861,0.153988,-0.1701,0.999979,0.641524,0.169037,-0.348287,0.999961,0.623684,0.167014,-0.029928,0.999972,0.569917,0.198453,-0.215338,0.999959,0.563345,0.196168,-0.128374,0.99994,0.697755,0.307926,-0.479189,0.999979,0.653422,0.303683,0.250914,0.999896,0.618704,0.490316,-0.508159,0.981068,0.585247,0.454139,0.416471,0.02692,0.386076,0.486204,-0.328406,0.924493,0.397251,0.480889,0.305073,0.166255,0.329003,0.492524,-0.359221,0.875917,0.341111,0.487792,0.293929,0.232165,0.314227,0.470268,-0.340928,0.868349,0.334566,0.475827,0.237188,0.23125,0.334983,0.469335,-0.309206,0.818108,0.352301,0.47508,0.272792,0.203955,0.670061,0.588726,-0.220532,0.999857,0.633578,0.563424,0.220443,0.999835,0.314123,0.619885,-0.273276,0.85923,0.331146,0.593426,0.273205,0.075868,0.33313,0.865269,-0.005855,0.814421,0.329283,0.819494,0.48383,0.078388,0.373735,0.898656,0.02049,0.80326,0.370748,0.856951,0.50208,0.143748,0.162886,0.9107,-0.051728,0.837262,0.182725,0.865244,0.44889,0.133688
subject03_left_bad_asymmetricalLean_var2.jpg,subject03,left,bad,asymmetricalLean,var2,0.625605,0.1782,-0.176377,0.999925,0.646973,0.159497,-0.23141,0.999871,0.654053,0.159247,-0.231707,0.999846,0.661409,0.158443,-0.231526,0.999875,0.64294,0.15875,-0.167224,0.999923,0.647046,0.157897,-0.168084,0.999934,0.65187,0.156384,-0.16853,0.999963,0.71484,0.167192,-0.345534,0.999938,0.708768,0.167745,-0.057294,0.999967,0.640091,0.200867,-0.199486,0.999917,0.633914,0.200393,-0.121446,0.999875,0.741321,0.307121,-0.452057,0.999978,0.691176,0.304349,0.179873,0.999865,0.58042,0.477461,-0.463299,0.98818,0.556544,0.435103,0.332481,0.046349,0.339548,0.470338,-0.282252,0.963221,0.364604,0.456838,0.287323,0.203267,0.274287,0.483657,-0.309608,0.943185,0.298169,0.467129,0.278868,0.25664,0.270239,0.456467,-0.303642,0.944259,0.289137,0.453539,0.221901,0.262802,0.288435,0.453788,-0.268964,0.920925,0.308595,0.452729,0.257269,0.23497,0.590878,0.588551,-0.201073,0.999891,0.556087,0.56406,0.201016,0.999873,0.216464,0.60912,-0.273931,0.903527,0.231941,0.585892,0.193962,0.126414,0.246815,0.856041,-0.050653,0.840216,0.234661,0.824414,0.32554,0.091197,0.290131,0.897902,-0.02818,0.82944,0.274747,0.861154,0.337303,0.174057,0.086864,0.899411,-0.06555,0.888538,0.08149,0.849841,0.30903,0.193422
subject03_left_bad_forwardHead_var1.jpg,subject03,left,bad,forwardHead,var1,0.50363,0.22372,-0.15745,0.999936,0.517344,0.200956,-0.219162,0.999905,0.523794,0.200509,-0.219599,0.999875,0.529127,0.200372,-0.219467,0.999918,0.514456,0.200571,-0.129805,0.999947,0.518246,0.19958,-0.130581,0.999952,0.522349,0.198318,-0.131049,0.999974,0.584159,0.206658,-0.365183,0.999958,0.578264,0.206152,0.035243,0.999958,0.524538,0.244576,-0.196568,0.999965,0.519893,0.244858,-0.085528,0.999938,0.710688,0.321747,-0.512117,0.999988,0.654567,0.325882,0.309989,0.999935,0.670932,0.50579,-0.538454,0.991108,0.615494,0.475327,0.325352,0.034302,0.439055,0.493134,-0.312078,0.945504,0.441892,0.491321,-0.048158,0.160399,0.379391,0.503618,-0.340968,0.897799,0.387106,0.50404,-0.100749,0.250897,0.365329,0.477311,-0.325808,0.890383,0.372977,0.487225,-0.148429,0.247506,0.383172,0.473972,-0.291826,0.844809,0.392214,0.483616,-0.084894,0.226994,0.70237,0.608749,-0.25887,0.999877,0.657309,0.582667,0.258743,0.999876,0.334782,0.632464,-0.295838,0.911642,0.360391,0.590033,0.323685,0.102868,0.36524,0.874745,0.017395,0.851478,0.383397,0.825808,0.579476,0.079636,0.410261,0.915209,0.048734,0.812235,0.429145,0.8632,0.601862,0.136841,0.200161,0.920205,-0.017456,0.867374,0.274767,0.875828,0.555889,0.128999
subject03_left_bad_forwardHead_var2.jpg,subject03,left,bad,forwardHead,var2,0.385055,0.232996,-0.062236,0.999914,0.397994,0.213557,-0.121455,0.999897,0.403426,0.213024,-0.121869,0.999873,0.409778,0.212025,-0.121764,0.999906,0.395298,0.212854,-0.044245,0.99994,0.396974,0.212011,-0.045073,0.99995,0.39888,0.210718,-0.045569,0.999972,0.464848,0.213519,-0.263275,0.999964,0.454075,0.214335,0.081521,0.999977,0.407217,0.251167,-0.100886,0.999942,0.397253,0.251633,-0.005047,0.999919,0.587,0.323157,-0.350506,0.999985,0.518121,0.327345,0.27362,0.999959,0.517547,0.495525,-0.298957,0.968764,0.432635,0.464474,0.272468,0.150311,0.314107,0.482939,0.045733,0.917605,0.386656,0.341044,0.046395,0.782122,0.255976,0.486325,0.061693,0.88333,0.364837,0.311849,0.012225,0.82221,0.24746,0.469342,0.079414,0.871663,0.397779,0.298368,0.028216,0.804388,0.26636,0.46862,0.070903,0.831235,0.411603,0.307562,0.04191,0.740544,0.625551,0.606756,-0.202934,0.999692,0.569833,0.572489,0.202786,0.999744,0.262128,0.610387,-0.183214,0.718581,0.283694,0.583275,0.186362,0.051285,0.285332,0.869434,-0.071981,0.841103,0.315036,0.8396,0.279118,0.051315,0.33719,0.915851,-0.058482,0.863933,0.346928,0.879758,0.290447,0.12021,0.128844,0.922443,-0.073777,0.881822,0.202683,0.904687,0.298731,0.120998
subject03_left_bad_slidingDown_var1.jpg,subject03,left,bad,slidingDown,var1,0.753743,0.271813,0.087517,0.999988,0.761783,0.252251,0.06012,0.999982,0.767933,0.250794,0.059829,0.999975,0.774175,0.248707,0.060011,0.999986,0.756883,0.252982,0.106184,0.999991,0.75827,0.252217,0.105629,0.999992,0.760119,0.251147,0.105433,0.999995,0.807665,0.247148,-0.008812,0.999987,0.793247,0.249643,0.200615,0.999986,0.768076,0.288207,0.071594,0.999985,0.76321,0.288881,0.129166,0.999978,0.845346,0.366169,-0.136003,0.999998,0.796971,0.355076,0.348001,0.999979,0.720422,0.511272,-0.178454,0.961221,0.688413,0.472212,0.398739,0.035141,0.57033,0.511645,-0.081647,0.810052,0.581225,0.518048,0.290952,0.068514,0.535156,0.532585,-0.111285,0.737183,0.552965,0.538285,0.280616,0.080282,0.527131,0.52699,-0.099704,0.739582,0.540804,0.533739,0.234936,0.083348,0.539449,0.523649,-0.070709,0.66858,0.553435,0.531328,0.265743,0.080114,0.729305,0.58766,-0.158039,0.999956,0.6957,0.556252,0.157762,0.99996,0.43258,0.638261,-0.151592,0.726027,0.436738,0.634583,0.089819,0.033194,0.226713,0.809447,-0.177293,0.656239,0.237102,0.792023,0.050758,0.036785,0.207313,0.858512,-0.184392,0.724447,0.214985,0.837708,0.04122,0.089374,0.11262,0.770505,-0.294862,0.676476,0.14435,0.760949,-0.064028,0.074502
subject03_left_bad_slidingDown_var2.jpg,subject03,left,bad,slidingDown,var2,0.525992,0.25662,-0.118959,0.999141,0.527501,0.231955,-0.159094,0.99899,0.531922,0.230168,-0.159479,0.998497,0.536283,0.228763,-0.159444,0.999186,0.524849,0.231795,-0.115748,0.99949,0.527404,0.229358,-0.116547,0.999517,0.53057,0.226717,-0.116866,0.999737,0.573821,0.220454,-0.240292,0.999185,0.567134,0.218606,-0.045068,0.999418,0.545425,0.27052,-0.135144,0.998803,0.540915,0.270715,-0.081382,0.998837,0.649581,0.303704,-0.296213,0.999617,0.601541,0.303348,0.099984,0.99934,0.504779,0.388298,-0.360334,0.851806,0.493384,0.388429,0.144691,0.034491,0.349818,0.375965,-0.319778,0.717622,0.355414,0.387811,0.02142,0.045373,0.305371,0.383185,-0.371361,0.682642,0.318287,0.389628,0.00611,0.059887,0.298863,0.365552,-0.360609,0.676435,0.312157,0.381108,-0.044177,0.062429,0.313642,0.366364,-0.316211,0.623335,0.325381,0.38299,-0.005193,0.06378,0.769617,0.531788,-0.129326,0.999741,0.731244,0.501162,0.129114,0.999779,0.492019,0.609143,-0.128372,0.875895,0.48448,0.597557,0.098536,0.039666,0.277529,0.788388,-0.129943,0.900632,0.286547,0.764527,0.124673,0.057865,0.263724,0.822526,-0.13692,0.935111,0.263299,0.80312,0.125535,0.103945,0.210227,0.732515,-0.260092,0.901938,0.210701,0.719472,0.03229,0.097795
subject03_left_bad_slouch_var1.jpg,subject03,left,bad,slouch,var1,0.346115,0.185817,-0.091392,0.999778,0.360468,0.160145,-0.152912,0.999711,0.365682,0.159762,-0.153307,0.99959,0.372102,0.159005,-0.15313,0.999719,0.359526,0.159288,-0.078111,0.999861,0.362462,0.158503,-0.079117,0.999882,0.365634,0.157522,-0.079644,0.999943,0.429437,0.162593,-0.295426,0.999852,0.426537,0.163367,0.035136,0.999938,0.370065,0.206145,-0.129381,0.999862,0.366414,0.206728,-0.038506,0.999827,0.560049,0.285802,-0.404261,0.999971,0.530313,0.282156,0.2617,0.999933,0.51379,0.481498,-0.328436,0.896223,0.507572,0.450833,0.402137,0.008779,0.269221,0.456714,0.006265,0.621048,0.300885,0.458806,0.261078,0.048212,0.204449,0.469414,0.009352,0.550423,0.242366,0.471146,0.243048,0.079789,0.203629,0.444318,0.014372,0.538523,0.238473,0.458625,0.195982,0.079993,0.224815,0.440212,0.02396,0.492142,0.255471,0.45167,0.23171,0.069575,0.645405,0.589393,-0.199782,0.999833,0.584449,0.551308,0.199694,0.999862,0.219062,0.611044,-0.237089,0.674767,0.214947,0.585356,0.136684,0.030253,0.213577,0.858047,0.005018,0.573484,0.219315,0.824135,0.282178,0.020846,0.280257,0.914531,0.034222,0.683353,0.276051,0.877199,0.298184,0.051311,0.051361,0.921561,0.03185,0.641633,0.073907,0.90036,0.288226,0.0456
subject03_left_bad_slouch_var2.jpg,subject03,left,bad,slouch,var2,0.443754,0.186722,-0.073009,0.999963,0.457135,0.163832,-0.138215,0.999951,0.462129,0.1632,-0.138661,0.999936,0.468325,0.161881,-0.138484,0.999954,0.453483,0.163509,-0.062711,0.999978,0.456299,0.162616,-0.063615,0.999982,0.45914,0.161197,-0.064039,0.99999,0.524294,0.161125,-0.291607,0.999978,0.513264,0.161449,0.043249,0.999988,0.471199,0.205424,-0.113524,0.999978,0.46655,0.206369,-0.021714,0.999971,0.627338,0.286455,-0.442345,0.999993,0.583001,0.297162,0.286037,0.999966,0.583899,0.480341,-0.391224,0.984992,0.558043,0.464204,0.39358,0.027601,0.342493,0.46434,-0.072816,0.903084,0.369828,0.481405,0.201044,0.128831,0.282483,0.472071,-0.076679,0.849051,0.32007,0.499854,0.177351,0.192681,0.280231,0.450164,-0.067296,0.838735,0.308509,0.481501,0.124365,0.19257,0.300295,0.449099,-0.052719,0.802327,0.32735,0.475965,0.167417,0.174845,0.671164,0.598769,-0.214887,0.999956,0.610704,0.565716,0.214899,0.999954,0.269084,0.624057,-0.268936,0.96669,0.272536,0.591354,0.222426,0.151134,0.256339,0.885164,0.050735,0.92719,0.254255,0.842325,0.420052,0.153023,0.308155,0.931068,0.086436,0.921731,0.31741,0.885836,0.438078,0.221368,0.074736,0.946836,0.060292,0.944762,0.100711,0.897843,0.398844,0.273888
subject04_left_bad_asymmetricalLean_var1.jpg,subject04,left,bad,asymmetricalLean,var1,0.484919,0.181614,0.015384,0.99999,0.495286,0.158198,-0.007009,0.999986,0.500578,0.158403,-0.007341,0.999985,0.50546,0.158282,-0.007291,0.999991,0.491227,0.157539,0.047538,0.999989,0.493246,0.156922,0.047076,0.999989,0.495198,0.156063,0.046871,0.999991,0.539678,0.163895,-0.054638,0.999996,0.528002,0.166094,0.194693,0.999985,0.501671,0.203437,0.002008,0.999995,0.494284,0.203936,0.071291,0.999987,0.661271,0.260797,-0.159074,0.999999,0.526021,0.315014,0.325607,0.999954,0.728836,0.434681,-0.338422,0.994422,0.438882,0.408563,0.164771,0.63693,0.603401,0.501117,-0.425788,0.993276,0.485699,0.251058,-0.134921,0.876111,0.576418,0.532414,-0.472205,0.98935,0.495992,0.20958,-0.186103,0.847887,0.562569,0.523045,-0.455256,0.989069,0.498876,0.202915,-0.163901,0.827348,0.567737,0.514371,-0.414412,0.978915,0.501397,0.219267,-0.138411,0.765318,0.670019,0.573113,-0.17083,0.999894,0.59709,0.566812,0.170459,0.999871,0.41356,0.602427,-0.222398,0.584258,0.385619,0.596588,0.001472,0.080812,0.406612,0.883728,-0.263504,0.851154,0.360177,0.867891,-0.126436,0.151693,0.434895,0.929398,-0.273695,0.867777,0.394985,0.910564,-0.145108,0.333427,0.276913,0.938565,-0.409447,0.924184,0.262529,0.933143,-0.255832,0.354579
subject04_left_bad_asymmetricalLean_var2.jpg,subject04,left,bad,asymmetricalLean,var2,0.370025,0.156461,-0.067047,0.999997,0.379696,0.138346,-0.086479,0.999997,0.384568,0.138035,-0.08674,0.999996,0.389936,0.136929,-0.086672,0.999998,0.376699,0.137498,-0.037437,0.999997,0.377605,0.137015,-0.037944,0.999996,0.378551,0.136341,-0.038126,0.999997,0.424049,0.142121,-0.139337,0.999999,0.408625,0.145066,0.086163,0.999996,0.387191,0.178138,-0.082043,0.999998,0.38112,0.177001,-0.020094,0.999995,0.545745,0.236719,-0.231544,0.999998,0.416025,0.301004,0.233987,0.99993,0.601939,0.415231,-0.405028,0.998152,0.311036,0.375214,0.308663,0.849357,0.481141,0.488806,-0.481114,0.998444,0.373718,0.221152,0.365023,0.73198,0.450497,0.518566,-0.531641,0.996276,0.385975,0.185807,0.372702,0.546321,0.439211,0.511659,-0.510308,0.995989,0.386785,0.179768,0.387328,0.510302,0.448172,0.501983,-0.469134,0.99126,0.387122,0.194043,0.369576,0.436274,0.633185,0.52425,-0.15123,0.999904,0.5557,0.535614,0.151058,0.999871,0.408751,0.563783,-0.365007,0.905745,0.369445,0.5646,-0.185265,0.459095,0.404423,0.846306,-0.484422,0.970021,0.363251,0.838842,-0.354052,0.42586,0.435005,0.896069,-0.502976,0.967874,0.398409,0.885796,-0.375679,0.554736,0.284803,0.904103,-0.66488,0.983588,0.270494,0.902152,-0.499497,0.683136
subject04_left_bad_forwardHead_var1.jpg,subject04,left,bad,forwardHead,var1,0.33566,0.217695,-0.041277,0.999861,0.346127,0.180188,-0.095936,0.999846,0.350199,0.179445,-0.096272,0.9998,0.354792,0.178819,-0.096136,0.999856,0.344518,0.179666,-0.025537,0.999913,0.347673,0.17821,-0.026281,0.999928,0.351511,0.176199,-0.026711,0.99996,0.402096,0.183137,-0.234379,0.999945,0.398276,0.18302,0.083332,0.999962,0.36173,0.240456,-0.079253,0.999911,0.358907,0.242919,0.009033,0.99985,0.547727,0.284466,-0.313735,0.999956,0.515263,0.303621,0.242624,0.999847,0.505791,0.484922,-0.342751,0.946863,0.484928,0.477559,0.333656,0.022136,0.323718,0.448865,-0.182273,0.89391,0.341298,0.455412,0.208571,0.11105,0.272014,0.455701,-0.195187,0.858986,0.298098,0.469854,0.192662,0.182328,0.270672,0.425904,-0.18638,0.855277,0.290235,0.443659,0.163558,0.183175,0.287165,0.424937,-0.168892,0.810358,0.305749,0.440956,0.188307,0.167231,0.66186,0.672648,-0.169177,0.999161,0.61002,0.632876,0.16899,0.999336,0.328221,0.648134,-0.145211,0.669034,0.356388,0.644781,0.232087,0.052285,0.34385,0.942202,0.050307,0.57132,0.343507,0.907417,0.292777,0.031335,0.379503,0.979219,0.072452,0.696072,0.384052,0.959716,0.298919,0.079191,0.209911,0.964152,0.065069,0.674881,0.230385,0.939752,0.293191,0.069622
subject04_left_bad_forwardHead_var2.jpg,subject04,left,bad,forwardHead,var2,0.337227,0.174843,-0.031373,0.99999,0.347245,0.142394,-0.082941,0.999989,0.35213,0.142196,-0.083246,0.999985,0.355684,0.142456,-0.08313,0.999987,0.344981,0.142642,-0.015383,0.999995,0.348728,0.141793,-0.016145,0.999995,0.352032,0.141191,-0.016522,0.999997,0.394781,0.152175,-0.21985,0.999994,0.391117,0.153076,0.084794,0.999998,0.355725,0.196535,-0.071302,0.999992,0.352337,0.197446,0.013642,0.999993,0.515456,0.257559,-0.305119,0.999971,0.477674,0.26817,0.247132,0.999984,0.36212,0.45019,-0.338192,0.964653,0.398104,0.430807,0.420719,0.246943,0.352273,0.276222,-0.157204,0.980137,0.298747,0.412687,0.406934,0.658564,0.350558,0.228272,-0.167654,0.972048,0.258079,0.429185,0.416781,0.68875,0.370942,0.221063,-0.183486,0.971197,0.260995,0.428776,0.377916,0.682741,0.37774,0.23595,-0.157054,0.962441,0.275434,0.427142,0.38575,0.677643,0.629145,0.607912,-0.177671,0.999839,0.584117,0.59484,0.177461,0.999928,0.33064,0.605653,-0.104415,0.896262,0.352861,0.609404,0.279928,0.255208,0.346766,0.897445,0.055225,0.889539,0.350955,0.882099,0.327499,0.203724,0.381394,0.945967,0.071309,0.879018,0.398897,0.936134,0.331474,0.285791,0.216235,0.934659,0.060245,0.912422,0.234235,0.924235,0.333235,0.327895
subject04_left_bad_slidingDown_var1.jpg,subject04,left,bad,slidingDown,var1,0.653518,0.250004,-0.160292,0.999638,0.666047,0.221804,-0.205337,0.999226,0.670446,0.22139,-0.205627,0.999224,0.675152,0.220812,-0.205441,0.999265,0.663258,0.220828,-0.152521,0.999466,0.665885,0.220493,-0.153217,0.999609,0.668815,0.219982,-0.153621,0.999755,0.716245,0.225065,-0.314324,0.999559,0.707536,0.227065,-0.074654,0.999799,0.667115,0.275523,-0.185269,0.999277,0.664577,0.275337,-0.119916,0.999076,0.73177,0.383646,-0.397949,0.999812,0.707539,0.37062,0.094428,0.999406,0.521041,0.480506,-0.443682,0.961065,0.530786,0.463297,0.203184,0.077757,0.317634,0.479435,-0.350066,0.931101,0.334056,0.480048,0.19676,0.10034,0.264059,0.480232,-0.389997,0.920914,0.287338,0.471597,0.199535,0.106862,0.256622,0.461039,-0.375443,0.92481,0.274791,0.462549,0.146353,0.115678,0.271705,0.463289,-0.339202,0.889995,0.292646,0.468593,0.171458,0.120858,0.562113,0.67979,-0.150194,0.998962,0.535919,0.654706,0.15002,0.999002,0.265671,0.67084,-0.207838,0.51982,0.278503,0.662819,0.173771,0.023165,0.247437,0.971112,-0.026345,0.361325,0.248835,0.942754,0.309578,0.01279,0.273995,1.010964,-0.007578,0.518406,0.27315,0.974912,0.3229,0.039045,0.119791,0.9656,-0.022431,0.457088,0.135494,0.942904,0.306249,0.027408
subject04_left_bad_slidingDown_var2.jpg,subject04,left,bad,slidingDown,var2,0.715219,0.269538,-0.2614,0.99991,0.727327,0.248087,-0.296572,0.999864,0.732349,0.248444,-0.29699,0.999836,0.73766,0.248627,-0.296729,0.999872,0.72457,0.246372,-0.254676,0.999934,0.726733,0.245472,-0.255476,0.999948,0.729286,0.243965,-0.255834,0.999967,0.775737,0.257024,-0.361665,0.999872,0.758473,0.251486,-0.170537,0.999945,0.729286,0.297562,-0.270878,0.999801,0.72351,0.294636,-0.218951,0.999811,0.771832,0.385577,-0.429557,0.999968,0.76588,0.365517,0.030332,0.999883,0.583432,0.460505,-0.477306,0.966929,0.612031,0.44962,0.106595,0.046032,0.386815,0.448045,-0.425699,0.950479,0.413271,0.450639,0.02375,0.148045,0.338827,0.452004,-0.478312,0.941769,0.363859,0.451717,0.018052,0.156915,0.329287,0.431049,-0.46705,0.943284,0.351074,0.442622,-0.047293,0.170182,0.344122,0.431588,-0.417879,0.91007,0.367045,0.443927,-0.007484,0.161436,0.669791,0.639015,-0.130214,0.999862,0.640004,0.614649,0.130167,0.999863,0.412869,0.702738,-0.126998,0.786886,0.406357,0.693128,-0.058746,0.08858,0.170586,0.848532,-0.17164,0.847179,0.168112,0.83368,-0.110233,0.087648,0.158871,0.906315,-0.183165,0.89457,0.15374,0.892372,-0.118252,0.186099,0.050033,0.80431,-0.307656,0.893863,0.058466,0.799043,-0.232011,0.240299
subject04_left_bad_slouch_var1.jpg,subject04,left,bad,slouch,var1,0.415667,0.230803,-0.036694,0.999992,0.422193,0.201465,-0.085701,0.999987,0.426266,0.199602,-0.085932,0.999983,0.430556,0.197237,-0.085748,0.999986,0.419142,0.201513,-0.020318,0.999994,0.421414,0.199174,-0.020952,0.999995,0.423415,0.196346,-0.02128,0.999997,0.472278,0.192605,-0.20737,0.999993,0.468974,0.194364,0.088064,0.999997,0.438236,0.251935,-0.069677,0.999989,0.435703,0.253672,0.012371,0.999987,0.574171,0.304979,-0.321311,0.999983,0.554289,0.31522,0.268404,0.999958,0.481102,0.498307,-0.379718,0.991229,0.46889,0.460858,0.369391,0.091612,0.331413,0.473163,-0.247593,0.977732,0.335182,0.466096,0.26247,0.236113,0.281458,0.477805,-0.275426,0.964611,0.289799,0.474569,0.251215,0.307322,0.28085,0.455239,-0.265693,0.963115,0.285059,0.457195,0.216256,0.300015,0.298823,0.454587,-0.236643,0.947268,0.302182,0.455958,0.240028,0.285278,0.669262,0.659946,-0.175045,0.999848,0.622696,0.631339,0.174848,0.999898,0.375715,0.642572,-0.191715,0.950333,0.390311,0.634133,0.226695,0.172153,0.384473,0.925157,0.044784,0.883163,0.376721,0.897642,0.353034,0.128718,0.417512,0.974905,0.070438,0.886975,0.411035,0.947943,0.364076,0.210386,0.262541,0.967804,0.061441,0.918923,0.277083,0.949982,0.34316,0.23447
subject04_left_bad_slouch_var2.jpg,subject04,left,bad,slouch,var2,0.420675,0.213792,-0.066564,0.999509,0.427016,0.185512,-0.108992,0.99924,0.431719,0.183829,-0.109315,0.999039,0.435771,0.182176,-0.109114,0.999285,0.423239,0.184246,-0.049363,0.999637,0.426343,0.182124,-0.050038,0.999736,0.428622,0.179837,-0.050426,0.999856,0.47791,0.174166,-0.211555,0.999555,0.468646,0.175698,0.058083,0.999797,0.443701,0.232403,-0.093081,0.999434,0.441473,0.234374,-0.018491,0.9993,0.581319,0.277217,-0.309637,0.999938,0.55633,0.284761,0.231268,0.999721,0.540372,0.480564,-0.360966,0.837613,0.537354,0.467686,0.288469,0.006946,0.407169,0.525151,-0.260911,0.535379,0.43534,0.535352,0.128874,0.021121,0.376603,0.550375,-0.294106,0.523046,0.404573,0.554559,0.106376,0.036938,0.371068,0.536084,-0.285366,0.523982,0.396429,0.54833,0.068132,0.037789,0.382,0.528283,-0.250614,0.435166,0.404941,0.539872,0.10483,0.035381,0.670928,0.620969,-0.166231,0.999806,0.635326,0.584722,0.166138,0.99983,0.376433,0.586768,-0.175476,0.776356,0.394338,0.577999,0.195554,0.031475,0.376457,0.872364,0.008292,0.810196,0.37789,0.847097,0.295605,0.061138,0.410511,0.926094,0.026416,0.845564,0.415862,0.904981,0.303155,0.120726,0.25327,0.925129,-0.030402,0.863267,0.274537,0.895525,0.251694,0.120819
subject05_left_bad_asymmetricalLean_var1.jpg,subject05,left,bad,asymmetricalLean,var1,0.557409,0.175479,-0.091198,0.999899,0.582109,0.15606,-0.13644,0.999809,0.587833,0.156469,-0.136759,0.999768,0.59347,0.156768,-0.136651,0.999832,0.579324,0.155127,-0.059522,0.999871,0.583367,0.154623,-0.060314,0.999889,0.587805,0.153768,-0.060782,0.999938,0.647448,0.168912,-0.235811,0.999915,0.63907,0.168551,0.110226,0.999922,0.572151,0.199785,-0.115665,0.999934,0.567665,0.198829,-0.020941,0.99988,0.710181,0.313699,-0.385497,0.99999,0.632554,0.300913,0.338602,0.999909,0.605232,0.488769,-0.453538,0.996429,0.520736,0.447228,0.396762,0.067717,0.357737,0.532305,-0.344784,0.986142,0.362065,0.50626,0.178863,0.188375,0.308664,0.553777,-0.389655,0.97542,0.314705,0.528581,0.137804,0.233725,0.295103,0.534477,-0.383936,0.975717,0.304397,0.519589,0.084645,0.23432,0.309656,0.524475,-0.332867,0.964503,0.320409,0.508946,0.143871,0.213311,0.565051,0.594045,-0.225719,0.999964,0.500538,0.559178,0.22547,0.999959,0.156907,0.60764,-0.379731,0.878823,0.163595,0.59108,0.119791,0.108242,0.212129,0.857188,-0.089729,0.736521,0.189783,0.821161,0.28251,0.061883,0.262769,0.903935,-0.059705,0.707418,0.227422,0.878612,0.295914,0.108861,0.08964,0.924161,-0.109986,0.823864,0.071259,0.896422,0.230406,0.12737
subject05_left_bad_asymmetricalLean_var2.jpg,subject05,left,bad,asymmetricalLean,var2,0.317396,0.181585,-0.116977,0.999977,0.334484,0.15917,-0.168793,0.999965,0.339761,0.15896,-0.169142,0.999952,0.344674,0.158758,-0.168955,0.999962,0.333602,0.15666,-0.104041,0.999984,0.337666,0.154786,-0.104944,0.999987,0.341589,0.153024,-0.105343,0.999993,0.397529,0.163072,-0.275618,0.999976,0.386265,0.160631,0.012553,0.999992,0.340956,0.20117,-0.141537,0.999954,0.338075,0.201328,-0.062842,0.999956,0.500959,0.278967,-0.400181,0.999925,0.438806,0.274189,0.240611,0.999824,0.355195,0.437357,-0.461037,0.963758,0.320032,0.383701,0.370291,0.042192,0.123623,0.42542,-0.31221,0.855757,0.153545,0.415084,0.276525,0.089186,0.068874,0.435756,-0.352861,0.821246,0.098573,0.421565,0.26467,0.125194,0.068489,0.415755,-0.341963,0.818856,0.091643,0.416951,0.211489,0.129702,0.086299,0.415894,-0.301018,0.770848,0.111946,0.416433,0.246442,0.123923,0.622937,0.571176,-0.186616,0.999803,0.549449,0.538946,0.186507,0.999815,0.241497,0.602939,-0.278656,0.893145,0.216897,0.560606,0.118174,0.066699,0.316402,0.863572,-0.116604,0.846596,0.302844,0.818576,0.228138,0.048517,0.375235,0.911575,-0.098753,0.886738,0.348108,0.865552,0.238183,0.104547,0.150305,0.924634,-0.125129,0.874404,0.176771,0.894813,0.216902,0.098645
subject05_left_bad_forwardHead_var1.jpg,subject05,left,bad,forwardHead,var1,0.318756,0.224677,-0.101968,0.999901,0.325118,0.203135,-0.167996,0.999862,0.329985,0.202742,-0.168296,0.999816,0.335739,0.202209,-0.168131,0.999863,0.32285,0.201162,-0.086697,0.999921,0.326051,0.199291,-0.087605,0.999934,0.330914,0.196955,-0.08809,0.999965,0.393719,0.198871,-0.331589,0.999937,0.393912,0.196565,0.032501,0.999967,0.350135,0.241903,-0.147617,0.999938,0.350128,0.243474,-0.046883,0.999906,0.558445,0.290596,-0.424811,0.999983,0.518256,0.280623,0.237496,0.999982,0.54316,0.460373,-0.407279,0.975136,0.508951,0.42041,0.484405,0.042281,0.296527,0.443753,-0.131935,0.910902,0.328511,0.434784,0.485595,0.277713,0.23048,0.447108,-0.133174,0.868544,0.274868,0.438513,0.488685,0.367753,0.225833,0.436089,-0.125673,0.867821,0.268194,0.434949,0.442065,0.359285,0.246622,0.435676,-0.115825,0.842167,0.281546,0.434207,0.4599,0.308921,0.652904,0.574584,-0.197023,0.999825,0.582676,0.529871,0.196637,0.999899,0.288319,0.592551,-0.24334,0.655581,0.288085,0.553437,0.210934,0.059455,0.337359,0.873653,-0.01029,0.574941,0.346647,0.831284,0.276551,0.041684,0.39589,0.901831,0.020059,0.716963,0.391642,0.861982,0.283466,0.066208,0.244347,0.9584,0.042192,0.689815,0.299247,0.914898,0.253797,0.081995
subject05_left_bad_forwardHead_var2.jpg,subject05,left,bad,forwardHead,var2,0.345283,0.278516,-0.036945,0.999986,0.357613,0.255983,-0.10138,0.999982,0.362102,0.255882,-0.101717,0.999972,0.366589,0.255811,-0.10156,0.999978,0.356243,0.255313,-0.018033,0.999994,0.35978,0.254405,-0.019013,0.999994,0.363562,0.253173,-0.019422,0.999997,0.41691,0.257751,-0.266741,0.999985,0.419515,0.257239,0.105454,0.999997,0.370503,0.298165,-0.085864,0.999987,0.366409,0.298827,0.01814,0.999992,0.543291,0.376384,-0.392723,0.99995,0.51208,0.361561,0.322456,0.999988,0.363246,0.512388,-0.304258,0.902107,0.405503,0.480458,0.490365,0.180591,0.336778,0.366194,0.090081,0.867173,0.292269,0.484324,0.373361,0.616756,0.329212,0.337512,0.092529,0.848953,0.247668,0.498123,0.366702,0.674576,0.355526,0.332312,0.062095,0.850027,0.239338,0.500854,0.313797,0.687021,0.36399,0.341637,0.088896,0.837441,0.265131,0.502143,0.341361,0.671359,0.674555,0.639079,-0.221035,0.999768,0.621729,0.596338,0.220738,0.999906,0.320415,0.65437,-0.212855,0.903801,0.310241,0.597975,0.235584,0.156255,0.366156,0.892855,-0.000664,0.863396,0.366975,0.855744,0.404567,0.072956,0.420781,0.935153,0.022911,0.819179,0.398202,0.891231,0.423303,0.105833,0.253153,0.954995,-0.009936,0.863494,0.289404,0.914383,0.415451,0.12735
subject05_left_bad_slidingDown_var1.jpg,subject05,left,bad,slidingDown,var1,0.684473,0.290659,0.014123,0.999989,0.692669,0.268746,-0.015692,0.999984,0.698141,0.268103,-0.016007,0.999979,0.70269,0.26714,-0.015834,0.999986,0.688922,0.268461,0.030791,0.999993,0.691492,0.26781,0.030169,0.999994,0.694518,0.26703,0.029914,0.999996,0.740011,0.264666,-0.087657,0.999989,0.728815,0.266586,0.124938,0.999992,0.698379,0.30759,-0.00273,0.999989,0.695916,0.309427,0.055548,0.999986,0.80305,0.373674,-0.196203,0.999998,0.728994,0.361961,0.277647,0.999985,0.689306,0.513106,-0.239351,0.963728,0.631375,0.471775,0.292394,0.075089,0.562046,0.563992,-0.183211,0.885272,0.534566,0.540254,0.124174,0.197665,0.526157,0.58976,-0.217162,0.861932,0.51199,0.563906,0.100667,0.211995,0.518022,0.574381,-0.214681,0.862831,0.508875,0.556829,0.056667,0.218885,0.52978,0.564826,-0.176212,0.797759,0.517855,0.548466,0.097972,0.200367,0.699882,0.613175,-0.154305,0.999951,0.63783,0.57935,0.154216,0.999958,0.449248,0.66943,-0.189662,0.770911,0.419801,0.646148,-0.049781,0.073786,0.237268,0.856203,-0.242984,0.66033,0.218763,0.816864,-0.17693,0.081152,0.230763,0.901415,-0.254633,0.667758,0.198252,0.882987,-0.195223,0.17847,0.098503,0.846913,-0.368488,0.737636,0.098304,0.808458,-0.299242,0.191468
subject05_left_bad_slidingDown_var2.jpg,subject05,left,bad,slidingDown,var2,0.557272,0.298323,-0.220668,0.999201,0.558051,0.272049,-0.267016,0.998983,0.562786,0.270476,-0.267396,0.998607,0.56712,0.268892,-0.267284,0.999202,0.5551,0.272019,-0.222105,0.999473,0.55756,0.270678,-0.222857,0.999527,0.56061,0.26904,-0.223185,0.999728,0.608285,0.262623,-0.355222,0.999277,0.605074,0.265189,-0.151701,0.999459,0.579488,0.314135,-0.236371,0.99788,0.577464,0.314634,-0.180084,0.997561,0.662167,0.343081,-0.407804,0.999706,0.634323,0.335297,0.016722,0.999219,0.499394,0.428127,-0.479235,0.771829,0.498872,0.409752,0.077437,0.007691,0.326164,0.412967,-0.419231,0.57044,0.343341,0.409457,-0.006795,0.013197,0.271032,0.421891,-0.472938,0.544833,0.297945,0.411858,-0.012258,0.021802,0.265225,0.399416,-0.456216,0.549259,0.287721,0.403019,-0.068231,0.023876,0.285296,0.397676,-0.412444,0.483907,0.308192,0.402672,-0.034287,0.023914,0.734265,0.597795,-0.121194,0.999748,0.675867,0.557381,0.120856,0.999689,0.464491,0.65647,-0.172931,0.663398,0.454117,0.626887,0.074545,0.021985,0.247734,0.844763,-0.225071,0.76926,0.268824,0.792913,0.107609,0.021625,0.237723,0.898961,-0.23423,0.887545,0.292152,0.846532,0.112176,0.058998,0.167293,0.812692,-0.329776,0.797095,0.166009,0.796229,0.056281,0.04811
subject05_left_bad_slouch_var1.jpg,subject05,left,bad,slouch,var1,0.367471,0.167702,-0.060994,0.999995,0.383032,0.146445,-0.123452,0.999994,0.387997,0.146988,-0.123745,0.999991,0.393017,0.147795,-0.123551,0.999993,0.381335,0.144905,-0.04461,0.999997,0.38481,0.144098,-0.04548,0.999997,0.38878,0.142903,-0.045876,0.999999,0.448627,0.154848,-0.272542,0.999997,0.447364,0.153526,0.077875,0.999999,0.389121,0.188702,-0.100534,0.999997,0.385952,0.190291,-0.003876,0.999995,0.55363,0.263739,-0.406472,0.999995,0.535363,0.257689,0.33306,0.999991,0.504568,0.446529,-0.341254,0.984386,0.499424,0.416392,0.538016,0.058759,0.292511,0.445093,0.03435,0.88885,0.318282,0.442247,0.48239,0.275598,0.225899,0.454019,0.043728,0.811832,0.26653,0.446153,0.484962,0.350501,0.224299,0.432501,0.055829,0.801409,0.254703,0.434745,0.439512,0.342013,0.240275,0.429846,0.057026,0.76314,0.269167,0.431622,0.456038,0.313269,0.623565,0.551625,-0.225774,0.999933,0.572764,0.516008,0.225734,0.999953,0.244191,0.596499,-0.276313,0.954842,0.242039,0.565376,0.153113,0.345395,0.256223,0.850708,-0.066844,0.918384,0.243789,0.812644,0.290409,0.174643,0.305363,0.896038,-0.042234,0.900773,0.295337,0.857657,0.304585,0.239258,0.074145,0.900804,-0.070429,0.926563,0.092894,0.873214,0.282778,0.278913
subject05_left_bad_slouch_var2.jpg,subject05,left,bad,slouch,var2,0.381053,0.294948,-0.091691,0.999996,0.388427,0.273705,-0.148209,0.999995,0.393875,0.272801,-0.148484,0.999994,0.39977,0.271792,-0.148289,0.999995,0.384279,0.272408,-0.079447,0.999998,0.386106,0.270622,-0.080234,0.999998,0.388391,0.268652,-0.080609,0.999999,0.452104,0.268054,-0.279219,0.999998,0.449601,0.26675,0.027014,0.999999,0.408952,0.310477,-0.126266,0.999998,0.404504,0.311669,-0.041801,0.999997,0.57968,0.372432,-0.388702,0.999997,0.524206,0.364468,0.251894,0.999995,0.52732,0.538941,-0.347605,0.99345,0.482668,0.492076,0.445512,0.098666,0.328338,0.523844,-0.053648,0.97141,0.33728,0.514968,0.402793,0.412965,0.266501,0.535389,-0.052032,0.947052,0.291995,0.526283,0.402622,0.507468,0.263599,0.510748,-0.046409,0.944931,0.28137,0.512799,0.363649,0.497754,0.284041,0.508915,-0.03723,0.932091,0.296553,0.510975,0.380301,0.456484,0.657182,0.629221,-0.195991,0.999953,0.586802,0.585504,0.195918,0.999967,0.302519,0.658818,-0.246212,0.984409,0.268092,0.603886,0.120685,0.603367,0.316432,0.879117,-0.064028,0.973427,0.291239,0.843343,0.176671,0.406345,0.361813,0.922177,-0.041229,0.96363,0.335011,0.88389,0.183131,0.455916,0.161367,0.937705,-0.058435,0.976801,0.162041,0.904874,0.154067,0.569421
subject06_left_bad_asymmetricalLean_var1.jpg,subject06,left,bad,asymmetricalLean,var1,0.385753,0.224105,-0.166897,0.999977,0.382021,0.200462,-0.202817,0.999961,0.38562,0.197386,-0.203117,0.99994,0.389286,0.193906,-0.203136,0.999953,0.37809,0.199696,-0.151854,0.999986,0.378276,0.196196,-0.152517,0.999988,0.378412,0.191668,-0.152914,0.999993,0.423075,0.175948,-0.266525,0.999968,0.419238,0.17775,-0.038177,0.999991,0.405263,0.234003,-0.182057,0.99996,0.399374,0.238022,-0.117976,0.999974,0.533624,0.251419,-0.306458,0.999954,0.474393,0.270316,0.077094,0.999984,0.375773,0.391498,-0.308767,0.664087,0.361207,0.38324,-0.103383,0.146474,0.385906,0.280751,-0.135772,0.589615,0.377831,0.320371,-0.429588,0.207972,0.390133,0.245382,-0.146554,0.656345,0.375882,0.297758,-0.480425,0.24454,0.405385,0.243122,-0.163696,0.664315,0.392296,0.28552,-0.474416,0.217069,0.410222,0.254887,-0.137198,0.6483,0.396308,0.293679,-0.439764,0.227295,0.674391,0.508875,-0.129442,0.999932,0.634094,0.505464,0.129174,0.999977,0.444116,0.603075,-0.092184,0.548948,0.411754,0.559677,0.112492,0.123771,0.551752,0.807572,0.060229,0.627605,0.497704,0.811913,0.074635,0.136591,0.591709,0.828901,0.072578,0.509346,0.532304,0.845592,0.068007,0.135865,0.475752,0.865732,0.02949,0.617334,0.44729,0.880833,0.007329,0.172051
subject06_left_bad_asymmetricalLean_var2.jpg,subject06,left,bad,asymmetricalLean,var2,0.382313,0.17685,-0.105348,0.999987,0.383834,0.151551,-0.133179,0.999987,0.388861,0.14902,-0.133469,0.99998,0.394542,0.146112,-0.133451,0.999984,0.377002,0.152887,-0.085616,0.999995,0.376064,0.151423,-0.086296,0.999996,0.375108,0.149592,-0.086709,0.999997,0.432217,0.138769,-0.173237,0.999989,0.410955,0.147334,0.03768,0.999997,0.403979,0.191672,-0.113946,0.99998,0.391665,0.195466,-0.055036,0.999987,0.531772,0.233678,-0.242554,0.999931,0.459857,0.264022,0.156609,0.999973,0.396295,0.401265,-0.266756,0.8895,0.326095,0.368566,-0.025285,0.559597,0.383962,0.259814,-0.083312,0.826415,0.366126,0.217951,-0.310367,0.709097,0.377534,0.198751,-0.088423,0.848951,0.371497,0.176528,-0.348168,0.678537,0.399468,0.198432,-0.100797,0.84934,0.384574,0.181087,-0.330414,0.635704,0.404656,0.220696,-0.082202,0.847472,0.386503,0.197059,-0.314021,0.64491,0.674054,0.509173,-0.145314,0.999881,0.629471,0.517586,0.144919,0.999955,0.420159,0.565223,-0.133564,0.928234,0.413465,0.544175,0.126589,0.416446,0.443255,0.846085,-0.121511,0.977352,0.512764,0.787132,0.104627,0.443466,0.47828,0.89418,-0.122416,0.948924,0.548487,0.81983,0.102262,0.447628,0.371283,0.966676,-0.199366,0.966297,0.469144,0.853557,0.050843,0.473084
subject06_left_bad_forwardHead_var1.jpg,subject06,left,bad,forwardHead,var1,0.416859,0.294942,-0.035427,0.99934,0.410596,0.270503,-0.079581,0.998839,0.413764,0.267308,-0.079951,0.998497,0.417299,0.262932,-0.079939,0.999112,0.4047,0.271838,-0.022645,0.999324,0.40434,0.269225,-0.023317,0.999414,0.403985,0.266359,-0.023666,0.999698,0.450039,0.227965,-0.194478,0.999646,0.447607,0.230877,0.065051,0.999718,0.443466,0.30044,-0.066846,0.999647,0.441732,0.304927,0.005248,0.999549,0.582024,0.242341,-0.273064,0.999946,0.502641,0.296266,0.187162,0.999975,0.548505,0.401603,-0.281904,0.665178,0.48313,0.389069,0.26807,0.041321,0.44207,0.37893,-0.108285,0.288244,0.423783,0.371441,0.224787,0.029593,0.410704,0.381366,-0.114307,0.260481,0.397539,0.37467,0.22432,0.046828,0.40889,0.371277,-0.110844,0.250355,0.40247,0.363459,0.210121,0.045728,0.420805,0.373708,-0.099033,0.213109,0.411891,0.365979,0.214409,0.050066,0.727893,0.510365,-0.135908,0.999909,0.642251,0.514299,0.13566,0.999973,0.607819,0.684727,-0.214287,0.276035,0.420734,0.6121,-0.035709,0.421894,0.602773,0.711128,0.298375,0.005691,0.409415,0.888886,-0.134416,0.229771,0.621361,0.700468,0.356073,0.010768,0.489392,0.927161,-0.143478,0.195338,0.5405,0.762698,0.448956,0.009526,0.366123,0.971446,-0.169859,0.26638
subject06_left_bad_forwardHead_var2.jpg,subject06,left,bad,forwardHead,var2,0.412233,0.21995,-0.054706,0.999925,0.415677,0.193347,-0.098251,0.999866,0.4201,0.192512,-0.09864,0.999818,0.426172,0.190775,-0.098681,0.99988,0.412421,0.192621,-0.036984,0.99994,0.414373,0.191306,-0.037741,0.999946,0.416994,0.189915,-0.0381,0.999971,0.46772,0.181368,-0.211571,0.999936,0.463178,0.181555,0.065092,0.999976,0.432396,0.236936,-0.088687,0.999951,0.433055,0.238557,-0.011259,0.999966,0.587711,0.267591,-0.296264,0.999962,0.520023,0.280453,0.189337,0.999993,0.446943,0.421586,-0.289592,0.608251,0.442703,0.402324,0.276699,0.080922,0.445695,0.282769,-0.116062,0.761503,0.370015,0.395327,0.213823,0.228959,0.450813,0.249655,-0.129303,0.78529,0.342218,0.392076,0.209871,0.324022,0.465568,0.248396,-0.155906,0.787501,0.344681,0.388657,0.175775,0.323379,0.469898,0.261017,-0.122278,0.772121,0.356841,0.391771,0.192806,0.371347,0.720723,0.555183,-0.143634,0.999983,0.649497,0.540082,0.143293,0.999996,0.544538,0.664092,-0.167412,0.546519,0.402595,0.609702,0.0378,0.51933,0.519989,0.750676,0.252262,0.059727,0.39179,0.88467,-0.102266,0.312621,0.542524,0.761111,0.298526,0.064089,0.420716,0.945837,-0.116004,0.260513,0.429383,0.778584,0.366114,0.080851,0.277292,0.938405,-0.145768,0.352667
subject06_left_bad_slidingDown_var1.jpg,subject06,left,bad,slidingDown,var1,0.511764,0.246631,-0.066928,0.999916,0.522883,0.220819,-0.104377,0.999915,0.527429,0.219952,-0.104695,0.99987,0.532813,0.218626,-0.104606,0.999915,0.520834,0.21881,-0.048868,0.999966,0.522946,0.216716,-0.049637,0.999969,0.525413,0.214205,-0.049986,0.999984,0.577952,0.220027,-0.203908,0.999942,0.573145,0.220434,0.044397,0.999982,0.531616,0.26878,-0.09699,0.99992,0.527515,0.269111,-0.027723,0.999938,0.653941,0.346673,-0.310092,0.999923,0.611037,0.328161,0.173213,0.999975,0.512491,0.463541,-0.295606,0.611919,0.530007,0.396242,0.31017,0.141537,0.459857,0.457519,-0.075883,0.40429,0.459955,0.424394,0.30708,0.365124,0.453669,0.466293,-0.083195,0.419339,0.439079,0.440145,0.309086,0.409787,0.456703,0.452154,-0.094864,0.427255,0.449026,0.440183,0.270994,0.416426,0.462285,0.45355,-0.073428,0.409186,0.457335,0.438937,0.287246,0.413176,0.701011,0.652617,-0.150899,0.999924,0.660113,0.61002,0.150646,0.999971,0.433134,0.653963,-0.123267,0.846925,0.427175,0.601939,0.031845,0.315699,0.303144,0.881838,-0.041384,0.834036,0.301825,0.864164,-0.014546,0.190516,0.327112,0.945564,-0.031828,0.801698,0.318126,0.926125,-0.017382,0.233613,0.175254,0.946399,-0.069009,0.82895,0.176062,0.931946,-0.054309,0.284358
subject06_left_bad_slidingDown_var2.jpg,subject06,left,bad,slidingDown,var2,0.519467,0.21063,-0.089892,0.999924,0.525882,0.184319,-0.131279,0.99992,0.530521,0.183332,-0.131613,0.999866,0.535622,0.18175,-0.131563,0.999929,0.522826,0.182004,-0.077519,0.999967,0.524575,0.179665,-0.078331,0.999968,0.526859,0.177143,-0.07866,0.999985,0.581283,0.178587,-0.233818,0.99993,0.573774,0.178535,0.006379,0.999973,0.540515,0.230143,-0.117742,0.999909,0.536314,0.232744,-0.050596,0.999924,0.662307,0.292607,-0.314899,0.999901,0.62289,0.268101,0.130947,0.999968,0.52209,0.400241,-0.277456,0.617699,0.54454,0.317805,0.245769,0.116891,0.466891,0.381144,-0.061029,0.383327,0.470375,0.348536,0.206414,0.239564,0.445281,0.378171,-0.07548,0.379621,0.44176,0.362697,0.204148,0.261509,0.446814,0.372885,-0.085232,0.390825,0.449296,0.366252,0.157017,0.26887,0.457438,0.374587,-0.059237,0.375776,0.4609,0.365894,0.182898,0.270352,0.747043,0.567524,-0.13924,0.999899,0.707077,0.539913,0.139023,0.999959,0.482811,0.668444,-0.07063,0.595694,0.482147,0.611273,0.061832,0.094871,0.248283,0.797782,-0.013187,0.532624,0.261351,0.778419,0.05093,0.03239,0.233391,0.833209,-0.00948,0.634902,0.246394,0.809417,0.051736,0.062095,0.178717,0.759049,-0.07411,0.573867,0.210903,0.748727,0.001362,0.066667
subject06_left_bad_slouch_var1.jpg,subject06,left,bad,slouch,var1,0.366524,0.271203,-0.13213,0.998953,0.36324,0.242789,-0.174449,0.998524,0.366852,0.23965,-0.174803,0.99798,0.371184,0.235889,-0.174808,0.998536,0.359804,0.242649,-0.118259,0.999291,0.360329,0.239282,-0.118905,0.999414,0.36078,0.234924,-0.119296,0.999724,0.408543,0.214803,-0.263688,0.998738,0.405113,0.215208,-0.011186,0.999644,0.391712,0.279966,-0.154178,0.998823,0.389126,0.284041,-0.08381,0.999148,0.528551,0.286121,-0.332892,0.99961,0.484562,0.296433,0.099461,0.999959,0.400461,0.454121,-0.290381,0.230805,0.42389,0.409255,0.109004,0.015203,0.357292,0.423016,-0.081304,0.10929,0.381457,0.408523,-0.056921,0.035437,0.333784,0.417425,-0.090279,0.161271,0.359605,0.409893,-0.079406,0.075319,0.340582,0.405465,-0.102425,0.172519,0.361274,0.401875,-0.099997,0.08057,0.349929,0.406836,-0.079443,0.158526,0.368952,0.403362,-0.07326,0.092888,0.681703,0.556938,-0.123961,0.999906,0.6167,0.537157,0.123776,0.999977,0.587618,0.735802,-0.246343,0.027797,0.428091,0.616904,0.084578,0.025371,0.614168,0.71277,0.305827,0.000781,0.627262,0.71109,0.081848,0.007351,0.633474,0.689956,0.372972,0.00303,0.668167,0.713136,0.087787,0.011838,0.561031,0.763825,0.506804,0.001623,0.646558,0.746943,0.109524,0.010653
subject06_left_bad_slouch_var2.jpg,subject06,left,bad,slouch,var2,0.399097,0.258387,-0.271911,0.997729,0.392775,0.233728,-0.305599,0.995305,0.395828,0.229975,-0.305925,0.994401,0.398235,0.226302,-0.305925,0.99598,0.389655,0.234687,-0.261376,0.995477,0.390422,0.231377,-0.261904,0.995846,0.391152,0.227381,-0.262262,0.997785,0.431206,0.201513,-0.381488,0.997341,0.428896,0.203245,-0.181275,0.997225,0.423208,0.267253,-0.290247,0.996987,0.421295,0.270084,-0.235246,0.995512,0.543677,0.286867,-0.429168,0.999921,0.52865,0.273476,-0.048179,0.9998,0.553941,0.512737,-0.453497,0.904152,0.553977,0.498104,0.028019,0.010858,0.511134,0.717336,-0.343456,0.901983,0.526697,0.687526,0.019957,0.02301,0.519413,0.771984,-0.376889,0.855858,0.517734,0.736408,0.014237,0.028943,0.4978,0.780024,-0.374744,0.861571,0.508901,0.746247,-0.033302,0.031965,0.494361,0.765312,-0.338953,0.81226,0.526949,0.731249,-0.002635,0.031063,0.69099,0.539767,-0.108922,0.999941,0.659698,0.519113,0.108361,0.999946,0.49738,0.663391,-0.120963,0.202748,0.428772,0.54548,0.297456,0.005626,0.697492,0.691858,0.176413,0.064166,0.6484,0.682266,0.311702,0.007472,0.744356,0.676903,0.212532,0.154435,0.695351,0.688869,0.314482,0.016419,0.724146,0.751774,0.304815,0.128167,0.650845,0.7576,0.341318,0.018292
subject07_left_bad_asymmetricalLean_var1.jpg,subject07,left,bad,asymmetricalLean,var1,0.330239,0.178299,-0.038162,0.999999,0.345554,0.159011,-0.094238,0.999998,0.351238,0.158991,-0.09464,0.999997,0.356747,0.158691,-0.094516,0.999998,0.344887,0.156799,-0.017039,1.0,0.349631,0.155324,-0.017965,1.0,0.354914,0.153736,-0.018258,1.0,0.409171,0.166446,-0.230481,0.999998,0.405781,0.164447,0.115081,1.0,0.349697,0.198907,-0.078401,0.999998,0.345977,0.197594,0.017961,0.999999,0.462804,0.291933,-0.381933,0.999987,0.488272,0.279518,0.320398,0.999995,0.312274,0.404467,-0.205035,0.929292,0.411479,0.383704,0.419802,0.534883,0.318662,0.414225,0.294289,0.575838,0.315469,0.435607,0.197277,0.889729,0.322084,0.434018,0.311411,0.577765,0.304501,0.467101,0.164511,0.912588,0.329469,0.421441,0.267225,0.581416,0.324021,0.465366,0.098996,0.915213,0.335419,0.415975,0.29089,0.611579,0.333903,0.456499,0.158185,0.899584,0.588582,0.5863,-0.236615,0.999983,0.56146,0.554668,0.236311,0.999992,0.230197,0.628206,-0.191899,0.997329,0.225981,0.603143,0.248794,0.689161,0.262042,0.869962,-0.053122,0.996936,0.24847,0.83065,0.357831,0.599595,0.306367,0.909111,-0.038748,0.991105,0.283859,0.866629,0.368082,0.617253,0.101182,0.909605,-0.065127,0.996289,0.119494,0.860714,0.371525,0.742274
subject07_left_bad_asymmetricalLean_var2.jpg,subject07,left,bad,asymmetricalLean,var2,0.320369,0.209194,-0.147074,0.999998,0.321927,0.184697,-0.201241,0.999998,0.326304,0.183424,-0.201624,0.999997,0.331124,0.181838,-0.201603,0.999997,0.31817,0.184642,-0.127872,0.999999,0.319909,0.183193,-0.128832,0.999999,0.322034,0.18137,-0.129231,1.0,0.389038,0.178314,-0.307903,0.999998,0.372826,0.178997,0.01633,0.999999,0.344379,0.223004,-0.174792,0.999996,0.338724,0.223662,-0.08427,0.999997,0.490623,0.27828,-0.424149,0.999995,0.478057,0.267088,0.231636,0.999993,0.31369,0.404454,-0.299487,0.961389,0.441409,0.416168,0.153933,0.039399,0.315303,0.255795,0.154444,0.839462,0.509765,0.472472,-0.201273,0.016183,0.316485,0.233475,0.156018,0.814825,0.5349,0.498404,-0.247742,0.026886,0.348056,0.231842,0.126865,0.809055,0.557302,0.485941,-0.282929,0.025753,0.352714,0.241997,0.155238,0.805871,0.548356,0.476897,-0.229801,0.029965,0.662617,0.553701,-0.223958,0.999988,0.623178,0.511005,0.223658,0.99999,0.293726,0.602746,-0.190264,0.996772,0.268649,0.56819,0.260455,0.488008,0.281434,0.848886,-0.201681,0.997418,0.262406,0.811911,0.267406,0.548408,0.317385,0.890927,-0.205063,0.989289,0.295684,0.855492,0.266076,0.534498,0.156316,0.889455,-0.289905,0.995502,0.137115,0.856137,0.223614,0.640437
subject07_left_bad_forwardHead_var1.jpg,subject07,left,bad,forwardHead,var1,0.395444,0.22449,-0.134635,0.999984,0.398423,0.199287,-0.19579,0.999973,0.403545,0.19764,-0.196069,0.999966,0.408855,0.195969,-0.195823,0.999971,0.393649,0.19886,-0.125721,0.999988,0.396396,0.196588,-0.126597,0.999991,0.39923,0.193947,-0.127007,0.999995,0.462688,0.188461,-0.3289,0.999987,0.45417,0.187447,-0.016041,0.999996,0.43018,0.23818,-0.16857,0.999987,0.425148,0.239037,-0.082444,0.999984,0.633253,0.29065,-0.410413,0.999994,0.587541,0.290228,0.194602,0.999988,0.564236,0.467655,-0.38682,0.988944,0.535679,0.423786,0.333254,0.042237,0.333964,0.435861,-0.136247,0.952821,0.346737,0.427951,0.211522,0.248738,0.268734,0.448396,-0.139462,0.930285,0.293907,0.43721,0.190944,0.367988,0.266298,0.424986,-0.137274,0.927474,0.286376,0.426747,0.154931,0.355923,0.283945,0.421706,-0.122766,0.913243,0.300338,0.424153,0.187454,0.294467,0.690015,0.588344,-0.183779,0.999915,0.655068,0.551074,0.183698,0.999939,0.307154,0.609851,-0.225944,0.956987,0.304484,0.593938,0.153847,0.129373,0.310996,0.863849,-0.033952,0.939969,0.292289,0.842382,0.23488,0.129102,0.34733,0.915167,-0.010861,0.954101,0.331604,0.889009,0.240843,0.208484,0.155332,0.908437,-0.016588,0.959974,0.160703,0.889958,0.195121,0.271219
subject07_left_bad_forwardHead_var2.jpg,subject07,left,bad,forwardHead,var2,0.396806,0.22629,-0.091251,0.999953,0.400961,0.204768,-0.148773,0.999953,0.405677,0.203784,-0.149145,0.999938,0.411975,0.202439,-0.149104,0.999959,0.396459,0.204682,-0.082446,0.999974,0.397741,0.203302,-0.083321,0.999976,0.398885,0.201684,-0.083797,0.999988,0.464703,0.196934,-0.278369,0.999981,0.460808,0.195782,0.019374,0.99999,0.422844,0.240288,-0.125042,0.999969,0.411703,0.23975,-0.042244,0.999966,0.579164,0.303914,-0.359449,0.999981,0.531594,0.300271,0.191884,0.999966,0.459735,0.456674,-0.365227,0.984823,0.43787,0.424316,0.254744,0.671478,0.256636,0.422067,-0.113365,0.967886,0.388357,0.299961,0.150673,0.812091,0.19489,0.421461,-0.126254,0.950773,0.375546,0.270394,0.130453,0.787391,0.19175,0.395742,-0.113601,0.945482,0.40092,0.259597,0.145126,0.758682,0.20579,0.402305,-0.097376,0.918713,0.415751,0.270796,0.150484,0.68082,0.669401,0.567532,-0.171275,0.999908,0.622905,0.540042,0.171288,0.999941,0.31877,0.610848,-0.163093,0.955977,0.300481,0.580658,0.144814,0.298469,0.31637,0.858093,-0.111946,0.974335,0.299422,0.823076,0.138887,0.200388,0.356535,0.911219,-0.105847,0.969569,0.368637,0.859758,0.13828,0.251413,0.175401,0.907771,-0.148175,0.97385,0.182492,0.876714,0.096123,0.345548
subject07_left_bad_slidingDown_var1.jpg,subject07,left,bad,slidingDown,var1,0.76792,0.324607,0.054289,0.999998,0.780046,0.306177,0.01979,0.999996,0.785222,0.30591,0.019561,0.999995,0.791364,0.30574,0.019728,0.999997,0.77596,0.305353,0.069689,0.999998,0.777162,0.304678,0.069176,0.999998,0.778632,0.303858,0.069044,0.999999,0.82933,0.30969,-0.069095,0.999998,0.814219,0.309173,0.158159,0.999997,0.779117,0.345854,0.032582,0.999997,0.771393,0.344574,0.095246,0.999995,0.835022,0.419858,-0.192831,0.999999,0.801479,0.41347,0.320507,0.999993,0.725051,0.563269,-0.225751,0.99187,0.701941,0.516403,0.388258,0.051557,0.588966,0.55044,-0.107828,0.943748,0.596986,0.550205,0.27031,0.21159,0.556675,0.569448,-0.132783,0.89881,0.562698,0.567225,0.259506,0.240597,0.552666,0.56554,-0.121472,0.898763,0.557396,0.56489,0.213014,0.249514,0.562764,0.561515,-0.095683,0.852103,0.568557,0.560765,0.244487,0.221104,0.680484,0.621149,-0.165599,0.999956,0.663788,0.600253,0.165463,0.999954,0.43394,0.68463,-0.155169,0.786816,0.441022,0.675656,0.08696,0.045483,0.232217,0.831622,-0.20329,0.722799,0.245859,0.812373,0.03548,0.042739,0.21014,0.88217,-0.213903,0.767639,0.219568,0.853082,0.024525,0.115792,0.109952,0.787988,-0.328104,0.778729,0.145963,0.777013,-0.07267,0.1184
subject07_left_bad_slidingDown_var2.jpg,subject07,left,bad,slidingDown,var2,0.564925,0.331019,-0.211265,0.999013,0.570634,0.304106,-0.252363,0.998985,0.575375,0.303125,-0.25276,0.998501,0.580007,0.302542,-0.25272,0.999118,0.566395,0.302608,-0.206493,0.999465,0.568056,0.300516,-0.20731,0.999506,0.569914,0.298219,-0.207662,0.999713,0.615501,0.298003,-0.327845,0.99904,0.603934,0.296316,-0.121753,0.999395,0.586564,0.346164,-0.224395,0.998087,0.581585,0.347515,-0.167426,0.998243,0.673515,0.378923,-0.361899,0.999141,0.642041,0.35547,0.029845,0.99889,0.504581,0.435619,-0.444326,0.906874,0.498442,0.42503,0.063889,0.038936,0.336049,0.409006,-0.427811,0.8565,0.343106,0.410423,-0.069748,0.074255,0.292828,0.412522,-0.487014,0.839054,0.302219,0.409783,-0.085577,0.097675,0.290361,0.397546,-0.474612,0.836442,0.297951,0.403609,-0.140831,0.103165,0.306296,0.399965,-0.425427,0.793139,0.312685,0.406654,-0.098642,0.105236,0.799172,0.594342,-0.127899,0.999548,0.758843,0.55995,0.127736,0.99961,0.532816,0.665228,-0.12114,0.860801,0.5266,0.65792,0.052616,0.044058,0.319746,0.821081,-0.170998,0.918529,0.319309,0.803775,0.056963,0.059286,0.296468,0.864412,-0.184032,0.961356,0.292993,0.848366,0.056625,0.135193,0.223074,0.794847,-0.31853,0.928673,0.220109,0.785552,-0.036904,0.117319
subject07_left_bad_slouch_var1.jpg,subject07,left,bad,slouch,var1,0.37273,0.221319,-0.064618,0.999978,0.377948,0.197543,-0.130367,0.999972,0.383988,0.195473,-0.130745,0.999963,0.389885,0.193279,-0.130528,0.999972,0.374321,0.197565,-0.051989,0.999989,0.377176,0.195557,-0.052957,0.999991,0.37972,0.193415,-0.053389,0.999995,0.443139,0.185978,-0.294371,0.999983,0.435712,0.187466,0.05569,0.999995,0.402111,0.236157,-0.110568,0.999973,0.396847,0.236283,-0.013493,0.999975,0.575203,0.288599,-0.429689,0.999969,0.540739,0.280595,0.288894,0.99996,0.442119,0.442334,-0.339315,0.95081,0.430438,0.39257,0.50302,0.068398,0.25375,0.418823,0.063729,0.774365,0.27534,0.418136,0.461089,0.233522,0.206105,0.430567,0.070819,0.742024,0.23793,0.42981,0.464879,0.300832,0.204568,0.41243,0.064336,0.741122,0.229514,0.421591,0.408676,0.306551,0.220296,0.410205,0.076334,0.710704,0.242474,0.418171,0.430453,0.292375,0.674376,0.57111,-0.216961,0.999937,0.616257,0.538423,0.216935,0.999958,0.286923,0.60161,-0.205798,0.963922,0.272199,0.571236,0.173668,0.232137,0.3008,0.861934,-0.077341,0.970047,0.285033,0.818216,0.231759,0.244899,0.339922,0.914291,-0.063748,0.96624,0.32396,0.862221,0.236004,0.354697,0.135758,0.900001,-0.100297,0.974067,0.145304,0.857168,0.201974,0.416227
subject07_left_bad_slouch_var2.jpg,subject07,left,bad,slouch,var2,0.443222,0.232758,-0.110717,0.999989,0.448259,0.212209,-0.172243,0.999983,0.45379,0.210763,-0.172557,0.999978,0.458663,0.209253,-0.172293,0.999982,0.446356,0.211258,-0.092727,0.999992,0.450856,0.209498,-0.093559,0.999994,0.4551,0.207682,-0.093996,0.999997,0.510468,0.203204,-0.320726,0.99999,0.507277,0.20381,0.033765,0.999996,0.473879,0.249823,-0.151428,0.99999,0.474382,0.250123,-0.053775,0.999987,0.648616,0.323243,-0.460116,0.999992,0.610297,0.316666,0.284683,0.99998,0.555942,0.502616,-0.437229,0.994043,0.516246,0.450526,0.395355,0.067069,0.332014,0.461234,-0.157239,0.978545,0.343465,0.451403,0.187704,0.348564,0.266593,0.473422,-0.167682,0.963492,0.28498,0.461176,0.158283,0.43809,0.259436,0.446721,-0.161638,0.960809,0.273344,0.449337,0.113015,0.427783,0.285434,0.445234,-0.140254,0.945512,0.297688,0.447868,0.156443,0.375886,0.655285,0.604367,-0.232838,0.999902,0.628448,0.572882,0.232781,0.999924,0.26977,0.618624,-0.255767,0.956866,0.275978,0.598193,0.188579,0.140097,0.28802,0.861943,0.010457,0.929869,0.297771,0.837984,0.363793,0.135905,0.332144,0.910457,0.039677,0.929894,0.338801,0.879742,0.379084,0.257635,0.116105,0.903184,0.022953,0.951993,0.142639,0.872653,0.34356,0.273601
subject08_left_bad_asymmetricalLean_var1.jpg,subject08,left,bad,asymmetricalLean,var1,0.588412,0.210472,-0.069319,0.998725,0.574244,0.185421,-0.038538,0.99684,0.57036,0.18432,-0.038985,0.996408,0.566496,0.183323,-0.039012,0.997683,0.570804,0.185512,-0.090642,0.9985,0.564289,0.184857,-0.091049,0.998665,0.55817,0.184852,-0.091202,0.999161,0.532465,0.198296,0.101064,0.998706,0.518009,0.197593,-0.132197,0.997818,0.5745,0.237493,-0.011526,0.998671,0.571695,0.236354,-0.083176,0.999178,0.543861,0.327029,0.20726,0.999892,0.397656,0.298551,-0.202938,0.99998,0.640094,0.459847,0.114053,0.479527,0.355445,0.485493,-0.332536,0.989026,0.576702,0.276849,-0.119975,0.530596,0.51501,0.55209,-0.347375,0.98458,0.557653,0.244169,-0.161763,0.477639,0.540161,0.592457,-0.390909,0.97016,0.544343,0.232484,-0.140839,0.433547,0.558729,0.581607,-0.372815,0.968734,0.543154,0.248278,-0.116509,0.352828,0.553685,0.572443,-0.338918,0.9468,0.484917,0.620728,0.147477,0.999813,0.401474,0.65013,-0.147915,0.999847,0.693954,0.628266,0.027825,0.183371,0.670602,0.650559,-0.187277,0.579307,0.725162,0.887078,-0.003701,0.145889,0.689262,0.912091,-0.006346,0.45678,0.69458,0.939946,-0.012468,0.23782,0.649598,0.958694,0.016659,0.376733,0.815496,0.961242,-0.082987,0.254597,0.797247,0.970484,-0.010795,0.450902
subject08_left_bad_asymmetricalLean_var2.jpg,subject08,left,bad,asymmetricalLean,var2,0.662865,0.174826,-0.077381,0.999053,0.652897,0.148726,-0.044676,0.997636,0.649777,0.148108,-0.04506,0.997219,0.647408,0.147436,-0.045092,0.998511,0.64869,0.147704,-0.094149,0.998742,0.643399,0.14716,-0.094575,0.99872,0.637279,0.147013,-0.094741,0.999263,0.613298,0.158602,0.097653,0.999111,0.600623,0.156304,-0.126833,0.9976,0.652031,0.19899,-0.019729,0.999286,0.647653,0.197134,-0.088428,0.999428,0.613751,0.302978,0.219928,0.999967,0.476251,0.227904,-0.176049,0.999985,0.722461,0.377843,0.315189,0.557816,0.387476,0.387295,-0.295568,0.951687,0.646898,0.234866,0.305201,0.409834,0.502089,0.492865,-0.313025,0.796851,0.633135,0.204734,0.302692,0.287486,0.53094,0.51395,-0.34871,0.658316,0.62066,0.198351,0.315343,0.246732,0.544984,0.503756,-0.328698,0.640927,0.618219,0.216616,0.312075,0.196792,0.538679,0.496949,-0.303733,0.550781,0.507884,0.56044,0.147684,0.999914,0.419508,0.552964,-0.148133,0.999898,0.686969,0.60358,-0.070124,0.151662,0.653751,0.573905,-0.337588,0.481952,0.702501,0.843769,-0.100447,0.08546,0.673147,0.848779,-0.190268,0.374156,0.673167,0.89039,-0.10839,0.162009,0.633242,0.894071,-0.171535,0.330427,0.801454,0.9137,-0.200631,0.169142,0.788156,0.916086,-0.236824,0.402903
subject08_left_bad_forwardHead_var1.jpg,subject08,left,bad,forwardHead,var1,0.581066,0.214324,-0.018444,0.992579,0.573447,0.183167,0.001168,0.992132,0.570771,0.181556,0.00061,0.992297,0.568027,0.180074,0.000538,0.995847,0.57199,0.183144,-0.056722,0.992975,0.568767,0.182271,-0.057188,0.992744,0.565041,0.181318,-0.057447,0.996005,0.532167,0.179372,0.10169,0.996851,0.52858,0.179318,-0.154043,0.990852,0.560422,0.233777,0.028258,0.995349,0.56049,0.231635,-0.04956,0.99597,0.45115,0.303642,0.253281,0.999878,0.411783,0.270939,-0.270775,0.999912,0.411683,0.485187,0.205497,0.013052,0.401559,0.465803,-0.311577,0.924772,0.50833,0.504974,-0.124091,0.03794,0.548885,0.435749,-0.192871,0.891054,0.528726,0.513165,-0.169594,0.075762,0.590678,0.443162,-0.235676,0.844643,0.548034,0.4735,-0.205403,0.076402,0.592425,0.42099,-0.220355,0.845053,0.534549,0.485731,-0.149291,0.064855,0.5774,0.41795,-0.185786,0.764336,0.330989,0.57955,0.169335,0.999894,0.29298,0.586713,-0.169777,0.999922,0.576364,0.625764,0.178459,0.016953,0.570991,0.627524,-0.20705,0.589381,0.606975,0.872746,0.242115,0.021437,0.583758,0.890074,-0.01096,0.352753,0.580824,0.918013,0.243704,0.064793,0.552538,0.936453,0.016574,0.428069,0.693134,0.946894,0.20842,0.048867,0.684891,0.954559,0.017992,0.382642
subject08_left_bad_forwardHead_var2.jpg,subject08,left,bad,forwardHead,var2,0.628859,0.191301,-0.01614,0.996892,0.620492,0.163744,0.00534,0.996276,0.617882,0.162643,0.004874,0.995689,0.614744,0.160883,0.004847,0.997561,0.618714,0.164703,-0.054316,0.997821,0.614201,0.16421,-0.054782,0.9978,0.608062,0.163409,-0.055018,0.998872,0.57428,0.16769,0.114121,0.998243,0.568228,0.168783,-0.151542,0.997196,0.614009,0.213995,0.033117,0.997808,0.609114,0.212324,-0.047625,0.998267,0.50148,0.289753,0.264598,0.999877,0.458061,0.250975,-0.269396,0.999958,0.509975,0.406059,0.232394,0.06535,0.480659,0.452373,-0.33742,0.939473,0.593802,0.26922,-0.033349,0.17355,0.622112,0.422077,-0.234988,0.947071,0.597333,0.228357,-0.069435,0.235016,0.661743,0.427481,-0.279708,0.920231,0.585144,0.217267,-0.081361,0.220286,0.658594,0.411866,-0.261227,0.915951,0.589057,0.232913,-0.046029,0.171133,0.643348,0.410449,-0.225888,0.85669,0.347256,0.566621,0.16532,0.999959,0.31247,0.572991,-0.165706,0.999966,0.565286,0.600166,0.158362,0.032306,0.571423,0.613255,-0.180824,0.543667,0.606522,0.852404,0.165553,0.032382,0.590541,0.868075,-0.025395,0.314337,0.577628,0.903025,0.161864,0.080432,0.557001,0.911345,-0.002627,0.390464,0.691372,0.920949,0.12319,0.081736,0.693997,0.929486,-0.002519,0.397083
subject08_left_bad_slidingDown_var1.jpg,subject08,left,bad,slidingDown,var1,0.340517,0.179313,0.076302,0.999745,0.326509,0.157067,0.094937,0.999637,0.323638,0.156973,0.094401,0.999613,0.320582,0.157085,0.094262,0.999806,0.323076,0.157976,0.040098,0.999711,0.317252,0.159019,0.039725,0.999706,0.3104,0.160507,0.039685,0.999731,0.286939,0.172725,0.193679,0.999933,0.27337,0.176212,-0.050347,0.999394,0.331632,0.210115,0.122088,0.999701,0.327451,0.210207,0.048143,0.999687,0.303284,0.318146,0.305398,0.999989,0.234457,0.331923,-0.187794,0.999976,0.429527,0.43435,0.304983,0.117298,0.35299,0.46897,-0.366094,0.962025,0.532915,0.496473,0.084137,0.137284,0.526451,0.518066,-0.40719,0.681814,0.561593,0.514469,0.046859,0.192102,0.557306,0.529232,-0.462695,0.685492,0.565947,0.515174,0.012511,0.193622,0.561279,0.519034,-0.453999,0.695331,0.552202,0.507849,0.063121,0.174749,0.55128,0.516951,-0.405257,0.594252,0.436951,0.601909,0.1551,0.99999,0.40376,0.636809,-0.155635,0.999987,0.718861,0.58156,0.072331,0.169834,0.728078,0.591222,-0.196253,0.853866,0.762487,0.86666,0.118496,0.269111,0.747274,0.883414,-0.092935,0.926297,0.725601,0.933746,0.117036,0.364517,0.707131,0.946437,-0.077161,0.821317,0.882581,0.941847,0.06375,0.451316,0.871117,0.953719,-0.091637,0.928397
subject08_left_bad_slidingDown_var2.jpg,subject08,left,bad,slidingDown,var2,0.298427,0.188249,-0.009265,0.99998,0.283892,0.166239,0.010326,0.999978,0.280846,0.165828,0.009802,0.999974,0.277471,0.165335,0.009732,0.999986,0.280497,0.167219,-0.046056,0.999984,0.274042,0.168217,-0.046486,0.999983,0.268091,0.169316,-0.046566,0.999988,0.244269,0.182965,0.107795,0.999991,0.232356,0.185285,-0.142062,0.999972,0.291515,0.215655,0.037774,0.999977,0.286847,0.215404,-0.038502,0.999979,0.26241,0.31989,0.228507,0.999993,0.195084,0.337105,-0.257914,0.999996,0.363477,0.446231,0.287599,0.141746,0.300728,0.473823,-0.380054,0.99247,0.462086,0.515013,0.143431,0.15043,0.458901,0.541547,-0.373381,0.930229,0.48409,0.538768,0.125189,0.177685,0.482507,0.566982,-0.42125,0.910501,0.483404,0.536148,0.077156,0.188024,0.490371,0.55397,-0.419912,0.913877,0.475144,0.531721,0.11969,0.166201,0.482369,0.544663,-0.373283,0.868577,0.392231,0.596932,0.137115,0.999983,0.350962,0.628737,-0.137505,0.999988,0.609283,0.640411,0.103998,0.120989,0.607224,0.65866,-0.120615,0.92293,0.824255,0.793814,0.123111,0.163182,0.817582,0.811972,-0.069494,0.940699,0.841543,0.855969,0.115537,0.270926,0.834552,0.872389,-0.063934,0.923027,0.923175,0.741867,0.027709,0.376721,0.921416,0.742309,-0.136021,0.932635
subject08_left_bad_slouch_var1.jpg,subject08,left,bad,slouch,var1,0.573675,0.203064,-0.018034,0.999575,0.563497,0.178823,0.001347,0.999546,0.560439,0.178298,0.000834,0.999577,0.557043,0.177687,0.000734,0.999773,0.561885,0.179783,-0.056106,0.999588,0.556931,0.180542,-0.056497,0.999561,0.551919,0.181116,-0.056623,0.999686,0.516754,0.187275,0.099435,0.999847,0.51606,0.190657,-0.15313,0.999156,0.560149,0.229982,0.027514,0.999563,0.555364,0.228853,-0.049477,0.999466,0.437801,0.303163,0.234917,0.999962,0.420477,0.295815,-0.259396,0.999856,0.485964,0.476172,0.229867,0.088811,0.510031,0.49019,-0.302032,0.895132,0.630741,0.448615,-0.023596,0.232544,0.641183,0.438882,-0.175414,0.835282,0.671104,0.456655,-0.058489,0.337116,0.69399,0.449046,-0.216977,0.827348,0.672464,0.438939,-0.098851,0.342462,0.692695,0.428314,-0.2035,0.832644,0.655877,0.433317,-0.048992,0.31077,0.670747,0.423298,-0.171152,0.781558,0.374524,0.602346,0.154521,0.999932,0.352119,0.614769,-0.154991,0.999922,0.633443,0.609837,0.110265,0.044498,0.645185,0.620997,-0.179409,0.818475,0.657427,0.874962,0.177649,0.053806,0.653002,0.893541,0.009357,0.712125,0.630743,0.930224,0.181311,0.121618,0.622427,0.941143,0.037476,0.770623,0.755285,0.946264,0.156538,0.111028,0.763715,0.956039,0.064806,0.741937
subject08_left_bad_slouch_var2.jpg,subject08,left,bad,slouch,var2,0.371439,0.219112,0.184923,0.99997,0.359069,0.198644,0.21043,0.999959,0.357692,0.198325,0.209965,0.999954,0.356589,0.197705,0.209934,0.999967,0.354811,0.198367,0.160476,0.999974,0.351181,0.197888,0.160083,0.999978,0.346224,0.197693,0.160099,0.999977,0.32056,0.206338,0.327305,0.999988,0.309175,0.207158,0.103516,0.999959,0.362604,0.242426,0.234337,0.999964,0.358403,0.241482,0.166362,0.999973,0.326271,0.324044,0.398693,0.999993,0.24265,0.298148,-0.02656,0.999998,0.399157,0.438362,0.291821,0.254398,0.275655,0.444665,-0.274502,0.996483,0.471228,0.448092,-0.034215,0.590785,0.442909,0.440822,-0.449525,0.996423,0.493105,0.473139,-0.092213,0.707359,0.4799,0.476539,-0.523817,0.996043,0.487061,0.466514,-0.118281,0.71208,0.494112,0.473192,-0.50928,0.996259,0.476385,0.454141,-0.054903,0.66417,0.484668,0.462767,-0.448902,0.992723,0.409453,0.553644,0.131956,0.999982,0.368115,0.567585,-0.132645,0.999988,0.639229,0.573477,0.038623,0.432759,0.643939,0.554404,-0.209315,0.972264,0.678449,0.841165,-0.069836,0.521741,0.671947,0.842417,-0.283228,0.982687,0.648443,0.898978,-0.088093,0.662274,0.636267,0.898973,-0.287314,0.970235,0.781415,0.904484,-0.169502,0.697724,0.7762,0.908281,-0.334422,0.982121
subject09_left_bad_asymmetricalLean_var1.jpg,subject09,left,bad,asymmetricalLean,var1,0.601736,0.243343,-0.088294,0.999806,0.6193,0.224036,-0.099831,0.999572,0.62628,0.225323,-0.099945,0.999391,0.633865,0.226092,-0.099924,0.999399,0.609626,0.219167,-0.062754,0.999848,0.608653,0.217033,-0.063463,0.999882,0.607763,0.21465,-0.063932,0.999927,0.673485,0.234364,-0.06348,0.999663,0.639597,0.223056,0.101279,0.999944,0.613899,0.268028,-0.06544,0.999928,0.598058,0.26414,-0.021089,0.999953,0.753988,0.361322,-0.053083,0.999942,0.558548,0.290472,0.212037,0.999995,0.705277,0.495076,-0.252694,0.993966,0.463848,0.428268,0.158989,0.974856,0.702775,0.310569,-0.466625,0.996064,0.394426,0.528442,-0.104879,0.990146,0.697254,0.269645,-0.515633,0.993194,0.356265,0.555774,-0.150375,0.981928,0.711998,0.265431,-0.523598,0.993055,0.373886,0.558439,-0.179175,0.981291,0.709265,0.279238,-0.470534,0.987755,0.395118,0.554381,-0.124995,0.978075,0.6014,0.618385,-0.096229,0.999835,0.482759,0.572935,0.095795,0.999946,0.461157,0.656136,-0.460031,0.948279,0.293289,0.624583,-0.289393,0.962755,0.373188,0.958587,-0.417992,0.763227,0.239524,0.940356,-0.308189,0.752448,0.39018,1.000203,-0.420701,0.428245,0.260293,0.975923,-0.315767,0.618382,0.279054,1.023546,-0.591862,0.724682,0.142235,1.012472,-0.473148,0.707208
subject09_left_bad_asymmetricalLean_var2.jpg,subject09,left,bad,asymmetricalLean,var2,0.166625,0.279962,-0.153594,0.999969,0.172228,0.250596,-0.200402,0.999967,0.179034,0.249357,-0.200665,0.999949,0.186123,0.248166,-0.200524,0.999962,0.167223,0.250981,-0.140539,0.999984,0.168475,0.249599,-0.141385,0.999983,0.169562,0.247992,-0.141796,0.999991,0.227779,0.243348,-0.29529,0.99996,0.211503,0.245674,-0.0245,0.999991,0.189918,0.297164,-0.175167,0.999834,0.181337,0.298963,-0.099701,0.999892,0.342639,0.284354,-0.328643,0.999731,0.310143,0.303458,0.130233,0.999897,0.187126,0.415063,-0.31227,0.596022,0.113821,0.405054,0.27702,0.139904,0.166639,0.366106,-0.073098,0.528362,0.188076,0.353826,0.353654,0.039721,0.170872,0.35,-0.084554,0.546487,0.208649,0.345916,0.367848,0.038979,0.187162,0.341265,-0.108668,0.567907,0.224441,0.33161,0.358354,0.037189,0.202005,0.35539,-0.077274,0.543484,0.216406,0.338746,0.348764,0.038227,0.555481,0.573301,-0.153294,0.999799,0.523813,0.556287,0.153091,0.999912,0.269925,0.599298,-0.133696,0.752748,0.277921,0.580606,0.133223,0.122583,0.354812,0.895416,-0.065079,0.904662,0.338487,0.874757,0.098734,0.140847,0.397138,0.944427,-0.060174,0.895655,0.37559,0.920046,0.094473,0.153213,0.233282,0.953267,-0.099886,0.9121,0.233512,0.933002,0.06439,0.223519
subject09_left_bad_forwardHead_var1.jpg,subject09,left,bad,forwardHead,var1,0.305249,0.245286,-0.056316,0.999913,0.31208,0.221963,-0.094862,0.999902,0.316146,0.220564,-0.095095,0.999845,0.320641,0.219152,-0.095017,0.999901,0.310075,0.220832,-0.041473,0.999959,0.312195,0.218339,-0.042132,0.99996,0.314842,0.215286,-0.042458,0.999982,0.364247,0.215872,-0.193614,0.99995,0.362561,0.213225,0.043265,0.999981,0.322313,0.263917,-0.085497,0.999961,0.318777,0.265588,-0.019736,0.99996,0.491437,0.331151,-0.278337,0.999982,0.449169,0.317831,0.196261,0.999986,0.487333,0.535105,-0.26402,0.866551,0.460438,0.501513,0.315798,0.014239,0.315337,0.488496,-0.037563,0.591739,0.322696,0.488347,0.246136,0.139342,0.263672,0.501055,-0.041154,0.503453,0.282115,0.499244,0.237753,0.219631,0.262604,0.475581,-0.032029,0.482224,0.277255,0.483607,0.216573,0.217577,0.279375,0.470213,-0.024524,0.447373,0.291634,0.477004,0.231116,0.187967,0.60322,0.623306,-0.143845,0.999817,0.565724,0.573087,0.143676,0.9999,0.29215,0.649429,-0.162099,0.854407,0.283643,0.62949,0.113187,0.085734,0.320115,0.930945,-0.034489,0.792522,0.324556,0.904005,0.156189,0.059645,0.360031,0.971648,-0.015842,0.80392,0.342202,0.949932,0.163892,0.095609,0.226632,0.978228,-0.01882,0.806023,0.262798,0.982319,0.14889,0.107301
subject09_left_bad_forwardHead_var2.jpg,subject09,left,bad,forwardHead,var2,0.310602,0.228832,-0.019499,0.999941,0.317286,0.198296,-0.065235,0.999948,0.321391,0.197504,-0.065505,0.999913,0.32591,0.196681,-0.065443,0.999927,0.315172,0.197041,0.000814,0.999984,0.317207,0.194986,0.000101,0.999985,0.320008,0.19263,-0.000369,0.999993,0.367879,0.198679,-0.172292,0.999957,0.368386,0.194728,0.124262,0.999993,0.328419,0.246794,-0.050257,0.999963,0.323497,0.250165,0.033141,0.999974,0.479579,0.306936,-0.258064,0.99981,0.451665,0.303881,0.260311,0.999976,0.350778,0.504136,-0.19645,0.85857,0.385521,0.481663,0.24151,0.196212,0.307116,0.338602,0.099205,0.702965,0.293936,0.487875,-0.019821,0.64059,0.300152,0.288022,0.104065,0.676586,0.264875,0.503632,-0.052168,0.696619,0.319808,0.285958,0.076131,0.676363,0.26282,0.501875,-0.087435,0.699829,0.32794,0.300115,0.096736,0.692622,0.276504,0.500655,-0.046698,0.719538,0.590017,0.636977,-0.172308,0.999879,0.549182,0.594135,0.171945,0.99996,0.280091,0.646189,-0.178364,0.979308,0.293006,0.575016,0.300153,0.555755,0.307257,0.949741,-0.101839,0.975995,0.465969,0.811414,0.366745,0.349823,0.354729,0.985323,-0.092801,0.923747,0.514141,0.843502,0.376035,0.419391,0.207219,1.000825,-0.134798,0.948685,0.424478,0.876155,0.379389,0.358197
subject09_left_bad_slidingDown_var1.jpg,subject09,left,bad,slidingDown,var1,0.706669,0.256161,0.149851,0.999805,0.714875,0.229608,0.115623,0.999559,0.720266,0.228577,0.115382,0.999472,0.725609,0.22727,0.115486,0.999639,0.711468,0.229067,0.175437,0.999757,0.713124,0.227984,0.1749,0.999801,0.715481,0.226567,0.174634,0.999878,0.762836,0.224583,0.021576,0.999828,0.753534,0.224965,0.292541,0.999836,0.722152,0.277597,0.121554,0.999923,0.717323,0.278311,0.196508,0.999868,0.832496,0.351367,-0.137204,0.999997,0.758721,0.353433,0.422504,0.999975,0.761457,0.498014,-0.246855,0.998654,0.676793,0.473376,0.450147,0.361927,0.592574,0.497967,-0.20805,0.996142,0.565056,0.508224,0.267074,0.782334,0.558366,0.53469,-0.240595,0.993126,0.538973,0.543208,0.235286,0.785669,0.550478,0.525275,-0.228424,0.992894,0.542155,0.542467,0.198486,0.778125,0.562288,0.510706,-0.196637,0.988572,0.550697,0.528969,0.24142,0.723821,0.699207,0.652832,-0.176902,0.999933,0.652309,0.618342,0.176384,0.999943,0.364733,0.653762,-0.193799,0.881594,0.348517,0.635939,0.091781,0.064391,0.262017,0.928391,-0.082015,0.763095,0.245037,0.906991,0.145531,0.037712,0.278299,0.970088,-0.070169,0.768086,0.264747,0.950917,0.146161,0.089793,0.140325,0.990655,-0.108276,0.810094,0.131681,0.970739,0.081103,0.071369
subject09_left_bad_slidingDown_var2.jpg,subject09,left,bad,slidingDown,var2,0.773919,0.309522,0.225285,0.999983,0.781903,0.288619,0.203855,0.999965,0.785614,0.287406,0.203525,0.999961,0.789989,0.286185,0.203705,0.999974,0.779352,0.289137,0.253513,0.999984,0.78079,0.288353,0.253014,0.999987,0.782213,0.287188,0.252894,0.999989,0.824708,0.285285,0.148662,0.999987,0.81165,0.287595,0.374304,0.99998,0.78842,0.328343,0.210692,0.999989,0.785041,0.329743,0.272981,0.999983,0.875983,0.370737,0.003079,1.0,0.809366,0.380923,0.483095,0.999993,0.830092,0.485603,-0.09015,0.997403,0.738994,0.487471,0.492225,0.336985,0.65772,0.499965,-0.071184,0.995312,0.637658,0.515251,0.308942,0.906078,0.626839,0.530071,-0.104382,0.993738,0.61001,0.53869,0.278634,0.92733,0.617835,0.519915,-0.091653,0.993594,0.609175,0.533982,0.236615,0.929685,0.62681,0.511503,-0.059974,0.989062,0.618615,0.526652,0.282557,0.903717,0.751513,0.630548,-0.147718,0.999926,0.701793,0.599782,0.14711,0.999925,0.448408,0.662043,-0.16645,0.982985,0.427006,0.650102,0.001108,0.156529,0.20701,0.857863,-0.290814,0.954855,0.194303,0.817445,-0.067888,0.089012,0.183051,0.906467,-0.306049,0.972887,0.173985,0.869002,-0.080331,0.311026,0.109333,0.799882,-0.420616,0.968799,0.103983,0.779615,-0.185648,0.264401
subject09_left_bad_slouch_var1.jpg,subject09,left,bad,slouch,var1,0.458124,0.214488,-0.002853,0.99996,0.464074,0.185603,-0.047494,0.999932,0.46843,0.183946,-0.047668,0.999924,0.472767,0.182057,-0.047447,0.999933,0.45975,0.185163,0.011239,0.99996,0.462157,0.183466,0.01069,0.999969,0.464687,0.18123,0.010331,0.999982,0.508757,0.175785,-0.15479,0.999968,0.503444,0.174585,0.109182,0.999986,0.481179,0.235132,-0.030751,0.999961,0.477311,0.234211,0.041971,0.999941,0.608968,0.298459,-0.270263,0.999987,0.573482,0.298915,0.263116,0.999928,0.489488,0.497902,-0.356383,0.996889,0.468751,0.451257,0.343077,0.056316,0.310388,0.466697,-0.266813,0.993327,0.316395,0.451037,0.26441,0.137213,0.257641,0.471421,-0.294173,0.988927,0.272533,0.454987,0.250717,0.189735,0.255332,0.445371,-0.280416,0.988445,0.271012,0.438743,0.221219,0.182908,0.273429,0.443414,-0.255097,0.98377,0.286125,0.438478,0.244244,0.173211,0.582352,0.646909,-0.160866,0.999907,0.545673,0.613115,0.16061,0.999921,0.254079,0.614131,-0.204629,0.963662,0.272693,0.611157,0.147567,0.198675,0.304906,0.9157,0.041725,0.931058,0.338091,0.901313,0.300947,0.134282,0.352288,0.963611,0.071123,0.932664,0.375654,0.939559,0.316748,0.261142,0.190493,0.967787,0.079281,0.952301,0.264189,0.970058,0.298636,0.264528
subject09_left_bad_slouch_var2.jpg,subject09,left,bad,slouch,var2,0.492216,0.222369,-0.037797,0.999965,0.487182,0.196299,-0.081072,0.999933,0.490779,0.194419,-0.08127,0.99993,0.494065,0.192144,-0.081106,0.999947,0.485425,0.195565,-0.015245,0.999939,0.487841,0.193483,-0.015701,0.999946,0.490575,0.190811,-0.015969,0.999962,0.527716,0.175389,-0.200915,0.999965,0.525078,0.174707,0.097911,0.999952,0.512508,0.235347,-0.072596,0.999962,0.51103,0.235243,0.01044,0.999917,0.638653,0.269181,-0.344815,0.999999,0.608332,0.276423,0.266985,0.99992,0.609637,0.49073,-0.453257,0.999229,0.571361,0.468293,0.324167,0.035104,0.548635,0.688027,-0.407028,0.998048,0.491419,0.627331,0.231565,0.044733,0.551084,0.749966,-0.449704,0.99612,0.476298,0.675334,0.215074,0.051915,0.515135,0.751556,-0.455228,0.996194,0.464539,0.659244,0.176298,0.052067,0.511552,0.732113,-0.403667,0.993781,0.470096,0.649044,0.207709,0.051295,0.596688,0.618039,-0.193592,0.999934,0.575817,0.590906,0.193082,0.999899,0.287508,0.586825,-0.213741,0.970071,0.294298,0.582896,0.167056,0.16966,0.32595,0.880626,0.026977,0.941262,0.322199,0.857403,0.374542,0.090016,0.370629,0.92948,0.053599,0.911928,0.363856,0.898229,0.39435,0.185046,0.200805,0.952267,0.046227,0.953965,0.218983,0.924046,0.388979,0.1778
subject10_left_bad_asymmetricalLean_var1.jpg,subject10,left,bad,asymmetricalLean,var1,0.547808,0.193022,-0.302996,0.999621,0.570932,0.174617,-0.35531,0.999573,0.578457,0.175371,-0.355855,0.999563,0.586197,0.176201,-0.355684,0.999685,0.56337,0.171777,-0.288282,0.999676,0.565997,0.17093,-0.289255,0.999735,0.568788,0.169982,-0.289718,0.999823,0.637928,0.186711,-0.457385,0.99983,0.615789,0.180082,-0.154335,0.999739,0.565787,0.214916,-0.321985,0.999728,0.555116,0.213921,-0.239619,0.999557,0.685844,0.309323,-0.53679,0.999971,0.616331,0.29538,0.092586,0.999794,0.533501,0.461111,-0.533392,0.962651,0.513911,0.428521,0.228463,0.021593,0.332936,0.452326,-0.42279,0.94166,0.36747,0.450257,0.088796,0.085141,0.265311,0.448923,-0.465137,0.930456,0.323448,0.456505,0.06692,0.138879,0.259753,0.436577,-0.462637,0.93567,0.320313,0.452024,0.003409,0.151537,0.282878,0.437981,-0.41197,0.892954,0.33746,0.448325,0.054614,0.133586,0.551174,0.582488,-0.175248,0.999821,0.483589,0.559693,0.175291,0.999771,0.302075,0.660037,-0.236913,0.483884,0.270238,0.62489,0.063175,0.091955,0.264976,0.872061,0.091494,0.362352,0.241329,0.839125,0.223233,0.064001,0.292698,0.907177,0.12025,0.384143,0.263328,0.877778,0.237213,0.097323,0.10987,0.881495,0.028763,0.491465,0.109935,0.870815,0.152905,0.139102
subject10_left_bad_asymmetricalLean_var2.jpg,subject10,left,bad,asymmetricalLean,var2,0.491955,0.182381,-0.566904,0.999451,0.512146,0.163333,-0.611765,0.999363,0.520195,0.164513,-0.612403,0.999153,0.527674,0.166147,-0.612482,0.999574,0.503759,0.161483,-0.536556,0.999463,0.504111,0.160932,-0.537318,0.999357,0.504442,0.160132,-0.537705,0.999652,0.577107,0.176477,-0.667507,0.999738,0.550855,0.170845,-0.326354,0.99926,0.508002,0.202703,-0.571764,0.999811,0.496074,0.199859,-0.477502,0.999674,0.626933,0.283107,-0.768712,0.999969,0.562245,0.277306,0.018124,0.999926,0.509549,0.42994,-0.858378,0.951763,0.494841,0.404406,0.167667,0.036725,0.316994,0.423542,-0.811207,0.890813,0.342258,0.427202,-0.00136,0.081073,0.247868,0.431074,-0.885365,0.83929,0.324637,0.434571,-0.02127,0.120319,0.2425,0.412909,-0.864794,0.824317,0.310001,0.428309,-0.096068,0.116409,0.265415,0.410796,-0.796437,0.691619,0.326821,0.427231,-0.041454,0.108638,0.62559,0.535242,-0.211648,0.999992,0.534348,0.513866,0.211408,0.999996,0.527554,0.685681,-0.332082,0.710287,0.258312,0.599121,0.004221,0.862714,0.530091,0.728528,0.47594,0.093835,0.235675,0.806894,0.155265,0.747283,0.547772,0.730105,0.559924,0.082024,0.255023,0.846877,0.170426,0.643411,0.453267,0.76754,0.58695,0.083133,0.080354,0.873599,0.079331,0.669075
subject10_left_bad_forwardHead_var1.jpg,subject10,left,bad,forwardHead,var1,0.352343,0.218949,-0.159318,0.999913,0.361281,0.197647,-0.212426,0.999866,0.366928,0.197242,-0.212813,0.999805,0.373017,0.196936,-0.21269,0.999883,0.357631,0.196914,-0.144694,0.999926,0.359252,0.195725,-0.145519,0.99993,0.361203,0.194097,-0.145855,0.999963,0.420181,0.199236,-0.334472,0.999942,0.41652,0.196992,-0.031131,0.999949,0.376049,0.237073,-0.189998,0.999953,0.369837,0.237192,-0.106195,0.999931,0.567513,0.273492,-0.413094,0.999982,0.492383,0.295513,0.181015,0.999966,0.543897,0.439032,-0.44498,0.892781,0.482913,0.426992,0.291523,0.028744,0.328465,0.423241,-0.278399,0.636647,0.341725,0.417212,0.165867,0.125072,0.270429,0.433297,-0.299347,0.553125,0.295927,0.423048,0.152699,0.188002,0.268807,0.414128,-0.277546,0.521258,0.287558,0.41143,0.117553,0.175413,0.289663,0.412938,-0.259123,0.404903,0.305593,0.409829,0.143207,0.145208,0.672466,0.52258,-0.162848,0.999916,0.589285,0.515164,0.162719,0.999927,0.520541,0.685598,-0.24649,0.434205,0.408291,0.641516,0.014975,0.066462,0.553543,0.889134,-0.069691,0.367879,0.393093,0.856706,0.115086,0.04406,0.587398,0.919991,-0.055826,0.429049,0.424631,0.890561,0.122341,0.081376,0.464247,0.938961,-0.143497,0.378634,0.297916,0.910026,0.04871,0.083214
subject10_left_bad_forwardHead_var2.jpg,subject10,left,bad,forwardHead,var2,0.361953,0.184553,-0.214169,0.999536,0.372386,0.161032,-0.278024,0.99935,0.377001,0.160932,-0.278611,0.999122,0.382195,0.160834,-0.278535,0.999357,0.369281,0.159431,-0.195582,0.999708,0.371242,0.15806,-0.196625,0.999747,0.373472,0.156506,-0.197119,0.99985,0.43129,0.163929,-0.422195,0.999641,0.420536,0.162332,-0.053574,0.999855,0.385283,0.20377,-0.253715,0.999731,0.375936,0.202308,-0.150524,0.999815,0.544729,0.253238,-0.517883,0.999859,0.461272,0.265243,0.176902,0.999951,0.354824,0.387793,-0.404938,0.779049,0.368826,0.375931,0.247099,0.188408,0.33744,0.263412,-0.037328,0.845953,0.256879,0.377239,-0.015814,0.573999,0.347814,0.242121,-0.037999,0.857368,0.208065,0.381819,-0.042592,0.643635,0.368269,0.23645,-0.07029,0.852102,0.201731,0.38402,-0.106592,0.646423,0.371826,0.242985,-0.03871,0.802399,0.223681,0.385588,-0.056471,0.658447,0.627598,0.50898,-0.190647,0.999927,0.528102,0.494399,0.190566,0.999963,0.586004,0.691654,-0.133586,0.567714,0.274397,0.597157,-0.106167,0.4976,0.589243,0.861539,0.170359,0.611473,0.284039,0.821341,0.053091,0.371293,0.590766,0.889234,0.192681,0.340691,0.299046,0.862461,0.067806,0.364365,0.485434,0.934129,0.069822,0.501844,0.111808,0.874803,-0.018869,0.424065
subject10_left_bad_slidingDown_var1.jpg,subject10,left,bad,slidingDown,var1,0.751158,0.330816,-0.04234,0.999904,0.756299,0.310653,-0.078753,0.999827,0.761411,0.309796,-0.078997,0.999784,0.766991,0.308336,-0.078902,0.999876,0.750772,0.309841,-0.030832,0.999898,0.751256,0.30888,-0.031283,0.99991,0.752159,0.307391,-0.031554,0.999942,0.804017,0.303508,-0.163337,0.9999,0.794227,0.304351,0.053096,0.999892,0.767941,0.350183,-0.063739,0.999898,0.762357,0.349394,-0.003496,0.99982,0.863927,0.395597,-0.270922,0.999992,0.792215,0.385224,0.17035,0.999959,0.731366,0.505419,-0.343915,0.988657,0.709345,0.471261,0.227151,0.071147,0.598835,0.532897,-0.272823,0.953412,0.635269,0.522685,0.175549,0.058469,0.562408,0.552829,-0.307274,0.915701,0.609907,0.543631,0.167662,0.068654,0.553992,0.545352,-0.301123,0.921202,0.605524,0.536853,0.126786,0.07146,0.564007,0.540706,-0.266449,0.898217,0.617049,0.530009,0.153747,0.071894,0.777919,0.638088,-0.124891,0.999958,0.73599,0.606548,0.124581,0.999969,0.521619,0.632792,-0.166385,0.485936,0.545892,0.611887,0.004073,0.091032,0.367283,0.807438,-0.140396,0.551933,0.41427,0.818008,-0.012764,0.047095,0.363005,0.845921,-0.139962,0.610039,0.413845,0.855187,-0.017612,0.075745,0.2686,0.811067,-0.222125,0.601405,0.342124,0.853266,-0.110988,0.076058
subject10_left_bad_slidingDown_var2.jpg,subject10,left,bad,slidingDown,var2,0.553578,0.322058,-0.189605,0.999678,0.561222,0.298656,-0.223807,0.999705,0.566175,0.297325,-0.224169,0.999598,0.572304,0.296256,-0.224169,0.999788,0.553383,0.29918,-0.178863,0.999812,0.552771,0.297359,-0.179588,0.999804,0.552129,0.295051,-0.179937,0.999867,0.610837,0.292247,-0.275506,0.999811,0.593976,0.287992,-0.07423,0.999683,0.574796,0.339262,-0.195313,0.99934,0.563472,0.340503,-0.139637,0.999166,0.666497,0.367268,-0.330506,0.999848,0.609221,0.363951,0.08018,0.999513,0.482587,0.410674,-0.446233,0.916884,0.53676,0.417941,0.105974,0.026163,0.32711,0.390015,-0.463514,0.952361,0.462522,0.434334,-0.042207,0.028991,0.290267,0.388794,-0.527464,0.944463,0.448743,0.438072,-0.061736,0.047239,0.288574,0.378956,-0.512443,0.94799,0.447923,0.432863,-0.107638,0.050315,0.303021,0.380834,-0.458539,0.922172,0.453473,0.434197,-0.065978,0.050011,0.727359,0.612325,-0.125802,0.999844,0.688016,0.586124,0.125291,0.999811,0.519029,0.699277,-0.165171,0.392917,0.488512,0.643959,0.00401,0.046697,0.282295,0.815431,-0.230597,0.540703,0.330169,0.7921,-0.030541,0.024967,0.261136,0.850174,-0.241916,0.677942,0.290017,0.834011,-0.032327,0.06861,0.189437,0.797128,-0.350842,0.615623,0.227042,0.795484,-0.092561,0.054998
subject10_left_bad_slouch_var1.jpg,subject10,left,bad,slouch,var1,0.392328,0.211924,-0.185474,0.999743,0.40921,0.190464,-0.239214,0.99972,0.415089,0.191262,-0.23964,0.99964,0.420997,0.192063,-0.239494,0.999779,0.405714,0.187586,-0.166797,0.999825,0.408186,0.186814,-0.167611,0.999839,0.411235,0.185941,-0.167958,0.999906,0.475792,0.198085,-0.371756,0.999897,0.470358,0.194779,-0.046337,0.999869,0.412222,0.233213,-0.218728,0.999882,0.408224,0.233684,-0.12931,0.999796,0.57735,0.303052,-0.494888,0.999977,0.54048,0.305698,0.182551,0.999904,0.55725,0.487814,-0.49329,0.860951,0.548208,0.466708,0.328422,0.006759,0.369591,0.53031,-0.280002,0.694395,0.437947,0.541021,0.243026,0.028014,0.313957,0.547193,-0.308333,0.633112,0.40605,0.560518,0.236834,0.054381,0.303504,0.536332,-0.293175,0.637306,0.392677,0.558065,0.17539,0.055322,0.324168,0.533129,-0.262296,0.557281,0.407489,0.551672,0.210875,0.050905,0.627933,0.588854,-0.195286,0.999933,0.591296,0.568031,0.195059,0.999934,0.398846,0.700418,-0.172933,0.451792,0.415323,0.688474,0.387923,0.039784,0.375125,0.886883,0.183991,0.42686,0.437601,0.854361,0.583795,0.045865,0.414981,0.917406,0.219464,0.498693,0.465202,0.881011,0.60206,0.062091,0.236143,0.923534,0.142281,0.534846,0.37217,0.891537,0.527023,0.085602
subject10_left_bad_slouch_var2.jpg,subject10,left,bad,slouch,var2,0.400368,0.213155,-0.107248,0.999968,0.412375,0.192014,-0.166744,0.99996,0.419048,0.191215,-0.167132,0.999943,0.426843,0.190589,-0.167037,0.999962,0.407395,0.190369,-0.096853,0.999983,0.408617,0.188929,-0.097663,0.999985,0.410329,0.187076,-0.09807,0.999991,0.479802,0.190408,-0.297027,0.999984,0.469968,0.187325,0.016898,0.999991,0.426762,0.230943,-0.139237,0.999981,0.419535,0.231992,-0.052259,0.999972,0.599777,0.286804,-0.401184,0.999985,0.538384,0.300427,0.223834,0.999968,0.521644,0.45502,-0.430095,0.967149,0.515883,0.437447,0.313678,0.042762,0.349504,0.413189,-0.233393,0.828126,0.361995,0.416929,0.155391,0.250243,0.277352,0.418049,-0.248547,0.750159,0.303511,0.423513,0.136897,0.370666,0.275205,0.397389,-0.23787,0.739532,0.300517,0.406155,0.095581,0.361597,0.295149,0.395927,-0.218159,0.692506,0.320896,0.403827,0.129043,0.321846,0.664748,0.573876,-0.193578,0.999911,0.597136,0.547881,0.193498,0.999938,0.376326,0.663092,-0.272732,0.915638,0.289632,0.603287,0.08898,0.280459,0.273713,0.857573,-0.10301,0.850477,0.260012,0.838785,0.16139,0.139935,0.31077,0.90834,-0.083896,0.858843,0.313288,0.883768,0.168556,0.212597,0.105949,0.895318,-0.118701,0.848487,0.124819,0.884271,0.135226,0.210274
subject01_left_good_armrests_var1.jpg,subject01,left,good,armrests,var1,0.639321,0.17099,-0.255598,0.999936,0.666784,0.14946,-0.313297,0.999901,0.672798,0.149595,-0.313792,0.999877,0.679135,0.149806,-0.313567,0.999909,0.664575,0.147914,-0.238979,0.999943,0.669279,0.147418,-0.239871,0.999953,0.673416,0.146774,-0.240293,0.999972,0.731035,0.161194,-0.434974,0.999959,0.722545,0.160652,-0.101411,0.999965,0.656588,0.19176,-0.282434,0.999955,0.649742,0.19163,-0.191654,0.999922,0.803911,0.299719,-0.555843,0.999988,0.762682,0.300391,0.181137,0.999872,0.728491,0.499943,-0.520372,0.970871,0.695095,0.458079,0.260813,0.021208,0.475687,0.512535,-0.286857,0.900789,0.513826,0.465791,0.016438,0.217802,0.426599,0.533142,-0.315434,0.864349,0.46684,0.478754,-0.02983,0.344977,0.419562,0.517212,-0.312852,0.863064,0.461221,0.471476,-0.084864,0.348211,0.436015,0.509997,-0.271137,0.818542,0.478923,0.466522,-0.019248,0.293083,0.72728,0.599586,-0.233373,0.999866,0.688711,0.562412,0.233334,0.999824,0.296779,0.606815,-0.210195,0.829266,0.333639,0.575681,0.313548,0.054933,0.321997,0.824796,0.185115,0.695489,0.351553,0.768673,0.570463,0.039025,0.370208,0.86683,0.22757,0.714441,0.404771,0.804691,0.596524,0.084453,0.147595,0.867297,0.221071,0.779351,0.224542,0.782695,0.602332,0.089741
subject01_left_good_focus_var1.jpg,subject01,left,good,focus,var1,0.580835,0.170638,-0.238112,0.999975,0.601689,0.149242,-0.295922,0.999961,0.609324,0.149409,-0.296345,0.999952,0.616521,0.149205,-0.295978,0.999961,0.597661,0.147572,-0.211497,0.999979,0.601147,0.146818,-0.212487,0.999982,0.605349,0.145991,-0.212927,0.99999,0.674786,0.157388,-0.41218,0.99997,0.658297,0.159164,-0.034176,0.999986,0.59941,0.192448,-0.261813,0.99996,0.596502,0.193196,-0.158473,0.999947,0.760949,0.29095,-0.557518,0.999971,0.707453,0.293731,0.297898,0.999879,0.62218,0.46773,-0.600296,0.984509,0.585792,0.41556,0.575404,0.045192,0.337273,0.456984,-0.425258,0.954075,0.375574,0.422715,0.54592,0.310258,0.26975,0.465578,-0.473337,0.935274,0.315686,0.427751,0.545481,0.378807,0.266478,0.447622,-0.456743,0.935168,0.307817,0.420355,0.472604,0.383031,0.289266,0.446058,-0.406535,0.904164,0.325965,0.419866,0.508684,0.347976,0.713793,0.589124,-0.251266,0.999814,0.665477,0.549408,0.25131,0.999808,0.300532,0.611658,-0.274152,0.80016,0.32999,0.580619,0.310206,0.063192,0.304185,0.839002,0.066462,0.724386,0.335199,0.786717,0.588987,0.047064,0.357052,0.88129,0.101234,0.789442,0.39194,0.822624,0.615557,0.109274,0.120863,0.884201,0.048748,0.79549,0.203363,0.817445,0.581862,0.098263
subject01_left_good_recline_var1.jpg,subject01,left,good,recline,var1,0.567846,0.201429,-0.088223,0.999935,0.587474,0.177941,-0.157755,0.999897,0.594313,0.1774,-0.158169,0.999869,0.60119,0.176782,-0.157893,0.999903,0.58517,0.177603,-0.076392,0.999946,0.588425,0.177124,-0.077357,0.999954,0.592887,0.17608,-0.077806,0.999975,0.65594,0.182472,-0.317651,0.999952,0.647444,0.183898,0.048438,0.999974,0.588305,0.223998,-0.126366,0.999943,0.58615,0.225108,-0.026264,0.999914,0.740838,0.315973,-0.457298,0.999973,0.711402,0.320119,0.319283,0.999803,0.620361,0.496792,-0.494385,0.973743,0.593124,0.466444,0.504224,0.03377,0.35888,0.48365,-0.313231,0.921881,0.380267,0.475439,0.404936,0.152577,0.283627,0.495842,-0.350928,0.893263,0.309969,0.483263,0.389711,0.223902,0.2762,0.474004,-0.33588,0.891094,0.300115,0.470546,0.324513,0.226852,0.301127,0.470877,-0.295106,0.85125,0.324429,0.470224,0.369041,0.205796,0.695367,0.628375,-0.236013,0.999757,0.650459,0.596908,0.235841,0.999712,0.246543,0.63575,-0.242413,0.812352,0.283057,0.598088,0.338019,0.043109,0.277146,0.892397,0.025167,0.779702,0.311362,0.837429,0.590449,0.030818,0.328875,0.937862,0.052906,0.806049,0.354994,0.88199,0.614222,0.077542,0.081025,0.925608,0.005344,0.835104,0.178254,0.857531,0.60187,0.072072
subject01_left_good_upright_var1.jpg,subject01,left,good,upright,var1,0.622135,0.172047,-0.15462,0.999964,0.639803,0.150831,-0.233692,0.999943,0.646303,0.149946,-0.234169,0.999928,0.653658,0.148976,-0.233922,0.999945,0.639323,0.14953,-0.1301,0.99997,0.642909,0.148497,-0.131062,0.999975,0.647641,0.147526,-0.131552,0.999986,0.711897,0.152067,-0.4261,0.999971,0.708167,0.154069,0.04088,0.999982,0.642631,0.193575,-0.203822,0.999963,0.643107,0.19452,-0.074838,0.999944,0.789341,0.293507,-0.619186,0.999979,0.791435,0.295968,0.387271,0.999896,0.688894,0.482536,-0.653042,0.979933,0.681774,0.451863,0.573003,0.041451,0.415436,0.468927,-0.392571,0.933083,0.465081,0.457029,0.377597,0.240165,0.342408,0.474133,-0.440939,0.899813,0.403482,0.460797,0.355123,0.327625,0.340426,0.45354,-0.418018,0.894196,0.39066,0.452263,0.280587,0.327638,0.362874,0.452325,-0.369301,0.849943,0.413025,0.451707,0.333646,0.299203,0.766647,0.628349,-0.310257,0.99981,0.747387,0.596794,0.31012,0.999815,0.309978,0.616757,-0.319237,0.8646,0.355719,0.589217,0.467742,0.082004,0.310303,0.859321,0.127858,0.763522,0.329852,0.827599,0.808608,0.062127,0.362391,0.907788,0.174832,0.764383,0.401211,0.86572,0.842034,0.133585,0.103188,0.900495,0.130605,0.799211,0.177868,0.851982,0.817771,0.113323
subject02_left_good_armrests_var1.jpg,subject02,left,good,armrests,var1,0.423778,0.17951,-0.099739,0.999762,0.399003,0.155962,-0.076207,0.999643,0.394081,0.155709,-0.077091,0.999713,0.389671,0.155643,-0.077105,0.999804,0.395304,0.155877,-0.174667,0.999669,0.389539,0.155854,-0.175537,0.999741,0.382253,0.156156,-0.175817,0.999775,0.340253,0.164867,0.070504,0.999917,0.332507,0.164237,-0.36749,0.999698,0.404458,0.201651,-0.026475,0.999696,0.39984,0.200912,-0.158717,0.999762,0.292868,0.300319,0.358853,0.999981,0.262744,0.301832,-0.562974,0.999985,0.334094,0.469434,0.438604,0.258046,0.291395,0.490859,-0.59817,0.997412,0.542997,0.507094,0.123839,0.422254,0.550131,0.500556,-0.388956,0.994268,0.590036,0.531284,0.094456,0.531644,0.60072,0.524078,-0.465569,0.990547,0.600121,0.525884,0.002815,0.538448,0.609868,0.516056,-0.430103,0.990418,0.585996,0.518098,0.077228,0.517657,0.595528,0.507836,-0.371501,0.984052,0.316004,0.60592,0.296196,0.999969,0.305238,0.617719,-0.296768,0.999979,0.691346,0.649592,0.577076,0.31841,0.747257,0.637101,-0.272008,0.981008,0.705427,0.88047,0.82293,0.433034,0.756554,0.876714,0.106647,0.976167,0.640324,0.922965,0.8419,0.596721,0.698411,0.916143,0.159651,0.969734,0.759642,0.975866,0.85986,0.558271,0.933451,0.930303,0.236981,0.96722
subject02_left_good_focus_var1.jpg,subject02,left,good,focus,var1,0.500467,0.190836,-0.088494,0.999796,0.520877,0.169202,-0.158636,0.999628,0.527213,0.169253,-0.159184,0.999542,0.532434,0.169259,-0.15895,0.99966,0.518954,0.168014,-0.065371,0.999807,0.524292,0.166946,-0.066404,0.999846,0.530397,0.165814,-0.066891,0.999921,0.579773,0.174647,-0.33192,0.99972,0.580869,0.174582,0.085808,0.999869,0.523603,0.212191,-0.13425,0.999706,0.520236,0.212324,-0.019023,0.999674,0.644101,0.295699,-0.527604,0.999934,0.635972,0.29557,0.384248,0.999805,0.51973,0.44927,-0.575437,0.935528,0.521903,0.440908,0.548641,0.033021,0.300057,0.449047,-0.377693,0.787189,0.320811,0.454532,0.361207,0.118648,0.245866,0.460892,-0.428762,0.748634,0.263635,0.46238,0.339932,0.144766,0.23349,0.445592,-0.411701,0.741084,0.254028,0.453263,0.264168,0.150655,0.254111,0.441022,-0.359174,0.655676,0.273768,0.449461,0.317004,0.142888,0.668528,0.595914,-0.261025,0.999821,0.643945,0.583587,0.261046,0.999839,0.284541,0.640102,-0.217405,0.437665,0.307153,0.645801,0.280708,0.020604,0.270869,0.866002,0.116401,0.343483,0.274028,0.858288,0.568279,0.0158,0.327823,0.90788,0.146556,0.461074,0.323927,0.901904,0.59365,0.047612,0.113554,0.913492,0.070589,0.424043,0.125338,0.906496,0.530212,0.032392
subject02_left_good_recline_var1.jpg,subject02,left,good,recline,var1,0.603921,0.198937,-0.165904,0.999634,0.618891,0.178494,-0.224215,0.999472,0.626632,0.178617,-0.22478,0.999413,0.634801,0.178717,-0.224555,0.999558,0.616075,0.176439,-0.141152,0.999676,0.618604,0.17553,-0.142091,0.999744,0.622394,0.174221,-0.142579,0.999846,0.687623,0.185946,-0.356202,0.999724,0.679596,0.186074,0.017666,0.999759,0.621842,0.219638,-0.197047,0.99965,0.615452,0.219709,-0.094807,0.999457,0.757392,0.310214,-0.508581,0.999955,0.705137,0.310431,0.298288,0.999671,0.686903,0.481265,-0.602604,0.954225,0.629666,0.45546,0.410613,0.019291,0.435936,0.470425,-0.521887,0.894433,0.438687,0.471971,0.182301,0.126849,0.370616,0.469124,-0.579003,0.8686,0.370588,0.472896,0.14916,0.185592,0.358846,0.453032,-0.559426,0.866617,0.354991,0.461584,0.082646,0.194116,0.378219,0.452117,-0.504339,0.804236,0.378292,0.461203,0.141768,0.168707,0.698401,0.600871,-0.237771,0.99977,0.653861,0.579716,0.237783,0.999701,0.318672,0.644157,-0.272657,0.437987,0.361239,0.645566,0.332057,0.014668,0.308606,0.863377,0.028368,0.387163,0.367165,0.843049,0.555628,0.015758,0.368261,0.902821,0.056302,0.519436,0.419935,0.875708,0.574125,0.044912,0.128527,0.907891,-0.031095,0.50974,0.247629,0.887561,0.503932,0.035289
subject02_left_good_upright_var1.jpg,subject02,left,good,upright,var1,0.569123,0.185394,-0.060884,0.999868,0.590685,0.164467,-0.11731,0.999808,0.597081,0.164661,-0.117832,0.999774,0.603095,0.164552,-0.117559,0.999826,0.58806,0.162654,-0.044145,0.9999,0.592184,0.161625,-0.04519,0.99992,0.596817,0.160433,-0.045656,0.999955,0.655213,0.173162,-0.2425,0.99989,0.650226,0.172913,0.084196,0.999939,0.594062,0.208013,-0.089439,0.999846,0.586865,0.208452,-0.001041,0.999798,0.727235,0.311519,-0.400244,0.999961,0.686391,0.307183,0.341697,0.999666,0.614683,0.479614,-0.440743,0.952236,0.598755,0.456823,0.505619,0.015601,0.369381,0.467925,-0.290193,0.826865,0.379451,0.464104,0.398422,0.05651,0.30172,0.478976,-0.32822,0.808494,0.315862,0.473736,0.382077,0.083951,0.295663,0.454499,-0.313608,0.808007,0.305027,0.457006,0.319295,0.088371,0.317128,0.450284,-0.272575,0.750171,0.328856,0.452914,0.362322,0.080349,0.729133,0.618382,-0.207717,0.999677,0.678525,0.59764,0.207703,0.999596,0.293127,0.652227,-0.22713,0.560914,0.335509,0.655867,0.230286,0.014669,0.302963,0.89489,0.029987,0.457123,0.31366,0.868994,0.414718,0.012403,0.357737,0.938179,0.056145,0.633951,0.35886,0.924083,0.42995,0.03774,0.096863,0.938824,0.002986,0.582437,0.187396,0.913239,0.378499,0.028795
subject03_left_good_armrests_var1.jpg,subject03,left,good,armrests,var1,0.576644,0.159883,-0.143873,0.99991,0.601523,0.138688,-0.202161,0.999836,0.607395,0.138101,-0.202503,0.999811,0.614985,0.137349,-0.202226,0.999841,0.599416,0.138423,-0.128507,0.999918,0.6034,0.137774,-0.129422,0.999941,0.607611,0.136706,-0.129884,0.999967,0.672881,0.143348,-0.329576,0.999928,0.665853,0.144491,-0.000345,0.99997,0.599188,0.180455,-0.174281,0.999943,0.59207,0.17974,-0.084782,0.999924,0.748521,0.282144,-0.470552,0.999986,0.68929,0.281996,0.252127,0.999909,0.67357,0.475589,-0.458013,0.995817,0.61136,0.435527,0.416396,0.111871,0.396154,0.478319,-0.24773,0.985665,0.425365,0.458974,0.287931,0.574388,0.343862,0.506622,-0.271622,0.97648,0.380207,0.488767,0.258084,0.647609,0.331556,0.494596,-0.270353,0.976065,0.367109,0.483385,0.199988,0.643466,0.344694,0.489174,-0.233445,0.967698,0.381232,0.477317,0.254157,0.567614,0.678997,0.577938,-0.220379,0.999895,0.625431,0.53715,0.220221,0.999876,0.216799,0.593757,-0.258697,0.960885,0.227059,0.553642,0.211797,0.161974,0.248425,0.846921,0.078554,0.932655,0.264251,0.780289,0.469316,0.104886,0.287931,0.871944,0.115841,0.921325,0.301914,0.818056,0.494556,0.181303,0.053391,0.872871,0.095265,0.953218,0.105278,0.812228,0.470274,0.219973
subject03_left_good_focus_var1.jpg,subject03,left,good,focus,var1,0.541825,0.158594,-0.209674,0.999986,0.566981,0.136074,-0.272278,0.999973,0.573411,0.136063,-0.272646,0.999973,0.579977,0.135929,-0.27239,0.999973,0.563985,0.135252,-0.194785,0.999985,0.56786,0.134557,-0.195699,0.99999,0.572474,0.13354,-0.196053,0.999993,0.639632,0.146989,-0.401873,0.999988,0.628656,0.145725,-0.054449,0.999995,0.561825,0.181548,-0.236833,0.999985,0.556504,0.180272,-0.141886,0.99998,0.724234,0.289841,-0.526622,0.999985,0.662658,0.282263,0.249935,0.999964,0.540084,0.465851,-0.573367,0.9977,0.535724,0.405398,0.524926,0.328492,0.269673,0.469231,-0.43151,0.997377,0.309059,0.425935,0.554106,0.916594,0.196031,0.485867,-0.491108,0.995611,0.250704,0.429442,0.562331,0.928755,0.18998,0.462534,-0.466336,0.995449,0.245038,0.420506,0.482857,0.930405,0.215707,0.456283,-0.413281,0.992934,0.263725,0.419882,0.518085,0.906567,0.667981,0.585489,-0.236109,0.999863,0.624907,0.541848,0.236063,0.999851,0.248035,0.61712,-0.329471,0.982876,0.272149,0.586692,0.292253,0.344734,0.281071,0.864445,-0.035013,0.973956,0.314267,0.821861,0.524596,0.267147,0.33089,0.903894,-0.003064,0.976149,0.353996,0.850435,0.54849,0.413904,0.085875,0.904332,-0.023971,0.978746,0.16044,0.824358,0.537714,0.4685
subject03_left_good_recline_var1.jpg,subject03,left,good,recline,var1,0.572667,0.171333,-0.181462,0.999954,0.597924,0.149604,-0.236731,0.999924,0.604539,0.149528,-0.237079,0.999907,0.612222,0.149302,-0.236791,0.999929,0.595984,0.149151,-0.169361,0.999958,0.599489,0.1486,-0.170276,0.999966,0.603545,0.147709,-0.170625,0.999981,0.671629,0.156707,-0.351296,0.999969,0.665874,0.156842,-0.04985,0.999983,0.594213,0.192196,-0.205497,0.999976,0.586825,0.191733,-0.124058,0.999962,0.756623,0.298818,-0.456568,0.999989,0.680834,0.298682,0.216636,0.999929,0.684904,0.502311,-0.467409,0.995399,0.584709,0.441174,0.411911,0.111398,0.420181,0.517207,-0.327268,0.989845,0.359008,0.441011,0.335163,0.797184,0.363255,0.545761,-0.359368,0.981905,0.281908,0.437679,0.318079,0.844083,0.344467,0.530312,-0.35414,0.981932,0.26997,0.425937,0.255785,0.847867,0.363416,0.520974,-0.312983,0.973627,0.302625,0.430869,0.301693,0.79485,0.667944,0.591454,-0.207165,0.999872,0.611656,0.554641,0.207088,0.999844,0.235676,0.612116,-0.268635,0.954782,0.241266,0.594711,0.213874,0.241448,0.269512,0.855662,0.044804,0.929208,0.26146,0.809145,0.40545,0.189431,0.316193,0.889565,0.077884,0.92772,0.306745,0.849419,0.423443,0.270334,0.068194,0.906141,0.037778,0.952205,0.095533,0.834781,0.386218,0.35011
subject03_left_good_upright_var1.jpg,subject03,left,good,upright,var1,0.540787,0.154135,-0.179616,0.999959,0.563261,0.133996,-0.247327,0.999941,0.569271,0.133666,-0.247753,0.99993,0.577204,0.132885,-0.247543,0.999944,0.560722,0.132735,-0.159125,0.999968,0.564173,0.131971,-0.160055,0.999974,0.569249,0.130739,-0.160584,0.999984,0.64542,0.138521,-0.394149,0.999976,0.632908,0.140027,0.000896,0.999984,0.561485,0.17779,-0.214679,0.999965,0.559075,0.175393,-0.106558,0.999946,0.723021,0.287273,-0.534059,0.999984,0.688875,0.283689,0.296076,0.999868,0.648395,0.47846,-0.542961,0.992106,0.611474,0.443751,0.397433,0.040086,0.376476,0.474109,-0.312583,0.981142,0.396,0.461818,0.147637,0.248252,0.302039,0.478059,-0.338545,0.969679,0.329179,0.464634,0.106272,0.363941,0.297875,0.452325,-0.335033,0.968557,0.316968,0.453038,0.049012,0.360394,0.31843,0.450853,-0.296412,0.955054,0.339257,0.451569,0.109328,0.315767,0.689031,0.609111,-0.260214,0.999773,0.639926,0.571273,0.260038,0.999718,0.256196,0.614201,-0.294386,0.93915,0.279431,0.582054,0.314148,0.091395,0.285309,0.884163,-0.046059,0.928675,0.309529,0.822113,0.523699,0.083138,0.342849,0.92727,-0.020612,0.915035,0.362548,0.868474,0.542211,0.181712,0.075708,0.92434,-0.081661,0.94947,0.16257,0.881869,0.509395,0.182976
subject04_left_good_armrests_var1.jpg,subject04,left,good,armrests,var1,0.578619,0.180037,-0.090965,0.999925,0.605319,0.159118,-0.153052,0.999882,0.610753,0.159367,-0.153485,0.99986,0.617357,0.159685,-0.153287,0.999901,0.602717,0.158702,-0.077507,0.999929,0.606319,0.158638,-0.078371,0.999941,0.609462,0.158186,-0.078685,0.999963,0.666706,0.169422,-0.295844,0.999954,0.660632,0.168762,0.042078,0.999951,0.595818,0.201722,-0.125147,0.999934,0.591431,0.201119,-0.033075,0.999887,0.734334,0.290895,-0.444621,0.999989,0.691955,0.297606,0.310319,0.999747,0.689694,0.466182,-0.465352,0.985685,0.664617,0.447055,0.450254,0.016357,0.444461,0.485771,-0.298991,0.958164,0.520325,0.475777,0.30481,0.081184,0.401456,0.51028,-0.340441,0.939854,0.47742,0.498503,0.279367,0.138485,0.393297,0.508025,-0.328822,0.939008,0.472412,0.493324,0.218918,0.139773,0.404298,0.502557,-0.282689,0.909715,0.485883,0.485876,0.269963,0.114935,0.721675,0.609354,-0.22623,0.999819,0.684891,0.578333,0.226037,0.999714,0.281187,0.617201,-0.233905,0.726516,0.314464,0.609066,0.251407,0.020576,0.274587,0.853897,0.028743,0.648411,0.297774,0.831162,0.420635,0.019751,0.315636,0.887384,0.054938,0.758304,0.345588,0.862278,0.43315,0.05256,0.090606,0.89484,0.008967,0.763813,0.168294,0.870414,0.38961,0.049563
subject04_left_good_focus_var1.jpg,subject04,left,good,focus,var1,0.613142,0.198111,-0.123615,0.999688,0.632605,0.177761,-0.180899,0.999469,0.638932,0.17741,-0.181241,0.999316,0.64496,0.176951,-0.181043,0.999504,0.628786,0.176933,-0.116893,0.999724,0.631918,0.176104,-0.117802,0.999761,0.635931,0.174665,-0.118239,0.999867,0.695137,0.182214,-0.293674,0.999784,0.686767,0.181132,-0.006727,0.999866,0.633079,0.217905,-0.145029,0.999748,0.625283,0.217848,-0.067536,0.999616,0.763452,0.303169,-0.390054,0.999968,0.704512,0.315768,0.233575,0.999671,0.644099,0.472017,-0.399441,0.952492,0.615445,0.457533,0.342449,0.008904,0.427631,0.455099,-0.212504,0.829886,0.444528,0.489842,0.208007,0.035,0.371013,0.45983,-0.23553,0.775517,0.391875,0.499969,0.186669,0.060239,0.380575,0.432815,-0.221813,0.774507,0.39255,0.491289,0.136206,0.060451,0.400472,0.430558,-0.194892,0.710764,0.409193,0.491234,0.178531,0.053304,0.713434,0.603078,-0.197124,0.999689,0.661615,0.583478,0.197053,0.999647,0.313543,0.628896,-0.191229,0.469925,0.353798,0.630651,0.208834,0.011257,0.303356,0.853852,0.072888,0.383515,0.332022,0.833906,0.367666,0.0119,0.344233,0.890882,0.100945,0.521117,0.366538,0.878975,0.381613,0.031844,0.115155,0.888704,0.071249,0.52778,0.184665,0.885289,0.348983,0.028778
subject04_left_good_recline_var1.jpg,subject04,left,good,recline,var1,0.555501,0.187975,-0.060392,0.999754,0.578784,0.167367,-0.12439,0.999633,0.584935,0.167366,-0.124865,0.99953,0.590247,0.167074,-0.124635,0.999683,0.576274,0.166492,-0.048319,0.999801,0.579909,0.165794,-0.049304,0.999824,0.583675,0.164651,-0.049716,0.999908,0.643897,0.17328,-0.268894,0.999851,0.635467,0.173372,0.071582,0.9999,0.572168,0.209288,-0.094577,0.999838,0.568366,0.209084,-0.001948,0.999752,0.712931,0.30007,-0.415043,0.999972,0.686759,0.307277,0.329982,0.9997,0.629174,0.473043,-0.475796,0.969876,0.596839,0.45533,0.550657,0.014753,0.359515,0.47089,-0.33456,0.895193,0.392147,0.466391,0.524127,0.068953,0.286994,0.480667,-0.374836,0.856934,0.319131,0.473285,0.518359,0.107074,0.282002,0.453767,-0.353816,0.850329,0.303872,0.454427,0.454686,0.107969,0.303917,0.451321,-0.314852,0.80152,0.328311,0.453095,0.490123,0.094872,0.727319,0.629363,-0.209198,0.999834,0.680496,0.597565,0.209001,0.999793,0.289652,0.634795,-0.230253,0.74055,0.32005,0.624587,0.267407,0.034885,0.268567,0.872443,0.113278,0.667569,0.291187,0.856225,0.498126,0.028961,0.316528,0.920239,0.150806,0.769119,0.342636,0.896237,0.518953,0.061114,0.074754,0.914928,0.117998,0.741256,0.117925,0.889055,0.475884,0.056003
subject04_left_good_upright_var1.jpg,subject04,left,good,upright,var1,0.530345,0.168198,-0.095101,0.999881,0.552097,0.148581,-0.170972,0.999808,0.557316,0.148632,-0.171506,0.999779,0.564652,0.148273,-0.171259,0.999836,0.549515,0.147777,-0.077666,0.999891,0.552443,0.147662,-0.078635,0.99991,0.555227,0.147174,-0.079105,0.999949,0.62493,0.154391,-0.354733,0.999907,0.61487,0.155876,0.065119,0.999933,0.552808,0.190141,-0.140823,0.999871,0.54926,0.191376,-0.025764,0.999811,0.68922,0.288271,-0.546808,0.999966,0.671682,0.289606,0.386124,0.999711,0.567016,0.461219,-0.600412,0.971457,0.557682,0.439189,0.612962,0.020529,0.312618,0.448109,-0.407469,0.900758,0.341606,0.450781,0.517842,0.085355,0.246361,0.452586,-0.455279,0.865413,0.283054,0.455267,0.511328,0.127274,0.242487,0.429112,-0.433563,0.861289,0.273236,0.438676,0.438113,0.130379,0.262977,0.427867,-0.385715,0.799686,0.295103,0.438467,0.477405,0.123954,0.679001,0.610673,-0.277923,0.999668,0.649451,0.592716,0.277821,0.999603,0.248621,0.620275,-0.278927,0.611636,0.300973,0.617351,0.412111,0.021565,0.267338,0.857888,0.084904,0.484124,0.290809,0.838425,0.717357,0.019479,0.31838,0.903735,0.121351,0.58746,0.352846,0.885404,0.745353,0.058711,0.070572,0.901764,0.069773,0.588488,0.168715,0.890131,0.721124,0.040026
subject05_left_good_armrests_var1.jpg,subject05,left,good,armrests,var1,0.504915,0.179364,-0.208041,0.999804,0.481105,0.158037,-0.179808,0.999554,0.475079,0.157226,-0.180503,0.999607,0.468474,0.156743,-0.180611,0.999716,0.478605,0.158794,-0.270922,0.999688,0.471702,0.158478,-0.271626,0.999746,0.463801,0.158068,-0.27191,0.999786,0.409793,0.165818,-0.010484,0.999878,0.405076,0.165947,-0.415578,0.999733,0.485889,0.199239,-0.128872,0.999588,0.484807,0.198362,-0.250918,0.999733,0.377439,0.278461,0.279534,0.999968,0.34892,0.289903,-0.573662,0.99998,0.419227,0.436948,0.401439,0.202499,0.398863,0.470621,-0.632786,0.996145,0.591463,0.473182,0.182099,0.244262,0.631275,0.514623,-0.508888,0.992481,0.627981,0.500845,0.15637,0.318506,0.664346,0.541618,-0.596774,0.987724,0.633425,0.497046,0.070355,0.3222,0.678518,0.536219,-0.571667,0.98823,0.620791,0.486034,0.139889,0.302963,0.668497,0.527305,-0.497636,0.979536,0.437129,0.566938,0.267062,0.99988,0.389783,0.599953,-0.267506,0.99993,0.784882,0.590207,0.398579,0.254838,0.794212,0.620089,-0.313524,0.941651,0.770598,0.823777,0.472965,0.351224,0.738099,0.862599,0.00915,0.932728,0.754979,0.849125,0.472873,0.415552,0.685157,0.904665,0.052682,0.886734,0.87136,0.875925,0.455447,0.444322,0.844547,0.928865,0.101482,0.908737
subject05_left_good_focus_var1.jpg,subject05,left,good,focus,var1,0.48826,0.197005,-0.05372,0.999945,0.464829,0.180236,-0.043444,0.999896,0.458519,0.180161,-0.044245,0.999925,0.450461,0.180037,-0.044268,0.999939,0.463598,0.180653,-0.126152,0.999918,0.456373,0.180804,-0.12689,0.999949,0.447013,0.180884,-0.12708,0.999949,0.395294,0.186106,0.060636,0.999975,0.392041,0.187179,-0.303727,0.999931,0.468897,0.219498,0.00503,0.999865,0.467169,0.220247,-0.106183,0.999897,0.341334,0.300683,0.286148,0.999988,0.322628,0.311867,-0.454895,0.999991,0.451471,0.448297,0.372104,0.223646,0.480338,0.457018,-0.537244,0.997609,0.659145,0.463475,0.195363,0.297331,0.721358,0.451472,-0.411972,0.997247,0.709293,0.473267,0.184148,0.375362,0.793145,0.45766,-0.492041,0.996358,0.721911,0.464214,0.101943,0.381463,0.799563,0.440549,-0.44078,0.9964,0.702918,0.47144,0.157202,0.369546,0.78217,0.438894,-0.393145,0.993578,0.400975,0.566149,0.224618,0.999942,0.371141,0.59045,-0.225104,0.99997,0.757315,0.604211,0.305866,0.174109,0.796235,0.619735,-0.25595,0.973752,0.74049,0.824078,0.479849,0.303256,0.74818,0.859453,-0.017503,0.983701,0.695774,0.864795,0.493676,0.549766,0.692912,0.905202,0.021258,0.983031,0.886971,0.860851,0.512017,0.573307,0.926993,0.888622,0.090975,0.983712
subject05_left_good_recline_var1.jpg,subject05,left,good,recline,var1,0.562907,0.184353,-0.15435,0.999972,0.586904,0.165043,-0.213649,0.999949,0.592147,0.165511,-0.213989,0.999938,0.597458,0.165868,-0.213853,0.999954,0.584392,0.163832,-0.137537,0.99997,0.587431,0.163274,-0.13833,0.999974,0.590992,0.162469,-0.138674,0.999984,0.649377,0.178082,-0.340998,0.99998,0.647861,0.177008,0.000722,0.999984,0.575644,0.203545,-0.182613,0.999984,0.571995,0.203815,-0.089123,0.999973,0.714684,0.301025,-0.482028,0.999992,0.679723,0.298619,0.306826,0.999956,0.61145,0.482349,-0.540281,0.995831,0.57014,0.435228,0.486621,0.080933,0.377642,0.480242,-0.387381,0.986783,0.380839,0.444313,0.391976,0.547051,0.310295,0.494353,-0.430982,0.974996,0.319067,0.450089,0.384236,0.650258,0.300295,0.470215,-0.4098,0.97397,0.308777,0.440249,0.322865,0.649146,0.31954,0.462335,-0.367733,0.960421,0.326502,0.438561,0.358813,0.589522,0.664796,0.578243,-0.250322,0.999902,0.623375,0.550779,0.250139,0.999888,0.279585,0.621055,-0.369667,0.967338,0.309207,0.605451,0.258459,0.283061,0.31105,0.858202,-0.153767,0.945405,0.314719,0.824423,0.369541,0.219902,0.35388,0.910751,-0.132649,0.928738,0.359414,0.862466,0.377468,0.312131,0.123353,0.91075,-0.189464,0.948179,0.17039,0.853407,0.33112,0.339359
subject05_left_good_upright_var1.jpg,subject05,left,good,upright,var1,0.55129,0.169102,-0.065631,0.999811,0.573658,0.14761,-0.127039,0.999704,0.580909,0.147394,-0.127367,0.999656,0.587403,0.146894,-0.12711,0.999706,0.569913,0.146819,-0.050811,0.999846,0.575253,0.146216,-0.051807,0.999884,0.581026,0.145489,-0.052393,0.999935,0.65173,0.153035,-0.261481,0.999872,0.645796,0.154478,0.079985,0.99995,0.577528,0.191607,-0.096772,0.999838,0.573074,0.192952,-0.004233,0.999786,0.753776,0.291019,-0.392204,0.999947,0.691881,0.283272,0.311299,0.999753,0.584073,0.467175,-0.444243,0.970558,0.577119,0.437973,0.447374,0.030566,0.344594,0.461088,-0.290039,0.930794,0.364696,0.454571,0.335982,0.124129,0.275707,0.466186,-0.318454,0.918819,0.302545,0.461338,0.313837,0.183844,0.273318,0.44369,-0.31462,0.921016,0.287861,0.445954,0.259182,0.188634,0.293952,0.441456,-0.27695,0.890954,0.315124,0.443736,0.303482,0.163963,0.705899,0.596318,-0.218693,0.999484,0.643814,0.574677,0.218531,0.99949,0.281428,0.607797,-0.310661,0.804372,0.291116,0.594013,0.107145,0.05593,0.328861,0.87961,-0.116787,0.818058,0.317853,0.850456,0.217049,0.060769,0.38604,0.923523,-0.09691,0.83943,0.38114,0.901606,0.225567,0.136705,0.120824,0.932576,-0.160185,0.888222,0.143533,0.90875,0.167526,0.142869
subject06_left_good_armrests_var1.jpg,subject06,left,good,armrests,var1,0.497531,0.208996,-0.093284,0.999603,0.489377,0.187339,-0.089042,0.999579,0.483895,0.185537,-0.089807,0.999545,0.478381,0.183577,-0.090007,0.999763,0.485363,0.187565,-0.156008,0.999678,0.477783,0.186238,-0.156772,0.99963,0.470288,0.184734,-0.157005,0.999782,0.417447,0.183138,-0.008601,0.999905,0.412774,0.184098,-0.299146,0.999613,0.470232,0.226822,-0.043641,0.999743,0.467876,0.226351,-0.133025,0.999782,0.334666,0.294276,0.194361,0.999984,0.329834,0.307246,-0.374411,0.999981,0.348642,0.422625,0.457393,0.08866,0.332375,0.502738,-0.383738,0.990704,0.518427,0.404219,0.525025,0.197606,0.536753,0.448396,-0.190777,0.991126,0.567727,0.416026,0.535176,0.274288,0.596013,0.458986,-0.225104,0.985962,0.583269,0.40607,0.47933,0.277205,0.602473,0.436256,-0.205706,0.986464,0.560724,0.402259,0.502613,0.259333,0.578043,0.429958,-0.180965,0.979168,0.342679,0.569558,0.19041,0.999903,0.329522,0.592474,-0.191135,0.999934,0.709759,0.596307,0.248695,0.082754,0.744555,0.629795,-0.171531,0.899149,0.721561,0.821625,0.359884,0.075742,0.723879,0.838862,0.124089,0.86141,0.67683,0.870613,0.368701,0.126451,0.669144,0.886307,0.170807,0.888218,0.856084,0.852126,0.400537,0.12206,0.899826,0.873369,0.264767,0.859402
subject06_left_good_focus_var1.jpg,subject06,left,good,focus,var1,0.550489,0.225135,-0.111169,0.999674,0.545082,0.202606,-0.100912,0.999733,0.539245,0.200808,-0.101746,0.999701,0.533884,0.199058,-0.101856,0.999836,0.542182,0.202004,-0.175041,0.9998,0.533892,0.200213,-0.175824,0.99979,0.52604,0.19857,-0.176105,0.999875,0.48151,0.194241,-0.003417,0.999925,0.472909,0.195105,-0.329517,0.999763,0.51829,0.239611,-0.055967,0.999635,0.513214,0.239834,-0.155808,0.999704,0.360467,0.291533,0.192674,0.999938,0.342499,0.297553,-0.42962,0.999946,0.426797,0.405165,0.409223,0.075541,0.416496,0.46116,-0.500481,0.988326,0.569706,0.405934,0.422676,0.111753,0.632946,0.44483,-0.321167,0.987755,0.611756,0.407775,0.43383,0.166716,0.684493,0.45201,-0.367779,0.980764,0.627885,0.403521,0.372367,0.165747,0.691954,0.433387,-0.334555,0.980267,0.605543,0.404757,0.396548,0.158874,0.668104,0.430949,-0.306928,0.969356,0.323931,0.567577,0.189278,0.999925,0.308714,0.585276,-0.189895,0.999944,0.641014,0.621373,0.379229,0.127205,0.685017,0.631374,-0.221044,0.879103,0.535688,0.851502,0.504933,0.145708,0.630844,0.847695,0.06284,0.863342,0.503577,0.866855,0.513724,0.207201,0.585313,0.889896,0.106778,0.901279,0.551478,0.911667,0.542154,0.216935,0.803941,0.874463,0.201999,0.865719
subject06_left_good_recline_var1.jpg,subject06,left,good,recline,var1,0.573038,0.213776,-0.233322,0.999936,0.590123,0.194536,-0.284288,0.999924,0.595782,0.194285,-0.284835,0.999909,0.603173,0.194047,-0.284798,0.99993,0.586777,0.193059,-0.215937,0.999939,0.588888,0.192077,-0.216724,0.999944,0.590845,0.190892,-0.217121,0.999968,0.664345,0.199379,-0.393607,0.999964,0.652154,0.198441,-0.09042,0.99996,0.596256,0.233267,-0.258672,0.999952,0.588632,0.233449,-0.175808,0.999916,0.737446,0.327518,-0.490594,0.999984,0.691669,0.313658,0.138284,0.999972,0.677044,0.506884,-0.47627,0.956487,0.642551,0.44221,0.322964,0.052568,0.439529,0.469713,-0.265718,0.953144,0.467088,0.425851,0.252513,0.629528,0.377482,0.483784,-0.281266,0.929402,0.405697,0.436061,0.250394,0.745907,0.37583,0.458052,-0.259925,0.923645,0.39944,0.426515,0.197362,0.75247,0.396723,0.449907,-0.244132,0.893924,0.419413,0.423308,0.225122,0.705829,0.734206,0.593201,-0.179544,0.999853,0.686101,0.56904,0.179223,0.999894,0.403293,0.621466,-0.127522,0.29905,0.438738,0.585448,0.411774,0.04882,0.617073,0.655679,0.322468,0.034878,0.644487,0.650846,0.514451,0.013511,0.682677,0.661949,0.383226,0.107963,0.686384,0.662533,0.534517,0.035304,0.567379,0.665141,0.589394,0.088078,0.660661,0.674341,0.664409,0.029796
subject06_left_good_upright_var1.jpg,subject06,left,good,upright,var1,0.582173,0.188126,-0.14622,0.999989,0.597594,0.167887,-0.200824,0.999985,0.60553,0.167756,-0.201123,0.99998,0.614493,0.167502,-0.200981,0.999983,0.592956,0.1664,-0.125419,0.999991,0.594776,0.165332,-0.126381,0.999991,0.597051,0.16404,-0.126736,0.999995,0.674307,0.174023,-0.313992,0.999991,0.653293,0.172792,0.022366,0.999995,0.602942,0.207241,-0.171059,0.999978,0.595703,0.207567,-0.078782,0.999974,0.729409,0.297733,-0.449705,0.999971,0.704577,0.291267,0.308341,0.999943,0.583322,0.444345,-0.383603,0.93082,0.608213,0.383847,0.607933,0.0565,0.482602,0.444608,0.000707,0.719954,0.500199,0.411417,0.718476,0.184026,0.454578,0.445581,0.007838,0.694925,0.4677,0.426547,0.7452,0.245423,0.456537,0.436082,0.001515,0.70342,0.473302,0.422129,0.698463,0.243829,0.470767,0.437635,0.013717,0.68271,0.489467,0.41834,0.696031,0.229286,0.727697,0.587472,-0.243268,0.999682,0.703137,0.565333,0.24315,0.999811,0.326663,0.622044,-0.211667,0.811272,0.345461,0.604865,0.220966,0.203003,0.353494,0.840191,0.042654,0.700403,0.361536,0.823634,0.292939,0.10424,0.405781,0.888253,0.072712,0.714608,0.403121,0.871169,0.301335,0.160071,0.162675,0.88799,0.108794,0.709044,0.178431,0.876534,0.323117,0.150776
subject07_left_good_armrests_var1.jpg,subject07,left,good,armrests,var1,0.431805,0.218123,-0.148689,0.999969,0.425259,0.198412,-0.139281,0.999939,0.422777,0.197066,-0.139902,0.99996,0.419838,0.19526,-0.140047,0.999968,0.417683,0.198163,-0.215024,0.999954,0.410394,0.196978,-0.215638,0.99997,0.402507,0.195402,-0.215844,0.999969,0.353882,0.193121,-0.027779,0.99999,0.346877,0.193858,-0.360865,0.999966,0.411825,0.234711,-0.089065,0.999942,0.402165,0.234319,-0.190252,0.999956,0.292478,0.309654,0.194217,0.999994,0.2611,0.32062,-0.445343,0.999983,0.36398,0.433201,0.300495,0.646696,0.386221,0.496701,-0.447754,0.99828,0.556867,0.433534,0.174129,0.718926,0.591055,0.462317,-0.282192,0.998831,0.612695,0.43562,0.167756,0.754641,0.652088,0.463491,-0.341514,0.998597,0.624618,0.425028,0.095673,0.762787,0.6478,0.444376,-0.302148,0.998684,0.605147,0.423213,0.141213,0.756139,0.628082,0.440868,-0.266584,0.998272,0.296707,0.567475,0.196872,0.999908,0.272109,0.597769,-0.197309,0.999932,0.613848,0.609499,0.26186,0.530164,0.667221,0.652329,-0.247597,0.993972,0.551952,0.826277,0.370891,0.758133,0.568284,0.87786,0.017651,0.996423,0.523797,0.853815,0.377882,0.794493,0.541179,0.906502,0.058906,0.996572,0.563696,0.875705,0.362721,0.847791,0.658662,0.918959,0.119523,0.996403
subject07_left_good_focus_var1.jpg,subject07,left,good,focus,var1,0.558585,0.187164,-0.098014,0.999997,0.568256,0.165751,-0.163387,0.999996,0.574153,0.164837,-0.163667,0.999995,0.580972,0.163621,-0.163443,0.999996,0.565453,0.163494,-0.087267,0.999998,0.567705,0.1617,-0.088245,0.999998,0.57016,0.159795,-0.088553,0.999999,0.642596,0.159072,-0.317225,0.999998,0.638124,0.15873,0.019171,0.999999,0.587892,0.204783,-0.137172,0.999998,0.585151,0.205634,-0.045018,0.999997,0.771363,0.300246,-0.426149,0.999996,0.710139,0.271787,0.274101,0.999996,0.67227,0.483769,-0.343504,0.990916,0.582066,0.347978,0.584066,0.214663,0.503133,0.404318,0.068373,0.96294,0.39609,0.357094,0.655949,0.766996,0.421796,0.409176,0.086884,0.930733,0.33824,0.366919,0.679759,0.808274,0.418003,0.389159,0.093662,0.928995,0.332116,0.358484,0.635017,0.807538,0.447902,0.385867,0.088647,0.918894,0.350342,0.356057,0.633272,0.780736,0.773469,0.575834,-0.217596,0.999866,0.725509,0.525772,0.217438,0.999919,0.340095,0.633537,-0.214797,0.833262,0.438522,0.594858,0.353549,0.082325,0.383265,0.864803,0.065182,0.721322,0.44839,0.816423,0.533528,0.045685,0.468625,0.905741,0.101294,0.818845,0.482081,0.848577,0.553045,0.068595,0.215739,0.91689,0.142447,0.821316,0.366047,0.876371,0.568314,0.105783
subject07_left_good_recline_var1.jpg,subject07,left,good,recline,var1,0.455394,0.180733,-0.117802,0.999989,0.445158,0.160061,-0.10512,0.999981,0.439692,0.158356,-0.105845,0.999988,0.433763,0.1564,-0.105958,0.99999,0.442065,0.160635,-0.18467,0.999985,0.43389,0.159514,-0.18538,0.99999,0.425071,0.158092,-0.185566,0.999989,0.369873,0.156908,0.021499,0.999997,0.364383,0.158915,-0.327781,0.99999,0.432394,0.197083,-0.052317,0.999987,0.427699,0.19743,-0.158385,0.99999,0.32139,0.276098,0.269253,0.999998,0.280203,0.290388,-0.444304,0.999997,0.390548,0.401899,0.367377,0.708748,0.352869,0.481773,-0.452337,0.999768,0.582132,0.395661,0.160803,0.885116,0.589314,0.436599,-0.285538,0.99974,0.642906,0.404021,0.139785,0.912196,0.662635,0.439974,-0.344044,0.999612,0.659434,0.395229,0.068357,0.914806,0.669694,0.42011,-0.30509,0.999629,0.631311,0.393422,0.125637,0.906078,0.644125,0.414581,-0.267864,0.999357,0.358874,0.546311,0.22625,0.999977,0.316908,0.581479,-0.226662,0.999988,0.731802,0.584816,0.261664,0.788524,0.770806,0.619591,-0.27541,0.99937,0.719375,0.796505,0.35674,0.861113,0.742797,0.848425,-0.084735,0.999442,0.678125,0.842289,0.362574,0.913395,0.693602,0.892825,-0.04969,0.999185,0.863406,0.829843,0.3412,0.938747,0.917819,0.888137,-0.017499,0.999296
subject07_left_good_upright_var1.jpg,subject07,left,good,upright,var1,0.522935,0.172746,-0.179855,0.999876,0.547421,0.150204,-0.230118,0.999794,0.553329,0.150426,-0.230495,0.999725,0.558763,0.150454,-0.230276,0.999777,0.543757,0.148764,-0.157789,0.999903,0.546833,0.14793,-0.1588,0.99992,0.549929,0.146881,-0.159269,0.999959,0.613772,0.160749,-0.319257,0.99985,0.597577,0.158814,0.000193,0.999955,0.541604,0.19299,-0.196747,0.999805,0.533557,0.192919,-0.109684,0.999808,0.680414,0.293935,-0.430086,0.99989,0.663079,0.28835,0.282002,0.999789,0.530401,0.462607,-0.394537,0.935084,0.555831,0.417456,0.483461,0.036361,0.310022,0.44566,-0.128411,0.78612,0.364821,0.433044,0.42096,0.17318,0.240828,0.450808,-0.15111,0.752266,0.310255,0.434621,0.415157,0.224365,0.242945,0.43381,-0.142288,0.745921,0.306742,0.431245,0.3515,0.226248,0.264533,0.433683,-0.112918,0.695917,0.319057,0.430807,0.387349,0.199143,0.701841,0.589918,-0.215879,0.999761,0.663395,0.550192,0.215745,0.999799,0.289952,0.613551,-0.284929,0.816455,0.302074,0.583159,0.206782,0.044112,0.305983,0.844521,-0.010197,0.798086,0.325068,0.810342,0.443182,0.047434,0.357059,0.889171,0.020157,0.842031,0.383406,0.840728,0.465933,0.098568,0.1268,0.895834,-0.00643,0.831171,0.202345,0.882655,0.44004,0.090584
subject08_left_good_armrests_var1.jpg,subject08,left,good,armrests,var1,0.49706,0.154463,-0.257731,0.99943,0.522603,0.135839,-0.303861,0.999128,0.532161,0.137186,-0.304459,0.999035,0.539498,0.139085,-0.304297,0.999337,0.514368,0.133727,-0.223239,0.999377,0.516291,0.133165,-0.224205,0.999479,0.518696,0.132281,-0.224738,0.999669,0.588382,0.152921,-0.400361,0.999535,0.570622,0.148782,-0.039974,0.999448,0.513028,0.179766,-0.279453,0.999517,0.503518,0.177518,-0.181227,0.999234,0.671684,0.290611,-0.548237,0.99997,0.579015,0.287938,0.247522,0.999604,0.608424,0.462296,-0.585202,0.978388,0.493463,0.435565,0.374066,0.021131,0.354546,0.506396,-0.483617,0.960826,0.348151,0.509729,0.178236,0.079531,0.301778,0.538265,-0.544108,0.945206,0.299795,0.535284,0.145952,0.105098,0.277908,0.527466,-0.539779,0.947378,0.283317,0.52978,0.065383,0.113017,0.297741,0.515939,-0.47184,0.914583,0.30666,0.520565,0.13336,0.102201,0.593887,0.569477,-0.234017,0.999898,0.50113,0.545483,0.234073,0.999829,0.212205,0.612538,-0.340463,0.43427,0.207339,0.596185,0.084068,0.022427,0.232611,0.84013,-0.033308,0.404137,0.214597,0.820898,0.267648,0.020514,0.302814,0.88415,-0.007237,0.477934,0.27994,0.86026,0.281286,0.049269,0.075186,0.895097,-0.113355,0.518203,0.082937,0.878835,0.188835,0.045027
subject08_left_good_focus_var1.jpg,subject08,left,good,focus,var1,0.548351,0.169862,-0.265437,0.999828,0.568954,0.152011,-0.312113,0.999743,0.577533,0.153365,-0.312619,0.999679,0.586487,0.155032,-0.312332,0.999735,0.563328,0.149773,-0.246298,0.999879,0.564794,0.149082,-0.247376,0.999912,0.566431,0.148182,-0.247932,0.999953,0.641824,0.170211,-0.402349,0.999838,0.622759,0.166643,-0.107258,0.999953,0.562568,0.195016,-0.281761,0.999859,0.554029,0.193326,-0.201583,0.99985,0.724095,0.303272,-0.477681,0.999935,0.632348,0.280042,0.105459,0.999941,0.551328,0.480681,-0.521548,0.938497,0.512485,0.397765,0.280944,0.075126,0.275504,0.459951,-0.436772,0.904462,0.307247,0.407468,0.237508,0.610709,0.197637,0.474625,-0.485917,0.89616,0.244523,0.416774,0.22267,0.658895,0.187463,0.45815,-0.474399,0.899626,0.237271,0.410966,0.155825,0.672879,0.209916,0.452454,-0.424253,0.85105,0.257377,0.411112,0.204518,0.61385,0.675381,0.574631,-0.160282,0.999803,0.597463,0.550014,0.160186,0.999902,0.32128,0.587247,-0.120131,0.437433,0.262346,0.616877,0.099092,0.122779,0.224027,0.713967,0.332605,0.250112,0.20915,0.830074,0.268646,0.069312,0.257038,0.745969,0.380655,0.460223,0.254083,0.870929,0.286985,0.109646,0.058496,0.714152,0.403379,0.393636,0.056787,0.884041,0.232954,0.117224
subject08_left_good_recline_var1.jpg,subject08,left,good,recline,var1,0.58797,0.166302,-0.194229,0.999821,0.615974,0.147562,-0.251222,0.99971,0.621659,0.148144,-0.251656,0.999669,0.629324,0.148951,-0.251452,0.999745,0.613419,0.146098,-0.177125,0.999821,0.616079,0.14562,-0.178055,0.999855,0.61819,0.144923,-0.178531,0.999913,0.681011,0.163288,-0.374562,0.999873,0.667753,0.16098,-0.041574,0.99991,0.601931,0.188948,-0.222175,0.999868,0.595003,0.188031,-0.131699,0.999796,0.77273,0.29467,-0.497329,0.999976,0.659004,0.292075,0.216748,0.999824,0.653154,0.457476,-0.598911,0.985171,0.530996,0.411015,0.371177,0.039034,0.398813,0.443986,-0.553894,0.976933,0.35308,0.423282,0.272102,0.299709,0.323757,0.453252,-0.60591,0.967,0.296249,0.430486,0.256103,0.378724,0.31457,0.435632,-0.591416,0.96683,0.284502,0.419132,0.192837,0.386739,0.338765,0.431878,-0.53941,0.944578,0.307967,0.419029,0.237367,0.338976,0.656232,0.580785,-0.216816,0.999868,0.581267,0.553905,0.21682,0.999829,0.278706,0.614449,-0.306419,0.61853,0.290432,0.602921,0.170818,0.038887,0.288459,0.835621,-0.038332,0.546969,0.29234,0.813231,0.307064,0.035857,0.337854,0.876005,-0.012481,0.642561,0.33757,0.854471,0.318039,0.089354,0.127363,0.884365,-0.060271,0.678618,0.143828,0.865056,0.278689,0.082746
subject08_left_good_upright_var1.jpg,subject08,left,good,upright,var1,0.446887,0.164758,-0.190965,0.999884,0.421602,0.144626,-0.168358,0.999826,0.417809,0.144592,-0.169262,0.999852,0.413277,0.144528,-0.169339,0.999905,0.418218,0.145472,-0.251988,0.999858,0.410436,0.146097,-0.252783,0.999886,0.401213,0.147129,-0.253041,0.999907,0.356252,0.160216,-0.028763,0.999948,0.343709,0.161318,-0.396983,0.999804,0.432105,0.190781,-0.121853,0.99978,0.42459,0.191002,-0.234551,0.999817,0.332373,0.285321,0.190297,0.99998,0.260526,0.293142,-0.518574,0.999977,0.438725,0.441768,0.290647,0.195015,0.39796,0.470151,-0.604716,0.990241,0.611233,0.469385,0.069456,0.2962,0.671833,0.466914,-0.523835,0.979526,0.666755,0.475716,0.042801,0.365737,0.750956,0.47163,-0.610666,0.97186,0.695888,0.462578,-0.043688,0.385183,0.752724,0.457349,-0.576236,0.972303,0.667634,0.462808,0.02838,0.367441,0.72607,0.455375,-0.512224,0.953391,0.378903,0.55602,0.210182,0.999928,0.316576,0.577567,-0.210515,0.999945,0.695775,0.635287,0.273159,0.104951,0.726747,0.631293,-0.296374,0.835713,0.720918,0.848682,0.474927,0.127898,0.729095,0.864398,0.011133,0.863675,0.67614,0.895054,0.48935,0.189045,0.661601,0.908149,0.053987,0.801192,0.850113,0.90135,0.480936,0.283416,0.895948,0.915864,0.093579,0.867836
subject09_left_good_armrests_var1.jpg,subject09,left,good,armrests,var1,0.440391,0.168321,-0.218242,0.999915,0.41579,0.145769,-0.191946,0.999879,0.410414,0.145439,-0.192895,0.999888,0.404413,0.144962,-0.193001,0.999927,0.411734,0.14555,-0.271672,0.999914,0.404001,0.145615,-0.272463,0.99993,0.39354,0.145683,-0.272787,0.999946,0.351664,0.154904,-0.03256,0.999958,0.338565,0.155583,-0.385239,0.999882,0.419807,0.187701,-0.143722,0.999852,0.413969,0.187651,-0.251171,0.999899,0.346055,0.278119,0.236144,0.999978,0.260497,0.298783,-0.547991,0.999991,0.424629,0.429517,0.379611,0.206443,0.328396,0.477813,-0.66326,0.99721,0.625243,0.446969,0.180225,0.460426,0.610163,0.487877,-0.63584,0.996057,0.682428,0.463743,0.158713,0.544759,0.665977,0.509992,-0.726423,0.993364,0.691173,0.459952,0.071878,0.560102,0.678403,0.503118,-0.703876,0.993534,0.668865,0.455475,0.138874,0.538171,0.661347,0.491497,-0.627691,0.98842,0.407702,0.552013,0.252858,0.999965,0.346102,0.602021,-0.253192,0.999979,0.781515,0.56897,0.359673,0.209362,0.781083,0.607665,-0.342686,0.921212,0.707787,0.768645,0.577051,0.210688,0.747454,0.847849,-0.012189,0.920981,0.670198,0.809228,0.593687,0.362545,0.68834,0.887175,0.033588,0.876042,0.828456,0.827428,0.61294,0.400365,0.934758,0.890728,0.068058,0.923235
subject09_left_good_focus_var1.jpg,subject09,left,good,focus,var1,0.51395,0.167309,-0.139247,0.999948,0.491698,0.14733,-0.121361,0.999917,0.486228,0.146939,-0.12212,0.999945,0.480363,0.146682,-0.122369,0.99996,0.488975,0.147878,-0.19911,0.999936,0.482626,0.148242,-0.199746,0.999955,0.475135,0.148654,-0.200042,0.999957,0.427486,0.155364,0.006317,0.99999,0.420499,0.156177,-0.335372,0.999959,0.495852,0.190062,-0.075924,0.999944,0.491502,0.188564,-0.180072,0.999954,0.420478,0.278045,0.213638,0.999992,0.330492,0.294637,-0.461648,0.999986,0.525741,0.422688,0.342653,0.684388,0.469002,0.451225,-0.544557,0.999314,0.76225,0.440271,0.263957,0.731731,0.783723,0.458595,-0.480491,0.999303,0.820141,0.452415,0.264437,0.737237,0.859811,0.46962,-0.567037,0.999069,0.847964,0.440916,0.175888,0.755878,0.871134,0.449562,-0.522561,0.999167,0.820005,0.436233,0.226003,0.753689,0.847441,0.443163,-0.465742,0.998758,0.457061,0.547736,0.201611,0.999612,0.378397,0.582876,-0.201937,0.999718,0.828339,0.583092,0.240736,0.262953,0.798133,0.608714,-0.291759,0.982634,0.813673,0.795051,0.431259,0.331163,0.788749,0.844684,0.082165,0.981733,0.792619,0.822117,0.446075,0.414758,0.772956,0.865486,0.135197,0.982633,0.830629,0.855802,0.437214,0.555298,0.902894,0.882936,0.207623,0.986532
subject09_left_good_recline_var1.jpg,subject09,left,good,recline,var1,0.439733,0.181988,-0.054446,0.999884,0.418855,0.162759,-0.04202,0.999793,0.41461,0.162291,-0.042792,0.999849,0.40896,0.161488,-0.042995,0.9999,0.416435,0.163199,-0.125269,0.999839,0.411601,0.163305,-0.125998,0.999888,0.404603,0.163213,-0.126222,0.999895,0.352166,0.169229,0.075668,0.99997,0.347033,0.170761,-0.292634,0.999883,0.423815,0.204211,0.00787,0.999876,0.420409,0.203733,-0.103708,0.999904,0.339149,0.298709,0.321693,0.999993,0.26245,0.305076,-0.456155,0.999994,0.440046,0.450184,0.449958,0.403186,0.39397,0.473198,-0.543294,0.999267,0.670812,0.459766,0.286468,0.557678,0.678579,0.469158,-0.478601,0.998498,0.729709,0.472138,0.268171,0.61114,0.753253,0.480428,-0.560682,0.997932,0.749327,0.46254,0.183676,0.626488,0.767803,0.460391,-0.526158,0.998081,0.723473,0.457823,0.246459,0.616029,0.745555,0.455047,-0.464803,0.996362,0.421973,0.576209,0.238056,0.999937,0.348814,0.601463,-0.238483,0.999959,0.785141,0.613778,0.255638,0.288814,0.778326,0.631543,-0.304872,0.985682,0.780432,0.850071,0.374727,0.487786,0.755451,0.868742,-0.040262,0.988178,0.728431,0.892923,0.380087,0.670511,0.700207,0.913778,-0.000887,0.98042,0.934375,0.89182,0.338577,0.749276,0.915898,0.913532,0.019438,0.990213
subject09_left_good_upright_var1.jpg,subject09,left,good,upright,var1,0.54845,0.16735,-0.159632,0.999961,0.5701,0.143564,-0.216664,0.999941,0.577071,0.142969,-0.216988,0.999921,0.584537,0.142285,-0.216805,0.999936,0.566219,0.14211,-0.141368,0.99997,0.568804,0.140571,-0.142281,0.999974,0.572083,0.138625,-0.14274,0.999986,0.641775,0.150724,-0.328178,0.999969,0.628321,0.149835,0.006891,0.999987,0.568073,0.186518,-0.182851,0.999966,0.562561,0.188398,-0.091586,0.999955,0.721973,0.288996,-0.459215,0.999979,0.655372,0.285125,0.287242,0.999926,0.608021,0.468488,-0.505556,0.98656,0.568447,0.423913,0.462502,0.054597,0.347284,0.460456,-0.3196,0.9345,0.367728,0.428323,0.361935,0.346669,0.275624,0.477125,-0.346483,0.899254,0.301444,0.438094,0.347971,0.441766,0.273129,0.444911,-0.333091,0.896171,0.296251,0.422581,0.294597,0.443046,0.297867,0.438716,-0.301338,0.862137,0.319109,0.418945,0.330742,0.390396,0.685086,0.588909,-0.226915,0.999857,0.612446,0.553505,0.226878,0.999876,0.259868,0.613672,-0.31917,0.939465,0.266249,0.596266,0.174636,0.249143,0.324993,0.855664,-0.016187,0.878674,0.30383,0.821805,0.323237,0.145739,0.37454,0.903441,0.017594,0.872381,0.350621,0.867379,0.337141,0.214379,0.141413,0.901079,-0.007504,0.901515,0.139254,0.87251,0.297766,0.236631
subject10_left_good_armrests_var1.jpg,subject10,left,good,armrests,var1,0.59828,0.200872,-0.134436,0.999772,0.618169,0.180963,-0.183912,0.999535,0.62413,0.180993,-0.184266,0.999416,0.630482,0.180932,-0.184216,0.999622,0.613186,0.180308,-0.112207,0.999745,0.615172,0.17941,-0.11294,0.999772,0.617412,0.178056,-0.113397,0.999877,0.681554,0.190053,-0.283162,0.999793,0.667706,0.188205,0.039739,0.999833,0.617392,0.219811,-0.155412,0.999878,0.608109,0.219761,-0.066726,0.999798,0.755354,0.296682,-0.416042,0.999985,0.67756,0.302705,0.291243,0.999912,0.664197,0.458973,-0.475468,0.992491,0.576423,0.421971,0.366073,0.077616,0.453823,0.468488,-0.352793,0.96567,0.444004,0.455886,0.14791,0.310458,0.391637,0.48531,-0.396134,0.931966,0.400321,0.467548,0.114198,0.370731,0.387257,0.470993,-0.389224,0.932155,0.391567,0.461278,0.058502,0.37735,0.401461,0.465948,-0.340257,0.902076,0.406989,0.457822,0.113847,0.330259,0.691191,0.550837,-0.227083,0.999881,0.608254,0.525606,0.226979,0.999883,0.277427,0.564603,-0.372011,0.741703,0.304297,0.577983,0.130844,0.077739,0.277388,0.802001,-0.186897,0.643347,0.309829,0.796723,0.237127,0.044541,0.324118,0.832841,-0.171831,0.619582,0.345601,0.834345,0.242632,0.079807,0.115666,0.822009,-0.264402,0.678268,0.181717,0.825497,0.156241,0.072681
subject10_left_good_focus_var1.jpg,subject10,left,good,focus,var1,0.448882,0.236547,-0.284189,0.999792,0.462691,0.219037,-0.334556,0.999754,0.468644,0.219012,-0.334877,0.9997,0.474288,0.21891,-0.334734,0.999759,0.458242,0.217413,-0.264184,0.999876,0.46104,0.215931,-0.265047,0.999902,0.463181,0.214127,-0.265521,0.999949,0.529029,0.223505,-0.430594,0.999822,0.519248,0.220365,-0.116861,0.999941,0.470626,0.254585,-0.304696,0.999792,0.463731,0.253853,-0.218155,0.999794,0.626574,0.331452,-0.524459,0.999874,0.55046,0.2995,0.133124,0.999937,0.46007,0.457564,-0.602813,0.972182,0.422447,0.367886,0.30813,0.095661,0.262484,0.41499,-0.496792,0.942973,0.260454,0.383125,0.234017,0.424261,0.19702,0.425282,-0.545026,0.927571,0.195179,0.386192,0.22945,0.487492,0.190732,0.400802,-0.53624,0.927845,0.189218,0.381223,0.165294,0.491108,0.210954,0.397855,-0.486977,0.881085,0.209646,0.379453,0.200966,0.45683,0.658976,0.544948,-0.188333,0.999908,0.565014,0.513966,0.188368,0.999954,0.349675,0.510924,-0.298992,0.874144,0.345567,0.58187,0.019132,0.572922,0.240997,0.672641,-0.056298,0.872856,0.333419,0.786447,0.078638,0.551885,0.259913,0.694485,-0.033663,0.876098,0.370808,0.817932,0.083893,0.568146,0.100414,0.713754,-0.085379,0.897676,0.188996,0.845568,-0.007298,0.636573
subject10_left_good_recline_var1.jpg,subject10,left,good,recline,var1,0.609367,0.230252,-0.001255,0.999973,0.628766,0.212263,-0.058295,0.999954,0.634439,0.212318,-0.058599,0.999949,0.640597,0.212082,-0.058416,0.99996,0.624629,0.211223,0.017911,0.999974,0.62748,0.210407,0.017217,0.999979,0.630111,0.209189,0.016853,0.999986,0.688262,0.217435,-0.191601,0.99998,0.677321,0.217328,0.152277,0.999985,0.627097,0.249321,-0.034731,0.999977,0.620611,0.248118,0.05984,0.999962,0.758814,0.311883,-0.370274,0.99999,0.702481,0.322012,0.404618,0.999914,0.61904,0.438822,-0.464792,0.996577,0.57328,0.428928,0.534699,0.07964,0.388292,0.436142,-0.337289,0.992335,0.425642,0.442313,0.425134,0.257762,0.330055,0.436759,-0.378652,0.985554,0.379069,0.438376,0.415042,0.322745,0.321113,0.42124,-0.356179,0.984285,0.359292,0.430981,0.361321,0.309058,0.342653,0.423794,-0.319162,0.976018,0.377027,0.430161,0.393275,0.279136,0.705086,0.56962,-0.238149,0.999941,0.667079,0.553696,0.237877,0.999936,0.311334,0.571338,-0.31191,0.96103,0.340484,0.587615,0.195674,0.215882,0.279266,0.787285,-0.121832,0.957278,0.343316,0.778755,0.312493,0.202497,0.322047,0.827581,-0.102632,0.946092,0.404135,0.837142,0.321117,0.356891,0.105045,0.824764,-0.160119,0.962514,0.23107,0.83725,0.263314,0.334306
subject10_left_good_upright_var1.jpg,subject10,left,good,upright,var1,0.532264,0.170888,-0.1679,0.999508,0.552075,0.150817,-0.222414,0.999119,0.557299,0.150913,-0.222824,0.998971,0.564687,0.150892,-0.222645,0.999216,0.547549,0.149903,-0.154372,0.999467,0.549242,0.14931,-0.155249,0.999567,0.55086,0.148326,-0.15571,0.999741,0.614459,0.157805,-0.328543,0.999578,0.596873,0.156135,-0.022166,0.999702,0.552205,0.190029,-0.188705,0.999441,0.544666,0.189939,-0.10543,0.999108,0.690923,0.263123,-0.4321,0.999951,0.629366,0.271284,0.213978,0.999564,0.585075,0.408283,-0.540672,0.956735,0.542692,0.396807,0.325695,0.008915,0.334705,0.396602,-0.503258,0.879641,0.365569,0.394624,0.206252,0.051865,0.263391,0.398657,-0.557205,0.84965,0.310666,0.398399,0.185778,0.083766,0.252487,0.381224,-0.534046,0.849348,0.309414,0.389052,0.128485,0.086763,0.279149,0.381051,-0.487481,0.7864,0.320942,0.384515,0.173605,0.072774,0.61626,0.533297,-0.190446,0.999747,0.580482,0.511733,0.19047,0.999674,0.26272,0.577684,-0.298792,0.350767,0.276301,0.562111,0.090541,0.01078,0.277551,0.795291,-0.074968,0.267863,0.2676,0.791118,0.18089,0.009764,0.325251,0.833519,-0.052043,0.490012,0.33235,0.814622,0.187489,0.031314,0.116026,0.841967,-0.09161,0.379396,0.144268,0.836004,0.132673,0.022103
subject01_right_bad_asymmetricalLean_var1.jpg,subject01,right,bad,asymmetricalLean,var1,0.674551,0.26741,-0.035851,0.99917,0.666832,0.239836,0.006624,0.997029,0.664816,0.239279,0.006358,0.997123,0.662835,0.238642,0.006275,0.997219,0.664185,0.237632,-0.033216,0.99889,0.66091,0.236336,-0.033653,0.99925,0.654574,0.234511,-0.033841,0.999422,0.626493,0.240841,0.164031,0.998842,0.614934,0.236245,-0.019764,0.999398,0.659595,0.291233,0.023501,0.9996,0.656499,0.28785,-0.033954,0.999741,0.627743,0.388046,0.151475,0.999867,0.434399,0.327936,0.004747,0.99992,0.7223,0.499067,0.024915,0.984151,0.337549,0.494076,-0.129129,0.975556,0.666683,0.332632,-0.13834,0.959958,0.345245,0.606168,-0.260139,0.985823,0.644306,0.294694,-0.165327,0.900029,0.335961,0.645017,-0.295416,0.975226,0.63858,0.289127,-0.140816,0.883393,0.366599,0.647274,-0.298852,0.973287,0.638874,0.304863,-0.130447,0.848044,0.375213,0.638413,-0.263337,0.959071,0.488702,0.639277,0.027533,0.999172,0.375911,0.617335,-0.027895,0.999185,0.58717,0.663747,-0.565927,0.966465,0.207655,0.650661,-0.637806,0.952996,0.569948,0.953895,-0.543887,0.749141,0.247344,0.95942,-0.54524,0.771939,0.548375,0.976809,-0.54826,0.601538,0.27789,0.988387,-0.541257,0.531735,0.586325,1.109435,-0.70097,0.653797,0.175263,1.083889,-0.714408,0.549163
subject01_right_bad_asymmetricalLean_var2.jpg,subject01,right,bad,asymmetricalLean,var2,0.798676,0.324759,-0.233823,0.99299,0.795407,0.291936,-0.208264,0.977755,0.792972,0.288757,-0.208654,0.978094,0.790277,0.286085,-0.2088,0.979083,0.792688,0.291792,-0.240643,0.992071,0.788697,0.289991,-0.241044,0.994745,0.783671,0.288199,-0.241276,0.996529,0.754251,0.288573,-0.094171,0.992811,0.742225,0.284197,-0.238234,0.996501,0.782644,0.34251,-0.18729,0.996257,0.778559,0.34052,-0.233052,0.997783,0.730706,0.411543,-0.075156,0.999455,0.558758,0.325501,-0.198389,0.999754,0.848496,0.452685,-0.0848,0.86983,0.439306,0.467713,-0.286326,0.963309,0.754979,0.368664,-0.038656,0.207275,0.393769,0.561639,-0.404294,0.977137,0.727432,0.339479,-0.047146,0.134968,0.367953,0.590199,-0.446425,0.971276,0.727362,0.33697,-0.03656,0.128597,0.397134,0.591111,-0.467733,0.972548,0.729515,0.355869,-0.033948,0.123175,0.409525,0.585027,-0.415928,0.953467,0.558558,0.641769,0.024548,0.996436,0.444656,0.608431,-0.024817,0.997196,0.670546,0.66015,-0.427202,0.895665,0.311013,0.664833,-0.589468,0.939843,0.585389,0.95564,-0.437192,0.740801,0.270235,0.967605,-0.565374,0.874663,0.554255,0.976082,-0.444909,0.695516,0.289383,0.993113,-0.565541,0.72998,0.571714,1.103199,-0.566817,0.696186,0.224832,1.095362,-0.721437,0.75193
subject01_right_bad_forwardHead_var1.jpg,subject01,right,bad,forwardHead,var1,0.711956,0.280926,-0.047029,0.999891,0.70637,0.251612,-0.035604,0.999863,0.703224,0.249769,-0.036095,0.99988,0.698831,0.248171,-0.036294,0.999918,0.704279,0.252984,-0.092386,0.999913,0.699927,0.252469,-0.092769,0.999921,0.694733,0.251841,-0.093003,0.999941,0.653602,0.246135,0.048839,0.999976,0.65411,0.248844,-0.20306,0.999905,0.689548,0.305889,-0.004308,0.999933,0.688731,0.304955,-0.080684,0.999936,0.53859,0.336971,0.196011,0.999981,0.522961,0.329914,-0.276269,0.99998,0.530124,0.520765,0.313966,0.185393,0.53635,0.542234,-0.384996,0.997435,0.694307,0.508881,0.297818,0.268122,0.692652,0.494175,-0.359221,0.998029,0.731997,0.511661,0.302243,0.298407,0.740139,0.503382,-0.404628,0.997411,0.734393,0.491709,0.274529,0.286861,0.739914,0.474539,-0.384528,0.997521,0.716137,0.489907,0.284246,0.284246,0.722958,0.47247,-0.35287,0.996468,0.427363,0.624349,0.148633,0.999792,0.395805,0.654865,-0.149028,0.999846,0.687354,0.624742,0.13534,0.256852,0.70065,0.649081,-0.19347,0.9887,0.694427,0.891858,0.206883,0.318176,0.683275,0.950665,-0.058114,0.975264,0.672328,0.93627,0.211177,0.48741,0.653255,0.978318,-0.037511,0.982338,0.78214,0.941877,0.206253,0.494491,0.796356,0.984044,-0.028958,0.98379
subject01_right_bad_forwardHead_var2.jpg,subject01,right,bad,forwardHead,var2,0.723528,0.237606,-0.007539,0.999772,0.717369,0.210092,0.003773,0.999659,0.713971,0.209445,0.003237,0.999776,0.709325,0.20867,0.003103,0.999819,0.716888,0.210855,-0.055821,0.999729,0.713367,0.210639,-0.056233,0.999797,0.708346,0.210118,-0.056405,0.999765,0.669851,0.208585,0.083009,0.999958,0.668238,0.209737,-0.182999,0.999609,0.701408,0.258361,0.032162,0.999843,0.701381,0.257903,-0.048316,0.999733,0.558767,0.307958,0.212366,0.99998,0.561872,0.316993,-0.249666,0.999917,0.622592,0.472529,0.285028,0.50451,0.67628,0.511268,-0.204164,0.997897,0.747195,0.47436,0.192442,0.625479,0.704449,0.340123,-6.9e-05,0.996664,0.780278,0.482469,0.186562,0.62142,0.709509,0.295895,-0.020001,0.997207,0.784367,0.480683,0.16738,0.625027,0.689366,0.289474,-0.047954,0.997526,0.771018,0.478914,0.178711,0.628775,0.682044,0.308071,-0.009151,0.997073,0.423926,0.601328,0.14587,0.999913,0.414592,0.627377,-0.146379,0.999869,0.685877,0.606228,0.181236,0.499942,0.705502,0.630037,-0.165784,0.99683,0.690869,0.880672,0.205344,0.709739,0.687616,0.922708,-0.035475,0.993096,0.662615,0.931793,0.204946,0.830465,0.645468,0.970516,-0.015063,0.994341,0.787158,0.948381,0.199049,0.842414,0.797144,0.976067,0.009131,0.994862
subject01_right_bad_slidingDown_var1.jpg,subject01,right,bad,slidingDown,var1,0.434275,0.27523,0.013576,0.999774,0.425845,0.248388,0.020111,0.999448,0.423065,0.247368,0.019665,0.999592,0.41971,0.24572,0.019592,0.999654,0.422145,0.248432,-0.038514,0.999662,0.416155,0.248379,-0.038992,0.999819,0.410766,0.247665,-0.039151,0.99982,0.37638,0.251419,0.087653,0.99991,0.37293,0.254148,-0.174467,0.999862,0.423481,0.298769,0.05303,0.999587,0.418791,0.297824,-0.02626,0.99977,0.360124,0.390551,0.247045,0.999969,0.337196,0.398424,-0.305502,0.999991,0.50512,0.529376,0.345019,0.380529,0.50252,0.535716,-0.397644,0.999426,0.669335,0.509477,0.299237,0.332906,0.704968,0.502509,-0.362433,0.999568,0.713654,0.503288,0.304161,0.379613,0.757583,0.495001,-0.4287,0.999348,0.711257,0.507329,0.247056,0.396109,0.760737,0.474937,-0.387143,0.999407,0.702957,0.513389,0.274256,0.418397,0.74647,0.476608,-0.34735,0.998827,0.467957,0.682199,0.163812,0.999599,0.463275,0.695254,-0.164249,0.999842,0.723799,0.682823,0.256535,0.165267,0.767844,0.682446,-0.191328,0.989133,0.77299,0.933567,0.440933,0.207424,0.793929,0.965199,-0.021773,0.987509,0.754492,0.975846,0.458846,0.464967,0.768725,1.003325,0.006315,0.986201,0.854602,0.95649,0.477407,0.409175,0.909402,0.987295,0.045233,0.985812
subject01_right_bad_slidingDown_var2.jpg,subject01,right,bad,slidingDown,var2,0.754431,0.332101,0.20079,0.999993,0.761944,0.308053,0.182065,0.999985,0.768803,0.305304,0.181786,0.999982,0.775886,0.302552,0.181991,0.999989,0.753276,0.309712,0.22785,0.999993,0.753523,0.309421,0.227275,0.999994,0.753987,0.308712,0.227174,0.999995,0.809781,0.29958,0.140246,0.999991,0.785161,0.304878,0.352759,0.999988,0.771238,0.348571,0.192522,0.999992,0.760989,0.349696,0.250602,0.999985,0.86325,0.409433,0.021313,1.0,0.797221,0.417101,0.456063,0.999991,0.810431,0.558276,-0.07177,0.998208,0.733583,0.538571,0.563237,0.370346,0.665344,0.540932,-0.082774,0.993819,0.630408,0.549958,0.53087,0.867915,0.632119,0.566395,-0.113761,0.992935,0.601132,0.566132,0.520666,0.887435,0.622868,0.560977,-0.104021,0.993063,0.5969,0.565018,0.474105,0.892499,0.63657,0.556201,-0.073351,0.990328,0.610438,0.559445,0.50659,0.866634,0.730291,0.671013,-0.133389,0.999926,0.688037,0.639381,0.132889,0.99993,0.446414,0.718705,-0.162223,0.972168,0.429645,0.697506,-0.059854,0.190255,0.201285,0.879484,-0.288503,0.961482,0.209227,0.851739,-0.17447,0.107165,0.175575,0.932441,-0.303087,0.979407,0.182097,0.90237,-0.189818,0.40988,0.097484,0.796223,-0.391068,0.967498,0.099974,0.771304,-0.270783,0.289691
subject01_right_bad_slouch_var1.jpg,subject01,right,bad,slouch,var1,0.670029,0.263079,-0.060875,0.998275,0.672192,0.229938,-0.044508,0.998191,0.670164,0.226945,-0.045099,0.998319,0.666855,0.223719,-0.045249,0.998969,0.669701,0.229822,-0.106642,0.998522,0.666472,0.227498,-0.107095,0.998623,0.661301,0.224437,-0.107321,0.999113,0.621833,0.209564,0.064516,0.999513,0.617771,0.209983,-0.211529,0.998397,0.643394,0.282142,-0.007262,0.99874,0.64251,0.27941,-0.091459,0.998889,0.505856,0.324883,0.212761,0.99989,0.47625,0.307949,-0.285279,0.999882,0.532814,0.513258,0.21943,0.078163,0.547862,0.525877,-0.348819,0.967561,0.692387,0.495092,-0.020739,0.159347,0.700177,0.486224,-0.262652,0.966316,0.731999,0.500702,-0.058264,0.240063,0.747928,0.491711,-0.310371,0.957427,0.736138,0.4818,-0.095557,0.246075,0.749099,0.465984,-0.294058,0.960996,0.7192,0.478566,-0.044869,0.224747,0.731429,0.464384,-0.256946,0.940608,0.421415,0.62445,0.155043,0.999522,0.385013,0.660666,-0.155539,0.999613,0.679195,0.608589,0.153176,0.058241,0.694735,0.635306,-0.180972,0.837526,0.697792,0.898082,0.25426,0.044059,0.695357,0.942165,0.012677,0.707584,0.667916,0.95264,0.261306,0.110719,0.663764,0.978986,0.040501,0.775073,0.7844,0.942746,0.245718,0.094877,0.812985,0.982448,0.049965,0.746357
subject01_right_bad_slouch_var2.jpg,subject01,right,bad,slouch,var2,0.639201,0.255289,-0.051838,0.999788,0.634063,0.227024,-0.038438,0.999719,0.630256,0.224839,-0.038908,0.999663,0.625711,0.222111,-0.039053,0.999785,0.632903,0.22637,-0.090683,0.999813,0.629069,0.224288,-0.091078,0.999802,0.62486,0.221955,-0.091242,0.999873,0.586396,0.211463,0.044203,0.999895,0.586466,0.213011,-0.186909,0.999795,0.614556,0.27343,-0.009265,0.999806,0.61303,0.27269,-0.08014,0.999839,0.46487,0.316807,0.177924,0.999965,0.475752,0.336071,-0.276087,0.999993,0.439937,0.547691,0.237697,0.066055,0.477095,0.560258,-0.338777,0.995091,0.500091,0.71726,0.184624,0.056509,0.524485,0.761147,-0.270061,0.993398,0.503759,0.765241,0.174504,0.068027,0.51982,0.817118,-0.317736,0.990386,0.524194,0.766441,0.123761,0.068532,0.537936,0.815792,-0.319069,0.991839,0.522601,0.75234,0.161704,0.067108,0.539506,0.801626,-0.271101,0.988693,0.368944,0.646654,0.143888,0.99992,0.383298,0.679182,-0.144712,0.999966,0.687743,0.615212,0.123804,0.169189,0.697814,0.630118,-0.14128,0.987775,0.692034,0.901326,0.265827,0.187125,0.67889,0.921194,0.099154,0.962095,0.663614,0.950895,0.27813,0.299882,0.645937,0.962859,0.133185,0.95999,0.796742,0.952651,0.300659,0.332516,0.799161,0.9696,0.193005,0.974974
subject02_right_bad_asymmetricalLean_var1.jpg,subject02,right,bad,asymmetricalLean,var1,0.689591,0.178354,-0.108609,0.999977,0.671273,0.158263,-0.093482,0.999963,0.667803,0.158208,-0.09426,0.999978,0.663201,0.157779,-0.094256,0.999982,0.669589,0.159213,-0.163416,0.999966,0.665219,0.159901,-0.164112,0.999979,0.658872,0.159906,-0.164304,0.999975,0.614071,0.167662,0.026215,0.999993,0.607898,0.170433,-0.280687,0.999954,0.67496,0.202396,-0.047439,0.999943,0.668883,0.202458,-0.142487,0.999922,0.565633,0.29235,0.227845,0.999985,0.536759,0.29651,-0.383094,0.999959,0.687477,0.419097,0.323525,0.431253,0.704642,0.437871,-0.434444,0.984145,0.890091,0.443962,0.22525,0.481818,0.92969,0.439049,-0.332423,0.9778,0.933171,0.438839,0.226625,0.549975,0.977401,0.439545,-0.418048,0.984757,0.936082,0.435513,0.143033,0.562521,0.976837,0.42486,-0.372805,0.985588,0.928824,0.436958,0.189483,0.549113,0.963393,0.426372,-0.32197,0.980062,0.424743,0.575565,0.196518,0.999925,0.393353,0.584955,-0.196777,0.99994,0.737699,0.620448,0.172884,0.213328,0.756693,0.635581,-0.222885,0.991848,0.730115,0.846014,0.394568,0.398016,0.730528,0.865744,0.057512,0.994991,0.677204,0.880276,0.41389,0.640791,0.678527,0.906915,0.098418,0.995967,0.851341,0.893102,0.408602,0.711896,0.887404,0.913286,0.150641,0.99586
subject02_right_bad_asymmetricalLean_var2.jpg,subject02,right,bad,asymmetricalLean,var2,0.662032,0.188692,-0.075111,0.999983,0.646185,0.168285,-0.056636,0.999972,0.641632,0.167957,-0.057407,0.999984,0.638127,0.167813,-0.057433,0.999987,0.640908,0.168482,-0.128196,0.999975,0.634214,0.168786,-0.128905,0.999985,0.627637,0.169181,-0.129115,0.999982,0.592625,0.176275,0.071189,0.999995,0.578529,0.176879,-0.242517,0.999968,0.645661,0.209745,-0.013216,0.99997,0.639531,0.211124,-0.109786,0.999959,0.56828,0.312028,0.279774,0.999993,0.492842,0.306357,-0.376088,0.999984,0.687467,0.435817,0.398521,0.613439,0.625342,0.455417,-0.434448,0.996287,0.864235,0.454776,0.300015,0.702705,0.854094,0.455588,-0.356125,0.994354,0.919214,0.465644,0.303977,0.735687,0.915804,0.470027,-0.44328,0.995355,0.929736,0.455656,0.21535,0.747451,0.923992,0.453653,-0.402943,0.995551,0.909326,0.454851,0.262095,0.745504,0.902786,0.450651,-0.34651,0.993284,0.41045,0.591409,0.212137,0.999955,0.349035,0.599464,-0.212235,0.999961,0.728079,0.645981,0.152571,0.451101,0.709401,0.660179,-0.260811,0.99656,0.691971,0.876825,0.287001,0.70627,0.677831,0.89366,-0.015246,0.997715,0.64309,0.910437,0.295001,0.834812,0.62672,0.929688,0.020706,0.997317,0.82533,0.934674,0.250745,0.899536,0.836157,0.948236,0.043611,0.998209
subject02_right_bad_forwardHead_var1.jpg,subject02,right,bad,forwardHead,var1,0.626443,0.263882,-0.094493,0.999682,0.623879,0.241435,-0.074727,0.999732,0.620151,0.239678,-0.075502,0.99971,0.617102,0.23798,-0.075559,0.999829,0.618024,0.240276,-0.145962,0.999805,0.612022,0.238719,-0.146672,0.999815,0.604902,0.237037,-0.146967,0.999887,0.568899,0.232885,0.051099,0.999899,0.555935,0.231048,-0.264709,0.999767,0.598023,0.279302,-0.032159,0.999613,0.591881,0.277299,-0.128537,0.999728,0.47442,0.317296,0.23851,0.999918,0.410393,0.301887,-0.387024,0.999933,0.469238,0.451693,0.267225,0.093019,0.437852,0.465514,-0.493163,0.982775,0.640927,0.445737,-0.022299,0.221129,0.647206,0.445692,-0.403719,0.980469,0.692101,0.459913,-0.058668,0.335331,0.708608,0.464964,-0.464913,0.967062,0.706603,0.439166,-0.110261,0.342833,0.721115,0.440753,-0.434709,0.966716,0.685294,0.430568,-0.053042,0.314714,0.701031,0.432006,-0.392115,0.945197,0.365868,0.56121,0.188861,0.999908,0.322851,0.567229,-0.189322,0.999928,0.648661,0.634867,0.297159,0.09887,0.67789,0.6308,-0.263324,0.754494,0.461986,0.837265,0.457616,0.059686,0.687814,0.849492,0.015346,0.604984,0.446573,0.870899,0.470535,0.104542,0.64836,0.885053,0.056486,0.675794,0.53178,0.938464,0.458235,0.096558,0.805263,0.912894,0.096444,0.572869
subject02_right_bad_forwardHead_var2.jpg,subject02,right,bad,forwardHead,var2,0.623472,0.238615,-0.098217,0.999726,0.616541,0.215055,-0.07276,0.999597,0.611504,0.213496,-0.07351,0.99967,0.607403,0.212096,-0.073486,0.999696,0.612802,0.214737,-0.141961,0.999767,0.604727,0.212909,-0.142608,0.999853,0.597652,0.211954,-0.142963,0.999851,0.557411,0.216286,0.076213,0.999906,0.542519,0.217375,-0.229981,0.999658,0.601818,0.257046,-0.032097,0.999604,0.59471,0.25734,-0.125567,0.999534,0.485061,0.318977,0.246596,0.999886,0.430535,0.325497,-0.35136,0.999871,0.578012,0.438004,0.166537,0.10118,0.584369,0.468385,-0.483817,0.997413,0.610563,0.356566,-0.162631,0.054094,0.619351,0.331776,-0.428779,0.975877,0.603373,0.343067,-0.210214,0.069857,0.621475,0.292511,-0.497956,0.974267,0.592099,0.327616,-0.187073,0.067943,0.590325,0.289953,-0.527143,0.974155,0.586514,0.336297,-0.164638,0.060551,0.584115,0.302494,-0.441256,0.960902,0.357517,0.58509,0.176478,0.999948,0.322226,0.601123,-0.176922,0.999947,0.6671,0.624886,0.116904,0.29877,0.669972,0.635688,-0.185315,0.95362,0.669524,0.849311,0.162261,0.413693,0.678307,0.866523,-0.010097,0.941286,0.630311,0.87772,0.162293,0.585365,0.62526,0.899688,0.017353,0.949687,0.774254,0.919845,0.104713,0.642462,0.807399,0.93004,0.012781,0.94318
subject02_right_bad_slidingDown_var1.jpg,subject02,right,bad,slidingDown,var1,0.283261,0.253324,-0.103451,0.999949,0.272323,0.233634,-0.099433,0.999947,0.268746,0.23309,-0.099943,0.999938,0.264803,0.232238,-0.099985,0.999963,0.270321,0.234241,-0.14916,0.999961,0.265396,0.234772,-0.14965,0.99996,0.260045,0.23496,-0.149777,0.999974,0.235,0.238851,-0.040773,0.999968,0.231187,0.242268,-0.261817,0.999927,0.273234,0.27535,-0.0659,0.99989,0.271103,0.275647,-0.133922,0.999915,0.228114,0.337644,0.093962,0.999989,0.207608,0.369768,-0.337907,0.999995,0.32975,0.475635,0.195755,0.05704,0.31603,0.498333,-0.399537,0.98266,0.438729,0.513954,0.146279,0.061815,0.445224,0.516995,-0.342402,0.898203,0.478349,0.540597,0.147246,0.067471,0.484082,0.540151,-0.377237,0.834303,0.485622,0.534939,0.096961,0.070198,0.491422,0.530227,-0.373506,0.831054,0.472015,0.527136,0.125002,0.062605,0.47727,0.522763,-0.340403,0.750602,0.378883,0.543024,0.133653,0.999987,0.361192,0.572726,-0.133941,0.999993,0.577393,0.613057,0.116989,0.138179,0.588505,0.635193,-0.215393,0.936427,0.76458,0.757325,0.111992,0.201942,0.818217,0.802981,-0.310029,0.949415,0.77425,0.801894,0.103784,0.296753,0.827005,0.85889,-0.31943,0.885558,0.861367,0.758924,0.045071,0.392149,0.942097,0.756656,-0.41078,0.934387
subject02_right_bad_slidingDown_var2.jpg,subject02,right,bad,slidingDown,var2,0.496118,0.282263,-0.071662,0.999959,0.489885,0.256975,-0.06317,0.999956,0.486933,0.255292,-0.063788,0.999956,0.483524,0.25335,-0.063902,0.999972,0.488846,0.257141,-0.113849,0.999965,0.484508,0.255837,-0.114308,0.999964,0.478765,0.254415,-0.11457,0.999974,0.449947,0.256101,-0.000882,0.999974,0.439749,0.256036,-0.223797,0.999907,0.477513,0.299901,-0.035293,0.999925,0.474475,0.30021,-0.104583,0.999912,0.400641,0.340295,0.11946,0.999948,0.370023,0.344031,-0.312695,0.999906,0.522784,0.413194,0.167195,0.248247,0.521364,0.430002,-0.41644,0.914241,0.670075,0.401276,0.05243,0.283537,0.678268,0.394926,-0.351259,0.909268,0.701649,0.411982,0.045689,0.309208,0.712135,0.407876,-0.408313,0.91376,0.70331,0.40138,-0.012237,0.314632,0.713754,0.391905,-0.38374,0.91164,0.694758,0.397512,0.024667,0.299397,0.702928,0.388075,-0.346577,0.886834,0.326474,0.565637,0.138191,0.999713,0.276513,0.573512,-0.138405,0.999714,0.544067,0.64518,0.041761,0.041167,0.538716,0.654816,-0.182921,0.900378,0.761023,0.800267,-0.04068,0.0607,0.768047,0.815171,-0.247306,0.936686,0.775539,0.843447,-0.055043,0.1433,0.786801,0.861368,-0.254976,0.952612,0.850754,0.766231,-0.144836,0.125591,0.882368,0.769963,-0.360475,0.936146
subject02_right_bad_slouch_var1.jpg,subject02,right,bad,slouch,var1,0.592565,0.234066,-0.056762,0.999634,0.585213,0.212987,-0.042032,0.99965,0.580027,0.211931,-0.042771,0.999707,0.574524,0.210801,-0.042844,0.99979,0.584227,0.212888,-0.108326,0.999647,0.577889,0.211683,-0.109023,0.999699,0.570899,0.21029,-0.109347,0.999752,0.534531,0.209881,0.065796,0.9999,0.526591,0.209168,-0.224486,0.999584,0.568379,0.251298,0.000337,0.999468,0.568449,0.25102,-0.089754,0.999436,0.429196,0.301058,0.24333,0.999945,0.432581,0.304725,-0.330831,0.999928,0.426947,0.472991,0.308953,0.1384,0.441957,0.481239,-0.409622,0.952786,0.61156,0.552688,0.152079,0.157916,0.629995,0.557647,-0.277846,0.83248,0.649207,0.575137,0.140063,0.206063,0.684108,0.584328,-0.329901,0.829411,0.665464,0.569757,0.071038,0.216458,0.697848,0.571752,-0.299421,0.837306,0.65328,0.55929,0.119584,0.204215,0.678564,0.558765,-0.266669,0.803607,0.343609,0.560767,0.17489,0.999897,0.335099,0.576786,-0.175553,0.999916,0.704237,0.591425,0.107546,0.205634,0.738955,0.60701,-0.267763,0.979306,0.736538,0.827391,0.272899,0.311655,0.747552,0.838548,0.011345,0.977996,0.689352,0.860855,0.286637,0.387845,0.70114,0.877138,0.054332,0.97673,0.817358,0.890292,0.27682,0.474711,0.870823,0.905478,0.114123,0.976794
subject02_right_bad_slouch_var2.jpg,subject02,right,bad,slouch,var2,0.585116,0.259402,0.016528,0.999511,0.580432,0.234644,0.028749,0.999358,0.576676,0.232948,0.028013,0.999458,0.571767,0.231137,0.027943,0.999625,0.579102,0.234551,-0.042093,0.999483,0.574798,0.233056,-0.042758,0.999597,0.56778,0.231165,-0.043079,0.999696,0.528289,0.224141,0.134457,0.999772,0.522864,0.224971,-0.17729,0.999427,0.554893,0.271534,0.073231,0.999414,0.553818,0.270876,-0.022812,0.999505,0.417168,0.310191,0.307885,0.999963,0.408957,0.303628,-0.28068,0.999958,0.475103,0.461168,0.371188,0.159204,0.494667,0.460532,-0.367193,0.97271,0.638295,0.463348,0.162909,0.383859,0.687109,0.442634,-0.256188,0.975398,0.682188,0.474233,0.148436,0.454897,0.745182,0.455989,-0.312045,0.969683,0.695444,0.457311,0.087787,0.465715,0.750962,0.436483,-0.271629,0.970749,0.679047,0.449743,0.132885,0.422257,0.732121,0.429721,-0.242087,0.955883,0.333106,0.56404,0.16504,0.999813,0.314756,0.570175,-0.165693,0.999869,0.685269,0.618489,0.140889,0.052489,0.691669,0.616047,-0.253065,0.843984,0.693547,0.842223,0.194403,0.08468,0.686417,0.854384,-0.057079,0.831809,0.662627,0.874351,0.195036,0.142671,0.647921,0.887659,-0.024851,0.876111,0.760768,0.894772,0.143106,0.196926,0.785994,0.91382,0.001212,0.847922
subject03_right_bad_asymmetricalLean_var1.jpg,subject03,right,bad,asymmetricalLean,var1,0.451205,0.179172,-0.179472,0.999878,0.431456,0.156847,-0.160474,0.999779,0.425677,0.15598,-0.161207,0.999838,0.418548,0.155577,-0.16127,0.999875,0.4293,0.158395,-0.238774,0.999834,0.422107,0.158646,-0.239488,0.999891,0.414076,0.158812,-0.239783,0.999903,0.367221,0.169133,-0.028429,0.999954,0.365087,0.169652,-0.376162,0.999893,0.43485,0.199493,-0.115214,0.99983,0.432921,0.200331,-0.220347,0.999889,0.346127,0.302814,0.216471,0.999986,0.303299,0.312761,-0.517063,0.999992,0.404118,0.462329,0.30139,0.251068,0.386046,0.494782,-0.571417,0.99919,0.591555,0.483466,0.096985,0.353201,0.62076,0.484085,-0.479567,0.999099,0.634048,0.497172,0.077183,0.465011,0.68691,0.491,-0.562321,0.998499,0.650003,0.486041,-0.003172,0.477161,0.688472,0.469643,-0.522619,0.998524,0.634581,0.481225,0.058,0.465608,0.667745,0.46607,-0.464227,0.997074,0.379784,0.569725,0.230783,0.999946,0.337723,0.593783,-0.231003,0.999973,0.670057,0.616649,0.373308,0.287166,0.684339,0.625337,-0.265079,0.987202,0.672033,0.834909,0.568811,0.390937,0.679743,0.865672,0.029632,0.985414,0.631565,0.870773,0.58454,0.590516,0.632805,0.9011,0.072138,0.980927,0.79443,0.882248,0.585301,0.601873,0.832151,0.912543,0.111392,0.983019
subject03_right_bad_asymmetricalLean_var2.jpg,subject03,right,bad,asymmetricalLean,var2,0.3721,0.177819,-0.137524,0.999864,0.353039,0.159523,-0.122815,0.999669,0.34929,0.158624,-0.123462,0.999786,0.343899,0.157828,-0.123573,0.999843,0.35094,0.160774,-0.199169,0.999773,0.346688,0.16083,-0.199816,0.999873,0.339573,0.160894,-0.200021,0.999865,0.29498,0.168761,0.005809,0.999958,0.292282,0.170665,-0.333735,0.999882,0.359854,0.198933,-0.073631,0.999823,0.357643,0.198586,-0.175982,0.999883,0.324523,0.304389,0.246889,0.999992,0.264831,0.313197,-0.476629,0.999995,0.447531,0.440734,0.365301,0.368691,0.423251,0.47788,-0.534953,0.999318,0.637494,0.457018,0.230049,0.404757,0.659801,0.463116,-0.470817,0.998599,0.699093,0.466209,0.215613,0.494341,0.72531,0.46788,-0.552354,0.998307,0.711472,0.450322,0.135324,0.514731,0.729291,0.449074,-0.521737,0.998433,0.691174,0.447087,0.192553,0.519422,0.710071,0.446269,-0.45932,0.996783,0.45113,0.549993,0.229284,0.999954,0.400383,0.583029,-0.229425,0.999977,0.792336,0.593085,0.247193,0.616721,0.767676,0.617965,-0.33606,0.996135,0.763642,0.827128,0.381041,0.812012,0.745057,0.859203,-0.148753,0.997918,0.720447,0.857958,0.389347,0.901328,0.701872,0.903409,-0.120316,0.99481,0.909097,0.864847,0.33476,0.92739,0.898449,0.912326,-0.150726,0.997727
subject03_right_bad_forwardHead_var1.jpg,subject03,right,bad,forwardHead,var1,0.497717,0.225188,-0.084957,0.999767,0.48256,0.203525,-0.062239,0.999577,0.47879,0.202254,-0.062872,0.99969,0.473586,0.200843,-0.063057,0.999778,0.481274,0.204296,-0.141345,0.999661,0.477257,0.203822,-0.141942,0.999761,0.471305,0.203219,-0.142211,0.999797,0.420417,0.205566,0.08315,0.999924,0.41883,0.207812,-0.266728,0.999784,0.474565,0.243844,-0.016078,0.999791,0.473977,0.243391,-0.121827,0.999846,0.348552,0.326946,0.312145,0.99999,0.28748,0.323516,-0.389384,0.99999,0.375602,0.488821,0.351922,0.302892,0.33079,0.501395,-0.452805,0.998667,0.568522,0.496141,0.078355,0.483796,0.559025,0.490552,-0.364733,0.998064,0.617564,0.504534,0.041037,0.584226,0.620934,0.496703,-0.43238,0.99713,0.625748,0.486997,-0.018864,0.589821,0.631883,0.471991,-0.400665,0.997265,0.607706,0.482637,0.044444,0.563867,0.616462,0.467585,-0.351441,0.995181,0.346086,0.57309,0.218686,0.999964,0.294503,0.599559,-0.219115,0.99998,0.667246,0.606225,0.250035,0.40911,0.666925,0.643774,-0.271677,0.995167,0.654603,0.845615,0.380361,0.489028,0.644938,0.886018,-0.039487,0.992633,0.598733,0.874387,0.388605,0.660034,0.597122,0.929352,-0.004223,0.991572,0.779222,0.888935,0.353045,0.669897,0.802726,0.919044,-0.000524,0.991149
subject03_right_bad_forwardHead_var2.jpg,subject03,right,bad,forwardHead,var2,0.616755,0.238378,-0.066123,0.999941,0.607692,0.215701,-0.046065,0.999898,0.603775,0.214285,-0.046641,0.999911,0.599376,0.213174,-0.046738,0.999938,0.603874,0.215814,-0.11931,0.999948,0.596891,0.214481,-0.119818,0.999962,0.589343,0.213641,-0.120081,0.999969,0.544642,0.214962,0.086874,0.999984,0.537623,0.215695,-0.238653,0.999963,0.598247,0.254286,-0.003231,0.999967,0.594637,0.255531,-0.101994,0.999974,0.480436,0.333734,0.283795,0.999995,0.410171,0.322851,-0.345844,0.999996,0.559626,0.457165,0.329672,0.792178,0.482226,0.491092,-0.48098,0.999369,0.619154,0.339241,0.198635,0.863173,0.700266,0.479996,-0.443962,0.999553,0.631662,0.305025,0.185001,0.845852,0.760151,0.489509,-0.508904,0.999271,0.608445,0.294808,0.17815,0.826676,0.763025,0.472123,-0.460021,0.999238,0.592733,0.305769,0.193803,0.770235,0.746352,0.467744,-0.424175,0.998537,0.425989,0.582066,0.205639,0.999971,0.375897,0.603873,-0.206034,0.999982,0.725918,0.603484,0.245011,0.472851,0.732476,0.624741,-0.24009,0.996725,0.705668,0.838751,0.30352,0.621141,0.705116,0.873105,-0.088027,0.996698,0.650234,0.869613,0.30556,0.735283,0.661646,0.916064,-0.061488,0.996496,0.816409,0.88001,0.258583,0.80369,0.865233,0.917711,-0.068446,0.996808
subject03_right_bad_slidingDown_var1.jpg,subject03,right,bad,slidingDown,var1,0.246762,0.26716,0.002979,0.999985,0.240338,0.247935,0.016293,0.999985,0.237919,0.246651,0.015888,0.999983,0.234855,0.245135,0.015781,0.99999,0.237718,0.247915,-0.036798,0.999989,0.233422,0.246711,-0.037216,0.999988,0.228403,0.245421,-0.037344,0.999992,0.202826,0.246684,0.091114,0.999994,0.197192,0.247638,-0.143719,0.999984,0.2373,0.285867,0.043386,0.999981,0.234307,0.284823,-0.028244,0.999984,0.199647,0.353985,0.237712,0.999996,0.158967,0.374415,-0.260979,0.999996,0.306485,0.474018,0.31704,0.331073,0.287201,0.51467,-0.299265,0.994684,0.42975,0.516805,0.191308,0.339462,0.434724,0.513716,-0.187469,0.962878,0.460081,0.537044,0.18338,0.319281,0.47204,0.534055,-0.221073,0.933028,0.463515,0.538574,0.136853,0.331329,0.478105,0.530608,-0.209099,0.934579,0.452791,0.532894,0.168944,0.314438,0.464788,0.523884,-0.180104,0.901976,0.312194,0.569037,0.147904,0.999979,0.275309,0.600708,-0.148296,0.999983,0.564853,0.613572,0.097412,0.221553,0.580767,0.636116,-0.164777,0.984,0.778053,0.800043,0.070616,0.267108,0.779949,0.800422,-0.136324,0.972695,0.798132,0.847867,0.059868,0.34299,0.793126,0.853067,-0.130971,0.957652,0.853882,0.773159,-0.035181,0.429277,0.857324,0.791086,-0.200679,0.960253
subject03_right_bad_slidingDown_var2.jpg,subject03,right,bad,slidingDown,var2,0.479595,0.252526,-0.120937,0.999956,0.476467,0.225877,-0.111486,0.999951,0.47299,0.223693,-0.112115,0.999953,0.468947,0.221482,-0.112273,0.999969,0.47485,0.22628,-0.164672,0.999963,0.469781,0.224604,-0.165114,0.999962,0.463131,0.22227,-0.165397,0.999972,0.432512,0.218333,-0.04382,0.999972,0.420915,0.216096,-0.278249,0.999903,0.455888,0.268649,-0.082893,0.999925,0.453898,0.267539,-0.155348,0.999915,0.38264,0.29732,0.083039,0.99996,0.333034,0.298648,-0.368922,0.99992,0.499,0.388246,0.138241,0.30793,0.490254,0.392117,-0.485706,0.949937,0.647233,0.392917,0.0311,0.356919,0.649304,0.377623,-0.429078,0.943648,0.685908,0.392651,0.024785,0.382059,0.69829,0.380202,-0.487468,0.941963,0.690058,0.387033,-0.033253,0.391433,0.700084,0.369411,-0.462558,0.942551,0.676367,0.387204,0.003444,0.375602,0.684147,0.370163,-0.423783,0.926664,0.295234,0.506676,0.138906,0.999705,0.235702,0.525899,-0.139159,0.999698,0.517019,0.594005,0.042067,0.046887,0.512857,0.605808,-0.202512,0.917022,0.717474,0.764033,-0.067673,0.086943,0.71709,0.775726,-0.269398,0.949189,0.736222,0.81669,-0.084447,0.190374,0.742833,0.832275,-0.276016,0.96259,0.789996,0.717815,-0.177906,0.183167,0.817896,0.723767,-0.377462,0.956509
subject03_right_bad_slouch_var1.jpg,subject03,right,bad,slouch,var1,0.65162,0.187885,-0.093086,0.999443,0.635598,0.162153,-0.073747,0.999387,0.631521,0.160985,-0.074497,0.999474,0.626921,0.160102,-0.074763,0.999699,0.632832,0.162551,-0.147433,0.99949,0.627487,0.161977,-0.148028,0.999498,0.620202,0.161259,-0.148358,0.999646,0.570124,0.165581,0.043908,0.999876,0.564159,0.166912,-0.276964,0.999408,0.629318,0.205851,-0.035293,0.999657,0.623362,0.206278,-0.133539,0.999639,0.465538,0.289473,0.228586,0.999977,0.439739,0.289993,-0.384292,0.999926,0.493023,0.456056,0.305935,0.17588,0.497,0.48217,-0.415772,0.973047,0.705316,0.46321,0.115759,0.26168,0.732878,0.45736,-0.244805,0.966426,0.762943,0.479226,0.09349,0.331391,0.799627,0.469271,-0.294103,0.960364,0.77612,0.455898,0.030134,0.342814,0.79792,0.444415,-0.270473,0.962509,0.752807,0.446763,0.082788,0.327571,0.776999,0.436502,-0.235528,0.949239,0.414235,0.552163,0.187462,0.999839,0.37778,0.581951,-0.188026,0.999853,0.780673,0.586195,0.137536,0.074399,0.788192,0.610576,-0.245078,0.943059,0.761886,0.851341,0.260611,0.092461,0.768615,0.868622,0.036066,0.920216,0.729389,0.893894,0.268677,0.147494,0.727007,0.914282,0.078806,0.941051,0.862845,0.877648,0.234393,0.167191,0.919575,0.903547,0.124026,0.928726
subject03_right_bad_slouch_var2.jpg,subject03,right,bad,slouch,var2,0.55939,0.186886,-0.074435,0.999629,0.54503,0.16352,-0.056585,0.999497,0.541017,0.162681,-0.057305,0.999653,0.536762,0.16178,-0.057491,0.999757,0.541697,0.163694,-0.129307,0.999556,0.536294,0.16325,-0.129938,0.999674,0.528679,0.162372,-0.130271,0.99972,0.483994,0.165942,0.072043,0.999924,0.476538,0.166301,-0.245788,0.999699,0.540594,0.205188,-0.011069,0.99977,0.535037,0.20573,-0.108214,0.999774,0.42354,0.302085,0.286543,0.999987,0.376085,0.294215,-0.365791,0.999982,0.447531,0.475545,0.298693,0.226522,0.42038,0.485749,-0.369794,0.99601,0.65209,0.479875,0.016866,0.360769,0.657353,0.465091,-0.196232,0.993725,0.706474,0.494239,-0.021005,0.48908,0.730794,0.476452,-0.248989,0.9932,0.713789,0.475486,-0.08205,0.503471,0.731297,0.451885,-0.220954,0.993586,0.6923,0.465867,-0.017256,0.486122,0.710455,0.446108,-0.183778,0.990115,0.39084,0.572,0.212832,0.999956,0.335978,0.599188,-0.213295,0.999972,0.737289,0.593658,0.182544,0.269438,0.7369,0.627274,-0.249117,0.996937,0.74518,0.84992,0.334574,0.43805,0.741349,0.883247,-0.018984,0.9964,0.697843,0.889272,0.345553,0.604893,0.694811,0.927074,0.018601,0.995666,0.871039,0.89262,0.307967,0.684767,0.907436,0.927723,0.033281,0.996091
subject04_right_bad_asymmetricalLean_var1.jpg,subject04,right,bad,asymmetricalLean,var1,0.597779,0.181713,0.017361,0.999443,0.587464,0.153118,0.047557,0.99893,0.585818,0.152767,0.047198,0.998741,0.58367,0.151908,0.047165,0.99934,0.585127,0.154091,-0.015315,0.999509,0.581372,0.154437,-0.015801,0.999508,0.574744,0.154782,-0.016046,0.999683,0.548304,0.162671,0.179625,0.999739,0.538002,0.162642,-0.106792,0.99923,0.588057,0.206472,0.073091,0.999675,0.581725,0.20727,-0.013222,0.999737,0.52909,0.300551,0.359083,0.999982,0.428923,0.272433,-0.213963,0.999985,0.627446,0.414028,0.597048,0.446435,0.404225,0.466651,-0.307779,0.944239,0.59711,0.242571,0.74012,0.383753,0.526675,0.522921,-0.219585,0.571013,0.596843,0.201597,0.77684,0.304655,0.549891,0.553167,-0.250437,0.437555,0.585337,0.20048,0.772577,0.268192,0.560546,0.541444,-0.221741,0.418837,0.579521,0.215283,0.743604,0.227661,0.553713,0.528702,-0.204935,0.337221,0.436919,0.582742,0.200032,0.999974,0.366035,0.580397,-0.200333,0.999962,0.638534,0.592074,0.092876,0.184105,0.617137,0.589828,-0.296563,0.772496,0.63879,0.867838,0.024964,0.181555,0.616119,0.881063,-0.166175,0.707149,0.601719,0.919495,0.012241,0.242917,0.581978,0.932489,-0.150447,0.607974,0.740111,0.92918,-0.090268,0.30454,0.737128,0.937567,-0.221869,0.741202
subject04_right_bad_asymmetricalLean_var2.jpg,subject04,right,bad,asymmetricalLean,var2,0.696926,0.175714,-0.059448,0.935811,0.688509,0.146492,-0.030367,0.849671,0.686782,0.14546,-0.030742,0.883992,0.684391,0.144149,-0.030734,0.91274,0.686111,0.146649,-0.088945,0.908779,0.682594,0.145782,-0.089351,0.936756,0.676213,0.144341,-0.089579,0.942565,0.650467,0.149735,0.09884,0.964365,0.639939,0.148733,-0.165792,0.885037,0.685655,0.195229,-0.006824,0.96766,0.680337,0.19411,-0.086626,0.960504,0.618941,0.292628,0.233482,0.999871,0.541444,0.258544,-0.277945,0.999573,0.733613,0.393133,0.041162,0.273451,0.581334,0.455338,-0.276929,0.92105,0.695688,0.23741,-0.33595,0.094927,0.666704,0.370403,-0.041,0.31903,0.695282,0.192828,-0.384332,0.078246,0.689756,0.378436,-0.060054,0.259298,0.678905,0.19326,-0.347182,0.067348,0.677211,0.356826,-0.06974,0.241592,0.672913,0.213251,-0.330989,0.049944,0.668763,0.352598,-0.037662,0.183253,0.485652,0.549808,0.184727,0.99998,0.409401,0.546898,-0.185017,0.999959,0.656899,0.548657,-0.013375,0.24299,0.625731,0.561641,-0.452197,0.928706,0.640619,0.823732,-0.080295,0.494617,0.609738,0.847005,-0.43601,0.90303,0.612665,0.870492,-0.094199,0.62673,0.579815,0.891513,-0.433328,0.790956,0.737357,0.893916,-0.227299,0.638629,0.728645,0.909951,-0.558839,0.884777
subject04_right_bad_forwardHead_var1.jpg,subject04,right,bad,forwardHead,var1,0.667874,0.213142,-0.039419,0.999772,0.660179,0.182759,-0.018515,0.999729,0.657627,0.182006,-0.019023,0.999753,0.654962,0.1812,-0.019232,0.99986,0.658009,0.183363,-0.08363,0.9998,0.653624,0.183112,-0.084065,0.9998,0.648865,0.182757,-0.084293,0.999862,0.615688,0.185451,0.096716,0.999948,0.609587,0.186393,-0.19211,0.999761,0.650702,0.23744,0.013413,0.999901,0.648409,0.23915,-0.073655,0.999906,0.501207,0.312553,0.249046,0.999989,0.466277,0.279313,-0.300136,0.999981,0.505603,0.49639,0.211876,0.424246,0.487848,0.493261,-0.41275,0.997972,0.65743,0.461298,-0.067904,0.62145,0.663263,0.444386,-0.384443,0.996216,0.699597,0.472128,-0.110491,0.64996,0.714872,0.4613,-0.439961,0.993224,0.701881,0.445952,-0.136442,0.644317,0.712319,0.427339,-0.418943,0.993536,0.68119,0.438847,-0.088626,0.597419,0.695187,0.422325,-0.376619,0.989188,0.406156,0.626595,0.175993,0.999916,0.361614,0.642707,-0.176406,0.999934,0.667224,0.642038,0.218937,0.146885,0.677285,0.646456,-0.205191,0.979112,0.65275,0.925347,0.286224,0.103413,0.649539,0.952522,-0.023214,0.893271,0.619459,0.970636,0.288446,0.226601,0.616496,0.988325,0.002521,0.92204,0.76586,0.949709,0.250265,0.182667,0.795665,0.976074,-0.006254,0.911851
subject04_right_bad_forwardHead_var2.jpg,subject04,right,bad,forwardHead,var2,0.674832,0.182042,-0.046213,0.999245,0.666971,0.150867,-0.032286,0.999001,0.664484,0.150493,-0.032855,0.999344,0.661954,0.149739,-0.032954,0.999543,0.663613,0.152096,-0.097368,0.998995,0.658819,0.152836,-0.097817,0.999121,0.654337,0.153751,-0.097983,0.999155,0.623249,0.159001,0.05745,0.999878,0.616005,0.160118,-0.232786,0.998667,0.658729,0.207028,-0.002336,0.999486,0.656173,0.207885,-0.089624,0.999255,0.524414,0.274631,0.191429,0.999987,0.494476,0.258408,-0.314372,0.999879,0.58669,0.433981,0.173063,0.39798,0.619946,0.445746,-0.231539,0.990552,0.691431,0.429449,-0.097116,0.583641,0.6571,0.284939,0.022822,0.984304,0.734353,0.439017,-0.127159,0.604261,0.662149,0.229715,0.00139,0.981465,0.737678,0.427946,-0.150971,0.605784,0.646919,0.219278,-0.01836,0.982866,0.718424,0.425221,-0.116717,0.607064,0.638801,0.241112,0.019258,0.97714,0.414247,0.588676,0.165562,0.99989,0.385741,0.610273,-0.165989,0.999798,0.656562,0.597611,0.385746,0.071223,0.676871,0.610617,-0.192342,0.886071,0.652956,0.864956,0.41064,0.078934,0.648659,0.886675,-0.026483,0.648689,0.616112,0.91688,0.409442,0.144571,0.612065,0.938013,-0.003034,0.694879,0.714301,0.896976,0.408857,0.150398,0.776527,0.924284,0.025989,0.704708
subject04_right_bad_slidingDown_var1.jpg,subject04,right,bad,slidingDown,var1,0.345702,0.244213,-0.036398,0.999764,0.335031,0.216641,-0.034748,0.99949,0.332632,0.216143,-0.035315,0.999585,0.329603,0.215382,-0.035399,0.999728,0.331908,0.217035,-0.089105,0.99962,0.327305,0.217064,-0.089588,0.999748,0.321373,0.216929,-0.089625,0.99973,0.29024,0.223242,0.020991,0.999913,0.285296,0.224707,-0.222381,0.999638,0.335514,0.270969,0.000824,0.99944,0.331085,0.269574,-0.073445,0.999569,0.285356,0.371259,0.169576,0.999972,0.268501,0.384722,-0.332001,0.999971,0.469149,0.483032,0.264992,0.292435,0.467789,0.484934,-0.416735,0.995903,0.654905,0.488995,0.22631,0.279473,0.680295,0.480932,-0.367587,0.993296,0.71341,0.496129,0.227627,0.321554,0.732266,0.485813,-0.42674,0.991681,0.729521,0.476446,0.16944,0.340966,0.735543,0.459632,-0.399507,0.992601,0.706392,0.479522,0.201649,0.352244,0.717564,0.458472,-0.35841,0.986259,0.458693,0.657304,0.163124,0.999536,0.446108,0.671806,-0.163625,0.99966,0.725626,0.680912,0.207874,0.084406,0.741347,0.676993,-0.194841,0.891895,0.757137,0.9544,0.381856,0.105098,0.762098,0.973372,-0.025746,0.91893,0.729958,0.990865,0.397294,0.340277,0.734924,1.009919,-0.001106,0.889266,0.863794,0.954707,0.415894,0.279686,0.882231,0.971795,0.033343,0.922163
subject04_right_bad_slidingDown_var2.jpg,subject04,right,bad,slidingDown,var2,0.292035,0.267203,-0.158781,0.999966,0.281819,0.245968,-0.162388,0.999947,0.27911,0.245731,-0.162893,0.999951,0.276356,0.245317,-0.162892,0.999966,0.277942,0.246177,-0.202678,0.99996,0.271882,0.246668,-0.203205,0.999972,0.266599,0.246827,-0.203303,0.999977,0.244152,0.253171,-0.1237,0.999976,0.234688,0.254015,-0.30312,0.999959,0.284214,0.293213,-0.127752,0.999927,0.280472,0.293468,-0.183923,0.999945,0.249032,0.378293,0.013644,0.999989,0.23161,0.390348,-0.36358,0.999994,0.424132,0.463634,0.111411,0.386275,0.424148,0.462255,-0.411155,0.993745,0.602369,0.453151,0.085618,0.346903,0.613082,0.447817,-0.361373,0.989672,0.649999,0.456334,0.092944,0.318705,0.663605,0.452351,-0.415459,0.984206,0.66091,0.439655,0.031011,0.348289,0.668228,0.43191,-0.38868,0.984816,0.642097,0.443011,0.061681,0.332784,0.649708,0.432141,-0.353287,0.971271,0.404186,0.609034,0.111339,0.999913,0.386022,0.633793,-0.111779,0.999956,0.608291,0.690102,0.205566,0.053994,0.610313,0.707877,-0.064727,0.934017,0.815147,0.823225,0.321291,0.107105,0.835009,0.853054,0.005038,0.959197,0.828511,0.869285,0.326778,0.20986,0.843358,0.901408,0.013831,0.943512,0.919115,0.788041,0.253229,0.342839,0.940411,0.802022,-0.058218,0.946142
subject04_right_bad_slouch_var1.jpg,subject04,right,bad,slouch,var1,0.598305,0.229065,-0.064431,0.999877,0.593313,0.199199,-0.048863,0.999808,0.589647,0.196917,-0.0494,0.999874,0.585967,0.194592,-0.049539,0.999906,0.591395,0.200097,-0.10958,0.999851,0.586544,0.198584,-0.110012,0.999896,0.581935,0.197142,-0.110241,0.999896,0.543494,0.194134,0.055236,0.999969,0.541757,0.195794,-0.214829,0.999845,0.5789,0.248404,-0.014425,0.999868,0.575988,0.247755,-0.096314,0.999858,0.471208,0.326604,0.210438,0.999988,0.4319,0.303647,-0.305243,0.999969,0.526861,0.484744,0.264692,0.409887,0.516131,0.506631,-0.381414,0.995559,0.675361,0.469774,0.137446,0.512515,0.678013,0.463178,-0.330818,0.995421,0.715175,0.479671,0.126332,0.572674,0.723207,0.477003,-0.388767,0.995375,0.718628,0.457825,0.081806,0.578451,0.724074,0.451929,-0.361347,0.995737,0.70033,0.450663,0.11425,0.569396,0.705838,0.444149,-0.32264,0.993588,0.384454,0.620363,0.159446,0.999927,0.342094,0.647315,-0.15975,0.999938,0.614345,0.628235,0.210217,0.226653,0.62383,0.640337,-0.175938,0.993637,0.626935,0.898114,0.302699,0.435634,0.623353,0.92845,-0.016693,0.992116,0.589144,0.954031,0.308625,0.643237,0.586228,0.974429,0.007532,0.994305,0.716941,0.938466,0.284194,0.6776,0.745064,0.963143,0.017604,0.994293
subject04_right_bad_slouch_var2.jpg,subject04,right,bad,slouch,var2,0.586859,0.216994,-0.02449,0.998594,0.583767,0.188208,-0.005732,0.998571,0.581434,0.186524,-0.006226,0.998653,0.578964,0.184509,-0.006379,0.999276,0.581478,0.188974,-0.068507,0.998619,0.577289,0.187939,-0.068927,0.998538,0.57315,0.186907,-0.069121,0.998982,0.542179,0.184198,0.102973,0.999668,0.536537,0.18501,-0.177472,0.998107,0.567688,0.238802,0.027223,0.998879,0.566012,0.238161,-0.057337,0.998866,0.457121,0.297747,0.267438,0.999962,0.420589,0.278091,-0.288358,0.999922,0.462578,0.481652,0.31097,0.097077,0.455309,0.479849,-0.369325,0.971529,0.58677,0.537951,0.133851,0.115792,0.593931,0.526595,-0.296249,0.853026,0.613743,0.560796,0.110264,0.15494,0.625241,0.552582,-0.345434,0.801738,0.620516,0.548873,0.067134,0.159758,0.630529,0.540437,-0.331223,0.821209,0.610326,0.538912,0.109289,0.153668,0.618553,0.529441,-0.290033,0.769713,0.386068,0.582689,0.173283,0.999961,0.340493,0.600505,-0.173796,0.999952,0.612626,0.579344,0.184399,0.143875,0.627822,0.583692,-0.214479,0.94141,0.625513,0.844844,0.252666,0.223805,0.631608,0.866642,0.011162,0.881929,0.595903,0.889637,0.254619,0.324506,0.59773,0.918086,0.040264,0.867408,0.720865,0.904431,0.218931,0.33137,0.737574,0.921482,0.043869,0.912691
subject05_right_bad_asymmetricalLean_var1.jpg,subject05,right,bad,asymmetricalLean,var1,0.446685,0.173839,-0.168666,0.999461,0.424116,0.153711,-0.148865,0.999081,0.421019,0.152445,-0.149583,0.999146,0.417255,0.151026,-0.149775,0.999464,0.418229,0.155858,-0.222809,0.99935,0.410553,0.156297,-0.223442,0.999464,0.401696,0.156864,-0.223664,0.999593,0.359984,0.167981,-0.013297,0.999805,0.351151,0.17001,-0.341782,0.999419,0.432356,0.19988,-0.104086,0.999393,0.426779,0.198544,-0.203207,0.999609,0.381041,0.296568,0.196319,0.999975,0.293648,0.317187,-0.476523,0.999989,0.460812,0.460096,0.236773,0.126047,0.404027,0.484708,-0.551154,0.995212,0.625324,0.49997,-0.022047,0.1521,0.65373,0.532556,-0.522216,0.98844,0.675895,0.519804,-0.067488,0.234962,0.701853,0.548177,-0.5984,0.98559,0.678313,0.508109,-0.128648,0.239862,0.713319,0.527661,-0.594016,0.986646,0.657369,0.499984,-0.055729,0.224676,0.698139,0.521559,-0.519394,0.975442,0.514934,0.564062,0.210073,0.999951,0.436221,0.602272,-0.210424,0.999971,0.838287,0.572322,0.291118,0.316366,0.819598,0.621149,-0.281006,0.938468,0.780657,0.778726,0.338511,0.280716,0.782423,0.86442,-0.097303,0.93305,0.748475,0.805096,0.337673,0.37113,0.739912,0.911727,-0.069715,0.843326,0.836649,0.853061,0.305567,0.426826,0.910765,0.917321,-0.085353,0.923697
subject05_right_bad_asymmetricalLean_var2.jpg,subject05,right,bad,asymmetricalLean,var2,0.684455,0.182849,-0.083151,0.999983,0.667414,0.157561,-0.06341,0.999974,0.66359,0.156241,-0.064151,0.999983,0.659436,0.155253,-0.064323,0.999988,0.664354,0.158502,-0.132621,0.999976,0.656755,0.157996,-0.133192,0.999982,0.648781,0.157756,-0.13337,0.99998,0.60526,0.163252,0.060229,0.999995,0.59375,0.165506,-0.242935,0.999955,0.666515,0.200308,-0.024419,0.999973,0.659476,0.202348,-0.117508,0.999963,0.574956,0.276611,0.239352,0.999995,0.483516,0.284569,-0.367997,0.999972,0.671818,0.380553,0.321781,0.747685,0.620338,0.435533,-0.449513,0.994113,0.841703,0.417767,0.151088,0.847603,0.840608,0.432661,-0.382697,0.982765,0.897553,0.426654,0.136428,0.842515,0.901779,0.437171,-0.457077,0.981845,0.904341,0.41617,0.062237,0.851724,0.902899,0.417634,-0.427994,0.983056,0.881638,0.415774,0.116429,0.841276,0.880626,0.417529,-0.375496,0.975459,0.467021,0.538922,0.192233,0.999936,0.380365,0.564494,-0.192466,0.999921,0.770622,0.583249,0.079852,0.301885,0.746811,0.602753,-0.292633,0.976639,0.715724,0.827676,0.138776,0.396057,0.681505,0.858223,-0.130978,0.979766,0.689443,0.87826,0.13793,0.550596,0.627279,0.899197,-0.106656,0.970094,0.831639,0.891175,0.069556,0.679384,0.828697,0.913543,-0.117149,0.985597
subject05_right_bad_forwardHead_var1.jpg,subject05,right,bad,forwardHead,var1,0.684147,0.226732,-0.134047,0.998565,0.676948,0.20456,-0.106358,0.998293,0.673571,0.203241,-0.107051,0.998399,0.66961,0.201632,-0.107269,0.999041,0.674416,0.205375,-0.187353,0.998631,0.668506,0.204295,-0.187917,0.998665,0.661717,0.203183,-0.188311,0.999148,0.614199,0.198583,0.049917,0.999569,0.607501,0.198791,-0.308532,0.998652,0.654865,0.245258,-0.062348,0.998356,0.652345,0.244951,-0.170713,0.998692,0.508084,0.29057,0.271189,0.999909,0.441394,0.280395,-0.441358,0.999808,0.497138,0.4403,0.313208,0.087342,0.458866,0.45806,-0.499038,0.969797,0.683801,0.439958,0.023013,0.126457,0.701245,0.444095,-0.325953,0.943381,0.735438,0.449019,-0.014995,0.19459,0.765665,0.451228,-0.381959,0.909555,0.738715,0.437502,-0.067989,0.198859,0.766434,0.431029,-0.354226,0.912995,0.718009,0.432051,-0.009814,0.192062,0.744846,0.428186,-0.313178,0.874457,0.412391,0.547105,0.216512,0.999852,0.338827,0.578311,-0.216956,0.999853,0.731813,0.557458,0.188395,0.139183,0.71758,0.602253,-0.313634,0.795593,0.662933,0.818611,0.299218,0.097586,0.668488,0.821869,0.066618,0.576769,0.641001,0.815054,0.307229,0.127905,0.622409,0.840135,0.119121,0.584491,0.669384,0.901936,0.285085,0.133915,0.724049,0.915312,0.175387,0.570085
subject05_right_bad_forwardHead_var2.jpg,subject05,right,bad,forwardHead,var2,0.658558,0.278354,-0.055762,0.999686,0.648074,0.255473,-0.042272,0.999507,0.645521,0.254527,-0.043046,0.999688,0.641995,0.253505,-0.04317,0.999765,0.644719,0.258101,-0.113169,0.999564,0.637995,0.258334,-0.113695,0.99967,0.629232,0.257746,-0.113931,0.999627,0.580561,0.258651,0.056478,0.999941,0.573593,0.259373,-0.257691,0.999387,0.638318,0.295585,-0.006634,0.99976,0.627884,0.297472,-0.102238,0.999578,0.488868,0.35548,0.195364,0.999991,0.448834,0.36923,-0.345749,0.999849,0.58302,0.484273,0.252774,0.536837,0.625744,0.51526,-0.261168,0.982091,0.716725,0.497201,0.048278,0.665667,0.665437,0.384174,0.027824,0.977742,0.76552,0.509499,0.033733,0.649055,0.680652,0.346715,-0.002272,0.980623,0.774364,0.508248,-0.001634,0.65597,0.648349,0.337149,-0.030505,0.98203,0.751034,0.507967,0.026575,0.648883,0.637583,0.350614,0.018634,0.976449,0.376738,0.610185,0.171349,0.999899,0.32895,0.641294,-0.171808,0.999814,0.676759,0.613829,0.287231,0.135965,0.679476,0.652718,-0.251532,0.92632,0.589212,0.846423,0.417697,0.176526,0.631355,0.888367,-0.04596,0.8823,0.573505,0.868773,0.42903,0.287527,0.578279,0.924343,-0.014362,0.907197,0.613878,0.897316,0.435162,0.330922,0.724961,0.944299,0.034448,0.904159
subject05_right_bad_slidingDown_var1.jpg,subject05,right,bad,slidingDown,var1,0.315855,0.290701,-0.101668,0.999989,0.309314,0.269253,-0.094801,0.999985,0.306694,0.268432,-0.095233,0.999985,0.303259,0.26714,-0.095263,0.99999,0.30598,0.269593,-0.153608,0.999989,0.30105,0.269112,-0.154069,0.999991,0.295103,0.267939,-0.154166,0.999992,0.267867,0.268385,-0.014296,0.999995,0.262731,0.271157,-0.281169,0.999988,0.305697,0.308957,-0.056261,0.999989,0.301428,0.309125,-0.136568,0.999991,0.268768,0.358419,0.150552,0.999999,0.211423,0.381245,-0.384272,0.999999,0.356401,0.474527,0.273577,0.707856,0.322156,0.511048,-0.46341,0.999441,0.460267,0.522635,0.199836,0.782784,0.449812,0.555367,-0.421903,0.99552,0.492569,0.544939,0.196773,0.757937,0.487534,0.584243,-0.468481,0.989135,0.493309,0.542675,0.144667,0.770233,0.491548,0.572753,-0.465106,0.989455,0.478609,0.535227,0.176685,0.746901,0.477953,0.561964,-0.419467,0.979616,0.406125,0.57618,0.17108,0.999998,0.363955,0.612677,-0.171328,0.999998,0.591262,0.649518,0.141277,0.920335,0.566273,0.681836,-0.262761,0.999063,0.778197,0.807359,0.174382,0.929469,0.758498,0.861491,-0.248192,0.997572,0.784708,0.84964,0.169597,0.920492,0.764195,0.908561,-0.247805,0.985237,0.887637,0.804952,0.0865,0.960748,0.87716,0.860392,-0.346649,0.995975
subject05_right_bad_slidingDown_var2.jpg,subject05,right,bad,slidingDown,var2,0.449947,0.300237,-0.094275,0.999964,0.446576,0.273687,-0.091839,0.999961,0.443502,0.272156,-0.092449,0.999962,0.440913,0.270561,-0.092599,0.999974,0.442827,0.273491,-0.140491,0.999974,0.43831,0.272353,-0.140951,0.999977,0.43252,0.270759,-0.141205,0.999982,0.405296,0.268887,-0.038649,0.999983,0.391745,0.266898,-0.254366,0.999955,0.429148,0.31828,-0.060106,0.999952,0.426291,0.316548,-0.126837,0.999954,0.36414,0.349946,0.095831,0.999983,0.327771,0.344763,-0.350195,0.999982,0.501748,0.41635,0.189215,0.436185,0.501057,0.42278,-0.467002,0.989443,0.659482,0.424258,0.121629,0.497672,0.675409,0.412914,-0.437532,0.991269,0.704966,0.42949,0.121589,0.496665,0.726942,0.42128,-0.499193,0.990067,0.71557,0.415355,0.06495,0.499072,0.730553,0.400248,-0.473372,0.990057,0.699696,0.414558,0.096074,0.499138,0.71615,0.395887,-0.431233,0.984798,0.339208,0.568007,0.132369,0.999934,0.272658,0.600612,-0.132685,0.999944,0.572658,0.640186,0.050314,0.154884,0.553992,0.667076,-0.19337,0.97776,0.764695,0.813646,0.035149,0.221652,0.766384,0.866359,-0.259296,0.985025,0.768331,0.859474,0.028673,0.378316,0.767347,0.913467,-0.264846,0.983645,0.867493,0.810516,-0.04372,0.395617,0.868259,0.832008,-0.358942,0.984183
subject05_right_bad_slouch_var1.jpg,subject05,right,bad,slouch,var1,0.636135,0.176414,-0.119607,0.999878,0.618355,0.151583,-0.099777,0.999853,0.613722,0.150288,-0.10043,0.999892,0.608722,0.149312,-0.100633,0.999921,0.617136,0.152651,-0.180106,0.999884,0.612031,0.152114,-0.180712,0.99991,0.606703,0.15136,-0.181024,0.999927,0.552398,0.156916,0.027424,0.999978,0.554086,0.156691,-0.326138,0.999927,0.61146,0.194318,-0.057328,0.999929,0.612396,0.194245,-0.164347,0.999941,0.465873,0.258267,0.236084,0.999994,0.459249,0.262744,-0.457693,0.999992,0.478434,0.437295,0.250405,0.408561,0.493478,0.452943,-0.503041,0.998958,0.666475,0.456584,-0.000953,0.407451,0.706096,0.444743,-0.350205,0.998567,0.704997,0.468852,-0.028543,0.508258,0.774819,0.450553,-0.40993,0.997848,0.716682,0.45182,-0.08766,0.511989,0.775192,0.427801,-0.372065,0.997894,0.696976,0.447857,-0.033461,0.504663,0.754384,0.423772,-0.333669,0.996656,0.420462,0.516584,0.217823,0.999974,0.379646,0.544226,-0.218246,0.999985,0.734338,0.566622,0.258638,0.621136,0.756317,0.592147,-0.255482,0.999229,0.75319,0.807471,0.4063,0.620115,0.761727,0.835689,-0.09332,0.998388,0.702099,0.847733,0.41813,0.710686,0.716034,0.884155,-0.064058,0.997982,0.767172,0.856179,0.400221,0.730445,0.929529,0.886105,-0.057459,0.997821
subject05_right_bad_slouch_var2.jpg,subject05,right,bad,slouch,var2,0.62546,0.294472,-0.086449,0.9997,0.615195,0.274162,-0.06881,0.999647,0.609598,0.272548,-0.069479,0.999709,0.603747,0.270706,-0.069601,0.99982,0.613268,0.274527,-0.134371,0.999695,0.606463,0.273223,-0.13491,0.999725,0.5998,0.271919,-0.135152,0.999794,0.554224,0.269218,0.043708,0.999908,0.549732,0.270636,-0.242531,0.999635,0.600756,0.3096,-0.031322,0.999723,0.598691,0.309941,-0.118972,0.999726,0.46522,0.362447,0.226459,0.999977,0.429032,0.362126,-0.346557,0.999959,0.491238,0.511351,0.242035,0.116177,0.46498,0.532009,-0.382171,0.98405,0.644771,0.533066,-0.026818,0.254572,0.663563,0.521375,-0.2289,0.972537,0.690148,0.542064,-0.064323,0.368479,0.725605,0.528536,-0.275823,0.962731,0.700721,0.52931,-0.11523,0.377573,0.727232,0.50632,-0.252906,0.962972,0.683668,0.521877,-0.056526,0.353536,0.711314,0.503401,-0.219316,0.942374,0.402115,0.595195,0.18473,0.999938,0.352701,0.628151,-0.185189,0.999953,0.714713,0.615517,0.17775,0.21231,0.707417,0.654275,-0.228067,0.970941,0.712012,0.84617,0.244263,0.369195,0.688538,0.8783,-0.044874,0.969379,0.677053,0.88687,0.245189,0.521947,0.643946,0.92453,-0.016264,0.961983,0.833271,0.897434,0.199288,0.57657,0.830986,0.922435,-0.014643,0.967315
subject06_right_bad_asymmetricalLean_var1.jpg,subject06,right,bad,asymmetricalLean,var1,0.571418,0.219999,0.049568,0.998473,0.576626,0.198891,0.070023,0.996925,0.575032,0.197134,0.069654,0.997172,0.5729,0.194579,0.069627,0.997699,0.574666,0.197465,0.014912,0.998315,0.570474,0.194363,0.014544,0.998821,0.56454,0.190621,0.014375,0.998796,0.537632,0.178663,0.183601,0.999294,0.527797,0.175403,-0.06548,0.997733,0.551068,0.237427,0.098527,0.998924,0.547171,0.235588,0.02304,0.998428,0.478229,0.292084,0.29312,0.999957,0.431278,0.261502,-0.169351,0.999916,0.605568,0.377169,0.147688,0.372526,0.592411,0.401705,-0.131515,0.990549,0.553198,0.242918,-0.16385,0.113758,0.609663,0.362477,0.151782,0.643292,0.544555,0.208743,-0.215311,0.097235,0.627456,0.371397,0.140448,0.671792,0.52799,0.2111,-0.175202,0.08773,0.607362,0.370281,0.110719,0.681738,0.528264,0.230673,-0.157544,0.065533,0.593556,0.358452,0.147934,0.662094,0.370357,0.568116,0.153677,0.999988,0.335139,0.565315,-0.1544,0.999979,0.596241,0.597286,0.096266,0.07728,0.593469,0.576922,-0.166668,0.977736,0.597416,0.858248,0.070738,0.157232,0.585339,0.864795,-0.111817,0.951413,0.570346,0.895832,0.06493,0.271091,0.544849,0.901715,-0.099261,0.944574,0.659193,0.935975,0.007965,0.335222,0.646313,0.950765,-0.113917,0.963507
subject06_right_bad_asymmetricalLean_var2.jpg,subject06,right,bad,asymmetricalLean,var2,0.65064,0.192467,-0.023546,0.999496,0.650902,0.162759,-0.004295,0.998792,0.648023,0.160007,-0.004688,0.99904,0.645005,0.157238,-0.004674,0.999114,0.650171,0.161692,-0.060001,0.999367,0.646426,0.158039,-0.060412,0.999607,0.642284,0.154733,-0.060652,0.99956,0.612092,0.150631,0.106623,0.999822,0.607472,0.149208,-0.14529,0.999308,0.63172,0.206373,0.024238,0.999526,0.629794,0.205648,-0.051878,0.999234,0.5371,0.272605,0.22432,0.999871,0.51667,0.255487,-0.229299,0.999761,0.643322,0.385019,0.185174,0.269774,0.648575,0.390074,-0.196465,0.998395,0.627114,0.235941,0.020611,0.05259,0.629384,0.250169,0.035208,0.872358,0.622158,0.192311,-0.006714,0.047187,0.627499,0.194594,0.012383,0.893493,0.605806,0.191345,0.027709,0.044844,0.609617,0.188082,-0.026892,0.899342,0.60102,0.212779,0.027444,0.041172,0.606067,0.212264,0.024469,0.894446,0.373144,0.529508,0.145933,0.999933,0.353379,0.526431,-0.14638,0.999897,0.593196,0.576662,0.14047,0.171082,0.592326,0.584344,-0.146439,0.988942,0.582367,0.836575,0.141349,0.494117,0.573235,0.833992,0.014283,0.977128,0.552382,0.874371,0.138227,0.61768,0.534717,0.872395,0.037932,0.98168,0.624639,0.918436,0.088209,0.704582,0.605772,0.930258,0.04115,0.981222
subject06_right_bad_forwardHead_var1.jpg,subject06,right,bad,forwardHead,var1,0.612933,0.30473,-0.024895,0.999072,0.623356,0.278849,-0.007543,0.998766,0.622872,0.276286,-0.008065,0.999076,0.621912,0.273397,-0.00814,0.999067,0.619451,0.276712,-0.066565,0.999256,0.616321,0.273625,-0.067004,0.999506,0.613117,0.2706,-0.067302,0.999529,0.585717,0.243104,0.105009,0.99975,0.576978,0.242967,-0.157763,0.99951,0.590899,0.312127,0.027545,0.999076,0.587287,0.309495,-0.051901,0.9991,0.506606,0.313173,0.225097,0.999796,0.445219,0.264851,-0.256817,0.999788,0.513711,0.445683,0.130963,0.032352,0.513504,0.43009,-0.293484,0.986474,0.584602,0.438994,-0.166675,0.018306,0.622445,0.394394,-0.116507,0.929021,0.602265,0.445618,-0.208559,0.03236,0.652589,0.388978,-0.142724,0.931855,0.602221,0.427763,-0.213479,0.03316,0.64507,0.370762,-0.15012,0.938789,0.594401,0.426055,-0.180609,0.034839,0.634146,0.372293,-0.115718,0.927595,0.364893,0.560984,0.142983,0.999785,0.307923,0.570661,-0.143503,0.999761,0.632293,0.603003,0.060438,0.244223,0.608948,0.618338,-0.161868,0.9849,0.637737,0.896083,-0.025558,0.458289,0.620177,0.901496,-0.100933,0.97886,0.598762,0.947306,-0.038529,0.568674,0.571842,0.951482,-0.090226,0.984006,0.698183,0.93633,-0.129422,0.647932,0.664665,0.959167,-0.141965,0.98313
subject06_right_bad_forwardHead_var2.jpg,subject06,right,bad,forwardHead,var2,0.633057,0.228914,-0.11214,0.999937,0.637701,0.202774,-0.094052,0.999786,0.636282,0.20135,-0.094478,0.99985,0.634394,0.199191,-0.094526,0.999867,0.633068,0.202457,-0.151083,0.999885,0.62901,0.200626,-0.151469,0.999911,0.62302,0.197843,-0.151625,0.999895,0.590961,0.188458,0.008781,0.999956,0.583059,0.185656,-0.245588,0.999837,0.610327,0.247019,-0.066777,0.999844,0.607539,0.244778,-0.14308,0.999829,0.514889,0.286868,0.128097,0.999985,0.46145,0.266293,-0.329232,0.999927,0.582567,0.426239,0.072172,0.11544,0.589439,0.430655,-0.298079,0.989481,0.668158,0.396184,-0.185162,0.087489,0.606839,0.300333,-0.073062,0.951866,0.695213,0.402197,-0.219193,0.112498,0.60613,0.254369,-0.093376,0.947856,0.69348,0.396012,-0.223181,0.113732,0.585307,0.248935,-0.130673,0.950839,0.683112,0.397251,-0.197016,0.120565,0.57686,0.266566,-0.084456,0.927158,0.408888,0.541096,0.125649,0.9999,0.335732,0.554464,-0.126005,0.999745,0.638837,0.621797,0.016552,0.554634,0.560752,0.693241,-0.156788,0.70243,0.64476,0.90469,-0.165652,0.53762,0.445817,0.787896,0.252779,0.076331,0.61771,0.952214,-0.188475,0.577828,0.404062,0.797333,0.30367,0.129074,0.759308,0.943046,-0.228687,0.672363,0.492466,0.836925,0.421359,0.114434
subject06_right_bad_slidingDown_var1.jpg,subject06,right,bad,slidingDown,var1,0.526247,0.245743,-0.041522,0.999938,0.51351,0.219027,-0.017714,0.999903,0.511014,0.217178,-0.018202,0.999936,0.508314,0.215294,-0.01828,0.999946,0.510557,0.220123,-0.069917,0.999922,0.506222,0.219618,-0.070273,0.999939,0.501225,0.219096,-0.070436,0.999929,0.469401,0.225345,0.09065,0.999986,0.462273,0.228135,-0.141137,0.999889,0.515915,0.266328,0.003565,0.999957,0.510753,0.268483,-0.066724,0.999918,0.451027,0.357716,0.204032,0.999991,0.381821,0.359564,-0.247239,0.999942,0.569824,0.441782,0.139807,0.375678,0.541211,0.498714,-0.201932,0.989067,0.574886,0.433464,-0.16342,0.292816,0.576278,0.440176,-0.004416,0.929899,0.602614,0.445197,-0.204607,0.3336,0.597771,0.443056,-0.035776,0.942258,0.593281,0.445313,-0.215801,0.333288,0.590893,0.436357,-0.061008,0.945456,0.575823,0.447,-0.17747,0.318275,0.583369,0.437265,-0.011056,0.927679,0.373885,0.643371,0.142474,0.999956,0.29937,0.653309,-0.142719,0.99989,0.610536,0.636596,0.031926,0.493644,0.55083,0.701225,-0.2234,0.987048,0.712732,0.875456,-0.024905,0.555126,0.587651,0.90169,-0.023305,0.937784,0.695876,0.933408,-0.035219,0.620033,0.567667,0.939436,0.001547,0.92533,0.812621,0.922589,-0.10575,0.747391,0.67727,0.935606,-0.00838,0.947577
subject06_right_bad_slidingDown_var2.jpg,subject06,right,bad,slidingDown,var2,0.49001,0.197371,-0.098071,0.999931,0.482253,0.171699,-0.081716,0.999903,0.479951,0.170016,-0.082275,0.999928,0.477378,0.168391,-0.082396,0.999928,0.478856,0.172504,-0.134777,0.999926,0.473711,0.171801,-0.135198,0.999945,0.468042,0.171395,-0.135481,0.999942,0.438742,0.175657,0.000854,0.999967,0.42845,0.176402,-0.234119,0.999904,0.476787,0.220645,-0.059617,0.999896,0.471581,0.220428,-0.130971,0.999867,0.415242,0.291438,0.109901,0.999974,0.352819,0.298308,-0.340511,0.999916,0.518299,0.357562,0.059419,0.409853,0.486024,0.405464,-0.323958,0.990283,0.542681,0.358872,-0.203086,0.262914,0.548148,0.361354,-0.120527,0.949511,0.563741,0.37129,-0.230185,0.297835,0.56944,0.366467,-0.147887,0.951824,0.553931,0.368964,-0.253002,0.294413,0.566124,0.360202,-0.15566,0.953113,0.544441,0.367718,-0.220549,0.290384,0.552844,0.359848,-0.119635,0.946831,0.310198,0.552569,0.12698,0.999952,0.2437,0.574111,-0.127152,0.999926,0.522636,0.648791,0.049261,0.196836,0.478845,0.661669,-0.150217,0.985403,0.750052,0.788725,-0.051496,0.332835,0.672584,0.807045,-0.199214,0.98527,0.75623,0.835616,-0.064877,0.509639,0.686247,0.852071,-0.201992,0.987403,0.772686,0.794126,-0.145203,0.52042,0.768034,0.781957,-0.281756,0.984507
subject06_right_bad_slouch_var1.jpg,subject06,right,bad,slouch,var1,0.568071,0.27685,-0.013125,0.999399,0.573796,0.253381,0.006356,0.999004,0.573003,0.251501,0.005883,0.999254,0.571786,0.248766,0.005819,0.999373,0.570033,0.251929,-0.052105,0.999324,0.566762,0.249376,-0.052483,0.999474,0.562654,0.245605,-0.052648,0.999436,0.535461,0.227001,0.125348,0.999802,0.526212,0.222892,-0.134661,0.999214,0.548379,0.290935,0.040346,0.999212,0.543705,0.287508,-0.038095,0.998964,0.460998,0.329186,0.248493,0.999925,0.40972,0.302661,-0.230911,0.999681,0.518933,0.448936,0.122556,0.049486,0.537432,0.454318,-0.204777,0.947069,0.570873,0.415197,-0.244113,0.044069,0.60232,0.422814,0.04264,0.614107,0.59166,0.417159,-0.299917,0.06998,0.624991,0.42266,0.026136,0.679437,0.594092,0.410704,-0.298375,0.071879,0.619505,0.410017,0.002992,0.702249,0.582413,0.410909,-0.257255,0.069226,0.609981,0.411461,0.038965,0.658456,0.366747,0.619729,0.147318,0.999885,0.305105,0.630052,-0.147881,0.999789,0.615159,0.624429,0.070029,0.108462,0.578362,0.657766,-0.161862,0.901988,0.632873,0.915039,-0.011001,0.180944,0.537906,0.921706,0.002243,0.71647,0.600861,0.961446,-0.023351,0.280741,0.502016,0.959731,0.024448,0.755108,0.734838,0.958975,-0.087686,0.346669,0.622042,0.997366,0.029182,0.770761
subject06_right_bad_slouch_var2.jpg,subject06,right,bad,slouch,var2,0.570291,0.262811,-0.078212,0.999482,0.574848,0.239727,-0.062491,0.999387,0.572961,0.236877,-0.062892,0.999266,0.570765,0.233279,-0.063,0.999512,0.572884,0.237747,-0.116305,0.999668,0.568779,0.233692,-0.116745,0.999681,0.564397,0.229466,-0.116975,0.999824,0.534846,0.206194,0.028466,0.999793,0.531638,0.208448,-0.212329,0.999795,0.545515,0.27446,-0.034211,0.999674,0.542112,0.271018,-0.106872,0.999793,0.460026,0.307936,0.18289,0.999952,0.420947,0.292686,-0.329014,0.999994,0.426531,0.511914,0.259472,0.052543,0.414405,0.521087,-0.384768,0.994925,0.46841,0.668928,0.209674,0.020559,0.462827,0.724555,-0.309041,0.994814,0.475894,0.726745,0.209383,0.028018,0.451299,0.778554,-0.362742,0.989752,0.482671,0.726283,0.157992,0.028198,0.475007,0.780852,-0.359711,0.990833,0.481951,0.696882,0.186745,0.030791,0.477201,0.760516,-0.306879,0.986286,0.337242,0.591929,0.157657,0.999896,0.308369,0.610455,-0.158246,0.999964,0.571438,0.546598,0.347106,0.162852,0.593364,0.608591,-0.157391,0.972245,0.473603,0.709293,0.389675,0.100258,0.633704,0.866697,0.081719,0.871845,0.446056,0.733331,0.391923,0.114142,0.60579,0.920585,0.114152,0.863808,0.488946,0.724104,0.394632,0.150114,0.742815,0.907573,0.145279,0.889017
subject07_right_bad_asymmetricalLean_var1.jpg,subject07,right,bad,asymmetricalLean,var1,0.666849,0.182258,-0.108073,0.999997,0.648533,0.158549,-0.079504,0.999997,0.644074,0.157549,-0.08013,0.999998,0.639153,0.156801,-0.080089,0.999998,0.646508,0.159978,-0.16492,0.999997,0.640599,0.160018,-0.165382,0.999998,0.633608,0.160114,-0.165415,0.999997,0.58367,0.166115,0.069386,0.999999,0.583326,0.168958,-0.308458,0.999996,0.64751,0.199619,-0.040754,0.999998,0.643004,0.201341,-0.154678,0.999996,0.512109,0.289272,0.27517,0.999998,0.528387,0.293089,-0.454952,0.999987,0.601127,0.38541,0.12153,0.827168,0.684665,0.422789,-0.323974,0.99812,0.680828,0.435603,-0.412039,0.912828,0.685051,0.44034,0.097115,0.991881,0.690281,0.466813,-0.485186,0.92301,0.685271,0.463026,0.073881,0.992697,0.667984,0.460958,-0.519132,0.922322,0.675592,0.459874,0.040568,0.992791,0.661507,0.452343,-0.442225,0.90584,0.671278,0.453713,0.093662,0.991381,0.426476,0.560708,0.250507,0.999995,0.409827,0.583601,-0.250977,0.999992,0.769481,0.603312,0.355237,0.854627,0.778192,0.631735,-0.286023,0.999872,0.75183,0.833347,0.431295,0.936338,0.744543,0.865228,-0.153136,0.999755,0.708982,0.866886,0.430481,0.933797,0.69589,0.904318,-0.134391,0.999259,0.876461,0.864629,0.395934,0.968858,0.884219,0.89793,-0.141263,0.99972
subject07_right_bad_asymmetricalLean_var2.jpg,subject07,right,bad,asymmetricalLean,var2,0.686717,0.210977,0.010648,0.999998,0.685198,0.187205,0.037306,0.999996,0.681097,0.185819,0.036827,0.999997,0.676674,0.18443,0.036917,0.999996,0.683711,0.186904,-0.042021,0.999998,0.678761,0.185924,-0.042603,0.999999,0.671902,0.184852,-0.042825,0.999999,0.627146,0.181791,0.190175,0.999999,0.616773,0.181941,-0.169183,0.999998,0.662254,0.226487,0.077228,0.999998,0.657281,0.226578,-0.031084,0.999997,0.531811,0.284501,0.355045,0.999991,0.511065,0.279635,-0.284885,0.999993,0.707453,0.375628,0.23582,0.738833,0.688083,0.411509,-0.205283,0.999952,0.6877,0.258857,-0.058402,0.396413,0.693026,0.280734,0.1527,0.998646,0.675187,0.225511,-0.10296,0.343618,0.672635,0.238115,0.127416,0.998727,0.649285,0.227324,-0.054874,0.320145,0.646189,0.245593,0.070633,0.998692,0.646899,0.243182,-0.050583,0.291979,0.648949,0.263257,0.139072,0.998456,0.364796,0.531812,0.210282,0.999992,0.328929,0.554003,-0.210835,0.999993,0.718983,0.567239,0.303328,0.830604,0.707653,0.605483,-0.194028,0.999956,0.705482,0.799974,0.278409,0.966746,0.69931,0.845947,-0.127839,0.999935,0.668712,0.836537,0.269399,0.971419,0.652279,0.884866,-0.113839,0.999891,0.725039,0.83231,0.20089,0.986381,0.791771,0.883188,-0.159502,0.999931
subject07_right_bad_forwardHead_var1.jpg,subject07,right,bad,forwardHead,var1,0.607504,0.222093,-0.051083,0.999837,0.607537,0.198843,-0.038648,0.999715,0.603565,0.197606,-0.039331,0.999811,0.599189,0.196149,-0.039596,0.999855,0.605889,0.198622,-0.114921,0.999812,0.601525,0.197377,-0.115516,0.999878,0.595759,0.195694,-0.115871,0.999883,0.546568,0.190563,0.081713,0.999964,0.542101,0.191037,-0.254772,0.99988,0.580963,0.236674,0.011165,0.999895,0.577204,0.236836,-0.091406,0.999908,0.421332,0.290583,0.286293,0.99999,0.367951,0.286701,-0.351682,0.999985,0.477961,0.411846,0.409671,0.39018,0.442192,0.464935,-0.497104,0.998069,0.673673,0.420218,0.334872,0.504638,0.662536,0.436036,-0.514905,0.998349,0.740119,0.428743,0.329674,0.550645,0.726611,0.447539,-0.591712,0.998469,0.759945,0.412213,0.271089,0.558041,0.731943,0.426325,-0.55323,0.998681,0.736959,0.41009,0.307477,0.537527,0.717021,0.420514,-0.503782,0.998096,0.336435,0.562496,0.193995,0.999893,0.307404,0.589105,-0.194551,0.99993,0.703548,0.590492,0.156478,0.351751,0.698635,0.612949,-0.260447,0.997564,0.706379,0.841438,0.237855,0.688836,0.70376,0.867208,-0.054013,0.997827,0.670707,0.88802,0.240627,0.798627,0.662019,0.906641,-0.020215,0.998542,0.824279,0.875719,0.177081,0.85813,0.854272,0.898495,-0.011995,0.998626
subject07_right_bad_forwardHead_var2.jpg,subject07,right,bad,forwardHead,var2,0.604662,0.228735,0.005642,0.999907,0.597682,0.202394,0.028316,0.99985,0.594322,0.200743,0.027738,0.999885,0.590055,0.19898,0.027664,0.999902,0.595445,0.202925,-0.042093,0.999928,0.591009,0.202242,-0.042592,0.999954,0.584361,0.201165,-0.0429,0.999956,0.539179,0.198318,0.164845,0.99998,0.533306,0.199707,-0.146468,0.999948,0.586065,0.240498,0.067879,0.999964,0.578295,0.24087,-0.027084,0.999959,0.48358,0.306438,0.328891,0.999993,0.412852,0.303903,-0.26563,0.999995,0.589969,0.411784,0.265783,0.755857,0.541694,0.459359,-0.339685,0.999732,0.617796,0.298685,0.026431,0.73676,0.726797,0.426275,-0.213575,0.999486,0.617948,0.271721,-0.007679,0.693613,0.789225,0.438246,-0.2705,0.999355,0.601926,0.263491,0.008199,0.663528,0.791075,0.412669,-0.247059,0.99932,0.590356,0.272483,0.027466,0.57587,0.779045,0.406269,-0.201423,0.998788,0.370757,0.555733,0.193524,0.999977,0.320538,0.57637,-0.193954,0.999983,0.722866,0.575794,0.149862,0.378278,0.701367,0.597919,-0.248484,0.999253,0.697412,0.820322,0.168871,0.641088,0.691709,0.852161,-0.205149,0.999054,0.666862,0.86471,0.165608,0.752519,0.652047,0.894164,-0.190169,0.998981,0.81677,0.852669,0.099679,0.852232,0.828079,0.888303,-0.214746,0.999257
subject07_right_bad_slidingDown_var1.jpg,subject07,right,bad,slidingDown,var1,0.235194,0.322341,0.019845,0.999996,0.227562,0.30294,0.036759,0.999994,0.226536,0.302082,0.036434,0.999994,0.224903,0.300688,0.036351,0.999996,0.223158,0.303227,-0.016383,0.999996,0.219401,0.303244,-0.016778,0.999996,0.214701,0.303551,-0.016872,0.999997,0.185217,0.305158,0.124289,0.999998,0.178732,0.309569,-0.112654,0.999996,0.231126,0.342883,0.063095,0.999995,0.22358,0.342214,-0.008458,0.999996,0.203436,0.409697,0.270762,0.999998,0.17497,0.428033,-0.233984,0.999999,0.297654,0.510926,0.359491,0.686549,0.276439,0.560784,-0.291861,0.999393,0.408898,0.53228,0.248734,0.813899,0.41334,0.55687,-0.227611,0.99778,0.443208,0.553003,0.2428,0.79935,0.450198,0.573188,-0.267681,0.995834,0.445037,0.551045,0.196466,0.811859,0.454023,0.567517,-0.257296,0.996035,0.430519,0.544766,0.22663,0.790573,0.441649,0.563647,-0.221747,0.992151,0.339305,0.620838,0.149179,0.99999,0.320733,0.632989,-0.149524,0.999993,0.568652,0.679313,0.127118,0.628915,0.57544,0.690996,-0.167718,0.998642,0.739534,0.817755,0.149136,0.635607,0.771922,0.830805,-0.123033,0.996626,0.763832,0.841563,0.145048,0.71802,0.77058,0.858047,-0.116176,0.993455,0.833289,0.794522,0.075514,0.774745,0.833002,0.817598,-0.173578,0.993237
subject07_right_bad_slidingDown_var2.jpg,subject07,right,bad,slidingDown,var2,0.432967,0.332908,-0.241985,0.999902,0.43284,0.30541,-0.239397,0.999888,0.431409,0.303427,-0.239967,0.999885,0.43041,0.301684,-0.240091,0.99992,0.427157,0.305523,-0.282173,0.999919,0.421316,0.304691,-0.282645,0.999918,0.415399,0.304554,-0.282972,0.999941,0.395039,0.300634,-0.183542,0.999928,0.373844,0.300446,-0.372259,0.999799,0.419544,0.349291,-0.206719,0.999751,0.414016,0.348785,-0.265837,0.999735,0.360655,0.366695,-0.042516,0.999846,0.338972,0.384677,-0.436188,0.999733,0.508708,0.41893,0.003216,0.193229,0.507014,0.435597,-0.548762,0.903879,0.664982,0.412259,-0.088151,0.148387,0.671511,0.410031,-0.512188,0.912115,0.707644,0.41466,-0.098195,0.188542,0.716322,0.413274,-0.585543,0.91168,0.712015,0.408713,-0.158568,0.19461,0.719067,0.402303,-0.559488,0.913077,0.701058,0.40827,-0.116331,0.19449,0.706444,0.400887,-0.509987,0.889102,0.268467,0.554598,0.141674,0.999302,0.207352,0.578431,-0.141757,0.99936,0.49255,0.666172,0.079904,0.020638,0.488448,0.675471,-0.198031,0.866869,0.708151,0.817588,-0.021165,0.047839,0.707769,0.835655,-0.273796,0.921545,0.725123,0.866099,-0.036638,0.110857,0.734064,0.887705,-0.281839,0.933331,0.809904,0.784701,-0.132644,0.090948,0.829899,0.795311,-0.395003,0.91764
subject07_right_bad_slouch_var1.jpg,subject07,right,bad,slouch,var1,0.634052,0.220641,0.00856,0.999964,0.625441,0.196821,0.029214,0.999958,0.62134,0.19503,0.028481,0.999968,0.615945,0.193135,0.028402,0.999979,0.623921,0.196736,-0.051397,0.999968,0.619405,0.195222,-0.051947,0.999974,0.612648,0.193224,-0.052126,0.999976,0.564641,0.189089,0.14795,0.999988,0.558487,0.188467,-0.206101,0.999946,0.602123,0.236243,0.06726,0.999941,0.598845,0.235676,-0.040953,0.999931,0.465799,0.286964,0.326395,0.999982,0.426102,0.29381,-0.35632,0.999954,0.555062,0.404235,0.386647,0.160354,0.558457,0.445621,-0.385833,0.975255,0.728341,0.417158,0.182272,0.268825,0.739151,0.418942,-0.140079,0.931396,0.775524,0.428974,0.17026,0.340331,0.786309,0.429664,-0.181112,0.934387,0.777717,0.412196,0.108204,0.351234,0.787274,0.406535,-0.155392,0.937246,0.762669,0.407177,0.149993,0.336976,0.771735,0.403832,-0.129341,0.918086,0.378914,0.54136,0.2116,0.999947,0.332028,0.574353,-0.212104,0.999949,0.720072,0.573907,0.177302,0.113268,0.719349,0.606076,-0.275812,0.977327,0.703835,0.825672,0.232751,0.320168,0.692077,0.861289,-0.128728,0.984136,0.668638,0.863103,0.231472,0.528027,0.657487,0.9088,-0.103648,0.984869,0.832901,0.858113,0.17741,0.60408,0.860068,0.893472,-0.096715,0.987039
subject07_right_bad_slouch_var2.jpg,subject07,right,bad,slouch,var2,0.554986,0.234865,-0.000864,0.999726,0.547918,0.212995,0.013621,0.999571,0.54172,0.210883,0.012954,0.999708,0.534427,0.208607,0.012769,0.999803,0.546842,0.212887,-0.064975,0.99968,0.540403,0.211031,-0.065534,0.999776,0.533915,0.209213,-0.065803,0.999793,0.47868,0.202675,0.131925,0.999932,0.478981,0.204929,-0.214313,0.999749,0.52618,0.250179,0.05974,0.999806,0.52467,0.250343,-0.0454,0.999819,0.401165,0.319807,0.345062,0.999989,0.359523,0.321605,-0.34338,0.99998,0.483512,0.448476,0.405672,0.259536,0.459618,0.49765,-0.390169,0.997026,0.661204,0.446918,0.211375,0.36987,0.669928,0.459202,-0.237163,0.994725,0.729961,0.45894,0.190909,0.460996,0.736099,0.47262,-0.290396,0.994326,0.74108,0.440434,0.133958,0.471191,0.737712,0.446564,-0.256906,0.994822,0.712577,0.435389,0.180823,0.452783,0.71578,0.439812,-0.223284,0.992282,0.371311,0.573737,0.214837,0.999955,0.331084,0.601995,-0.215395,0.99997,0.722533,0.595809,0.237091,0.222313,0.721635,0.616825,-0.257268,0.997343,0.71757,0.832773,0.320565,0.651905,0.717553,0.863297,-0.082788,0.99836,0.674852,0.87137,0.322303,0.807114,0.675512,0.907801,-0.053739,0.998442,0.855823,0.863567,0.249693,0.850827,0.880553,0.894665,-0.066583,0.998713
subject08_right_bad_asymmetricalLean_var1.jpg,subject08,right,bad,asymmetricalLean,var1,0.419022,0.208573,0.001394,0.99989,0.433157,0.184985,-0.021291,0.999856,0.437983,0.185458,-0.021633,0.999805,0.443415,0.186607,-0.021628,0.999889,0.430463,0.18402,0.038667,0.999901,0.432462,0.183508,0.038136,0.999907,0.434571,0.182938,0.037808,0.999938,0.476921,0.199112,-0.076783,0.999944,0.469547,0.198384,0.193909,0.999902,0.432604,0.231738,-0.016382,0.999943,0.426211,0.230548,0.059278,0.999896,0.59253,0.308573,-0.196801,0.999991,0.463153,0.337053,0.310208,0.999936,0.581545,0.491285,-0.348522,0.9346,0.368833,0.44916,0.059669,0.439232,0.449631,0.563392,-0.323225,0.844725,0.429889,0.281459,-0.338694,0.760647,0.427877,0.586777,-0.355745,0.808293,0.449166,0.241138,-0.405212,0.710757,0.415542,0.578278,-0.333726,0.799173,0.451835,0.236594,-0.370103,0.673898,0.425208,0.569836,-0.306872,0.701914,0.449971,0.252158,-0.339881,0.591734,0.603886,0.616995,-0.172106,0.999767,0.521449,0.603003,0.171777,0.999853,0.339814,0.66187,-0.201733,0.157465,0.306221,0.63742,-0.018243,0.022518,0.309268,0.915632,-0.172154,0.393192,0.272521,0.903112,-0.100939,0.039957,0.343147,0.95669,-0.174169,0.465992,0.314412,0.946542,-0.114008,0.1037,0.195981,0.976917,-0.298447,0.55537,0.179445,0.970884,-0.228605,0.096864
subject08_right_bad_asymmetricalLean_var2.jpg,subject08,right,bad,asymmetricalLean,var2,0.361402,0.168967,-0.068352,0.999927,0.374737,0.147266,-0.093435,0.999927,0.37961,0.148138,-0.093713,0.999899,0.384193,0.148717,-0.093675,0.999952,0.373097,0.145534,-0.041054,0.999937,0.375498,0.145307,-0.04161,0.999927,0.378154,0.14506,-0.041951,0.999959,0.421055,0.159068,-0.150872,0.999969,0.412608,0.158203,0.088638,0.999934,0.377904,0.195011,-0.084027,0.999951,0.374618,0.193209,-0.017634,0.999892,0.531927,0.258188,-0.236856,0.999989,0.436135,0.304954,0.215547,0.999829,0.54103,0.435473,-0.354272,0.929849,0.321535,0.385928,0.134256,0.414052,0.433937,0.529398,-0.326345,0.822376,0.383296,0.233708,-0.008361,0.23684,0.405017,0.561196,-0.356764,0.734454,0.402083,0.194516,-0.033716,0.143728,0.395475,0.55378,-0.338908,0.725462,0.403593,0.191339,-0.007839,0.124517,0.405684,0.543543,-0.313016,0.616321,0.403761,0.205147,-0.005323,0.094252,0.585779,0.565717,-0.161244,0.999837,0.521366,0.56052,0.161058,0.999869,0.329451,0.580873,-0.199774,0.264821,0.314754,0.622509,-0.009298,0.043542,0.313057,0.849948,-0.20124,0.633128,0.285921,0.853537,-0.07959,0.053257,0.344727,0.895839,-0.205827,0.697106,0.317382,0.903672,-0.0888,0.133292,0.211407,0.91953,-0.321161,0.752321,0.195012,0.916115,-0.177764,0.147395
subject08_right_bad_forwardHead_var1.jpg,subject08,right,bad,forwardHead,var1,0.43695,0.214122,-0.007526,0.999757,0.444968,0.186622,-0.05378,0.999719,0.450186,0.18669,-0.054156,0.999614,0.455477,0.187109,-0.05411,0.999749,0.442739,0.185217,0.01825,0.999865,0.445937,0.184399,0.017576,0.999885,0.449494,0.183536,0.017162,0.999938,0.491742,0.191874,-0.169952,0.999888,0.490383,0.191865,0.152489,0.999905,0.455484,0.237629,-0.042007,0.999892,0.453632,0.238373,0.048,0.999843,0.610546,0.273191,-0.287691,0.999986,0.569561,0.304932,0.327078,0.999941,0.598288,0.464111,-0.289247,0.933041,0.571021,0.48314,0.272396,0.012441,0.458553,0.434121,-0.066793,0.774837,0.470332,0.468955,-0.089671,0.062984,0.416268,0.432906,-0.070601,0.677979,0.432467,0.470882,-0.138101,0.107442,0.414827,0.417658,-0.062888,0.65615,0.423541,0.456159,-0.160998,0.107055,0.429337,0.421601,-0.050965,0.579056,0.440551,0.459543,-0.114621,0.094588,0.719936,0.610834,-0.188845,0.999795,0.67746,0.591125,0.188741,0.999839,0.435278,0.632416,-0.19477,0.675937,0.437177,0.629012,0.125017,0.034317,0.421148,0.897627,-0.024599,0.525363,0.405743,0.878204,0.168525,0.028978,0.457484,0.946239,-0.006701,0.546964,0.442678,0.930574,0.171408,0.070484,0.303191,0.959721,-0.04827,0.619035,0.303025,0.948968,0.130481,0.067816
subject08_right_bad_forwardHead_var2.jpg,subject08,right,bad,forwardHead,var2,0.413391,0.189118,-0.017347,0.999917,0.426367,0.163822,-0.068762,0.999924,0.43036,0.164113,-0.069073,0.999903,0.434213,0.164397,-0.068955,0.999945,0.42462,0.162485,-0.007447,0.999939,0.427297,0.161596,-0.00811,0.999934,0.42997,0.160481,-0.008401,0.999961,0.469628,0.171712,-0.215083,0.999974,0.466362,0.168235,0.062291,0.999963,0.42981,0.21241,-0.059371,0.999945,0.426278,0.212437,0.017639,0.999902,0.572712,0.267855,-0.312996,0.999976,0.534683,0.276626,0.231345,0.99988,0.527804,0.458802,-0.279678,0.868161,0.463053,0.397985,0.395172,0.066392,0.409927,0.416052,0.003123,0.780761,0.448978,0.261503,0.472958,0.10226,0.371363,0.423176,0.009245,0.711831,0.45007,0.22365,0.491589,0.112884,0.374762,0.413131,0.023003,0.693815,0.455331,0.215179,0.496919,0.100987,0.389946,0.412183,0.021387,0.612759,0.462175,0.232341,0.472716,0.092342,0.684981,0.573623,-0.173128,0.99938,0.654974,0.558212,0.172954,0.999519,0.431751,0.626989,-0.099962,0.347696,0.4479,0.622524,0.160892,0.058309,0.416385,0.866328,0.066842,0.444897,0.406622,0.849418,0.214354,0.0449,0.454891,0.914234,0.085832,0.465942,0.446707,0.895996,0.222798,0.091738,0.306848,0.942772,0.082713,0.500395,0.309429,0.931572,0.236012,0.089188
subject08_right_bad_slidingDown_var1.jpg,subject08,right,bad,slidingDown,var1,0.727592,0.190574,0.010707,0.999984,0.746706,0.168742,-0.028083,0.99997,0.751284,0.17024,-0.028285,0.999962,0.755813,0.171543,-0.028194,0.999974,0.744068,0.166428,0.030356,0.99998,0.746936,0.16574,0.029767,0.99998,0.749818,0.16458,0.029508,0.999989,0.795658,0.190891,-0.122158,0.999984,0.78934,0.187277,0.139561,0.999984,0.734835,0.221848,-0.014795,0.999984,0.730357,0.218573,0.057099,0.999972,0.818848,0.345641,-0.264884,0.999997,0.762925,0.343498,0.312488,0.999968,0.686496,0.514708,-0.322816,0.993076,0.63108,0.446125,0.378018,0.064368,0.522207,0.533878,-0.199944,0.958519,0.528491,0.506648,0.259858,0.06084,0.485262,0.552698,-0.226163,0.928659,0.486657,0.538806,0.242915,0.068848,0.49431,0.531513,-0.215146,0.92584,0.500168,0.526677,0.20792,0.065254,0.510828,0.5255,-0.187428,0.899262,0.518446,0.516205,0.236588,0.063166,0.649782,0.650896,-0.175956,0.999987,0.63899,0.61697,0.175709,0.999986,0.312693,0.637604,-0.212301,0.824201,0.319398,0.633475,0.110028,0.087479,0.260795,0.913309,-0.018366,0.70816,0.242742,0.889501,0.223649,0.050366,0.29402,0.96358,0.002144,0.697809,0.279921,0.945281,0.232667,0.090263,0.14045,0.966039,-0.018455,0.798548,0.132184,0.953406,0.192724,0.102842
subject08_right_bad_slidingDown_var2.jpg,subject08,right,bad,slidingDown,var2,0.764856,0.209652,-0.019397,0.999954,0.78099,0.18789,-0.057927,0.999921,0.785233,0.188504,-0.058301,0.9999,0.790818,0.188877,-0.058164,0.999941,0.778687,0.185686,-0.003659,0.999961,0.780761,0.184882,-0.004356,0.999967,0.782923,0.183477,-0.004676,0.999979,0.829059,0.199793,-0.154571,0.999954,0.823039,0.196447,0.091322,0.999956,0.776762,0.23882,-0.044242,0.999963,0.772227,0.238082,0.023614,0.999947,0.869801,0.344463,-0.274558,0.999996,0.813159,0.337411,0.251497,0.99998,0.753945,0.516481,-0.307391,0.958199,0.696316,0.448315,0.320085,0.075172,0.593962,0.560701,-0.212514,0.888307,0.621781,0.536055,0.192773,0.226543,0.565547,0.580554,-0.251206,0.857807,0.58517,0.568128,0.173489,0.248654,0.570314,0.564275,-0.25018,0.860687,0.592753,0.56086,0.120134,0.261258,0.583148,0.558292,-0.205759,0.807705,0.607176,0.552912,0.16403,0.23352,0.754245,0.637691,-0.16184,0.999946,0.712769,0.598715,0.161773,0.999954,0.464053,0.687685,-0.139507,0.418072,0.45678,0.684627,-0.025499,0.046478,0.208739,0.841406,-0.198265,0.330357,0.225944,0.836054,-0.171298,0.021357,0.188797,0.902144,-0.209382,0.505866,0.199881,0.901087,-0.189085,0.080325,0.082436,0.768687,-0.304804,0.434893,0.09852,0.777323,-0.274237,0.066264
subject08_right_bad_slouch_var1.jpg,subject08,right,bad,slouch,var1,0.435598,0.204854,0.055173,0.999921,0.445072,0.180486,0.01282,0.99991,0.450619,0.181051,0.012499,0.99989,0.456874,0.181939,0.012653,0.999918,0.442442,0.17898,0.07705,0.999944,0.44505,0.178346,0.076394,0.999952,0.448271,0.177475,0.076045,0.999969,0.496505,0.189961,-0.100726,0.999957,0.492289,0.187405,0.187684,0.999953,0.455242,0.232062,0.022538,0.999921,0.450133,0.233064,0.102393,0.999868,0.581644,0.284719,-0.226762,0.999987,0.579469,0.298494,0.345316,0.999868,0.504669,0.478752,-0.286432,0.967,0.543997,0.469743,0.354288,0.004966,0.362512,0.436432,-0.164159,0.936229,0.419044,0.471458,0.13981,0.017756,0.315679,0.43417,-0.187154,0.912479,0.395507,0.480094,0.111949,0.032071,0.316664,0.420197,-0.172756,0.908168,0.385805,0.467321,0.084883,0.031059,0.333059,0.423233,-0.149503,0.866379,0.398288,0.464367,0.117422,0.030627,0.639702,0.627617,-0.17065,0.999828,0.620086,0.605996,0.170377,0.999815,0.357135,0.634625,-0.103745,0.607856,0.385106,0.614169,0.173443,0.03266,0.34496,0.892193,-0.000328,0.533282,0.352228,0.866876,0.129614,0.030851,0.386135,0.935277,0.010694,0.642688,0.393268,0.918355,0.123685,0.094341,0.232212,0.960615,-0.019099,0.627441,0.255924,0.940554,0.087084,0.068743
subject08_right_bad_slouch_var2.jpg,subject08,right,bad,slouch,var2,0.645431,0.227754,0.226976,0.999977,0.658621,0.206388,0.208662,0.999973,0.665004,0.205873,0.208409,0.999958,0.670249,0.204737,0.208553,0.999972,0.654236,0.205277,0.264043,0.999983,0.656097,0.204297,0.263531,0.999981,0.658469,0.203002,0.263299,0.999987,0.703477,0.208335,0.164033,0.999978,0.699176,0.210922,0.411787,0.999972,0.65922,0.248384,0.213924,0.999978,0.652484,0.250468,0.282324,0.999959,0.779427,0.300845,-0.007433,0.999997,0.687037,0.33094,0.499316,0.999956,0.725303,0.437094,-0.206908,0.973839,0.624057,0.418212,0.343606,0.060125,0.561502,0.45265,-0.26042,0.928767,0.531814,0.459523,0.005492,0.15731,0.525298,0.486941,-0.305676,0.9285,0.503342,0.483515,-0.051442,0.221037,0.518133,0.485021,-0.290653,0.929646,0.513952,0.483865,-0.069806,0.214196,0.530282,0.477786,-0.250487,0.888841,0.522423,0.484681,-0.01755,0.196345,0.65057,0.580414,-0.163121,0.999984,0.597077,0.561971,0.162521,0.999984,0.373693,0.590765,-0.187236,0.881296,0.355067,0.570769,0.04583,0.221153,0.336811,0.85131,-0.148239,0.848059,0.317221,0.831471,0.07577,0.178322,0.368667,0.902332,-0.145276,0.803657,0.351882,0.889544,0.075401,0.296795,0.229644,0.91608,-0.222982,0.894467,0.219351,0.908193,0.006852,0.295414
subject09_right_bad_asymmetricalLean_var1.jpg,subject09,right,bad,asymmetricalLean,var1,0.431573,0.232275,0.021455,0.999982,0.414437,0.205994,0.056261,0.999966,0.413666,0.203794,0.055765,0.999969,0.413027,0.201291,0.055691,0.999981,0.406226,0.21079,0.021985,0.999967,0.401485,0.212144,0.02166,0.999969,0.396892,0.213155,0.021561,0.999964,0.384619,0.216837,0.200567,0.999992,0.357926,0.233034,0.050036,0.999898,0.438172,0.250602,0.077696,0.99998,0.424733,0.257312,0.03101,0.999959,0.482047,0.293269,0.253173,0.999996,0.296548,0.347679,-0.015985,0.999831,0.582762,0.430218,0.204336,0.983801,0.334777,0.495275,-0.338245,0.985602,0.660457,0.518678,-0.064186,0.994091,0.31496,0.298156,-0.618353,0.989421,0.702088,0.549166,-0.103272,0.988866,0.318806,0.254639,-0.689474,0.984366,0.686481,0.550345,-0.142507,0.98959,0.31373,0.246968,-0.683984,0.984241,0.666805,0.544896,-0.08666,0.987256,0.31554,0.260124,-0.626269,0.977272,0.555686,0.574813,0.109699,0.999916,0.446079,0.621216,-0.109889,0.999739,0.759605,0.608757,-0.366873,0.970469,0.625561,0.646639,-0.602106,0.978727,0.817351,0.935889,-0.437033,0.919135,0.697975,0.951215,-0.530919,0.919208,0.799449,0.97966,-0.453952,0.8332,0.673815,0.975507,-0.524275,0.709865,0.89668,1.019734,-0.64085,0.902544,0.777802,1.050414,-0.671615,0.885857
subject09_right_bad_asymmetricalLean_var2.jpg,subject09,right,bad,asymmetricalLean,var2,0.85635,0.312008,-0.037306,0.999896,0.855352,0.280566,-0.028742,0.999849,0.852326,0.277942,-0.029249,0.999874,0.849389,0.275936,-0.029256,0.999894,0.853255,0.279564,-0.080756,0.999894,0.849351,0.277477,-0.08121,0.999922,0.845192,0.275919,-0.081359,0.999909,0.812571,0.270193,0.063584,0.999957,0.806447,0.26969,-0.173399,0.999697,0.833516,0.3295,0.0088,0.999729,0.83072,0.328728,-0.063916,0.999528,0.693835,0.327492,0.184277,0.999922,0.709776,0.325483,-0.215902,0.999852,0.79989,0.436268,0.343884,0.097856,0.887475,0.411916,-0.200923,0.977537,0.808322,0.388653,0.444242,0.018058,0.83873,0.344931,0.012816,0.40278,0.816356,0.370596,0.454307,0.020808,0.836894,0.320259,-0.008235,0.503147,0.801266,0.363094,0.457547,0.020957,0.800807,0.313522,-0.053977,0.540841,0.800321,0.371996,0.445616,0.021783,0.801894,0.325444,-0.004363,0.576815,0.489017,0.594662,0.137435,0.99992,0.496349,0.595498,-0.138011,0.999903,0.742797,0.613649,0.167757,0.323006,0.757107,0.612911,-0.171506,0.992505,0.696992,0.880693,0.152655,0.726562,0.654044,0.899292,-0.155731,0.993361,0.66306,0.927896,0.145546,0.831242,0.614442,0.944429,-0.147793,0.992674,0.797346,0.935835,0.102198,0.863265,0.753259,0.95321,-0.164622,0.995597
subject09_right_bad_forwardHead_var1.jpg,subject09,right,bad,forwardHead,var1,0.707196,0.247274,-0.114588,0.999802,0.702835,0.215221,-0.097284,0.99976,0.699507,0.212268,-0.097766,0.999779,0.69552,0.209502,-0.09795,0.999861,0.700809,0.217503,-0.157948,0.99983,0.696748,0.216495,-0.158354,0.999826,0.691954,0.215202,-0.15856,0.999876,0.647601,0.204705,0.009975,0.999942,0.648107,0.208645,-0.257875,0.999792,0.684153,0.269638,-0.062486,0.999835,0.683508,0.268525,-0.143643,0.99985,0.543319,0.293882,0.163416,0.999976,0.513699,0.300596,-0.327875,0.999933,0.517595,0.501208,0.166925,0.218803,0.508499,0.522256,-0.373236,0.989082,0.696314,0.499824,-0.043994,0.259511,0.688502,0.494885,-0.245346,0.98392,0.739142,0.511275,-0.075287,0.320615,0.74179,0.50942,-0.283997,0.975098,0.745527,0.49113,-0.104604,0.317038,0.748111,0.473548,-0.266961,0.976471,0.728378,0.485387,-0.064403,0.301962,0.729411,0.469795,-0.237497,0.966797,0.434376,0.593928,0.157269,0.999767,0.408304,0.629932,-0.157729,0.9998,0.704413,0.628803,0.158129,0.117817,0.72335,0.651034,-0.204875,0.961531,0.660128,0.896121,0.302299,0.066284,0.693866,0.931179,-0.013411,0.880211,0.63715,0.937596,0.31507,0.143499,0.662267,0.972843,0.013652,0.919617,0.711398,0.923213,0.31155,0.09662,0.790699,0.965523,0.024384,0.888047
subject09_right_bad_forwardHead_var2.jpg,subject09,right,bad,forwardHead,var2,0.699375,0.218104,-0.056311,0.999482,0.689522,0.186268,-0.038157,0.99907,0.686436,0.184023,-0.038731,0.999463,0.683241,0.182062,-0.03888,0.999544,0.685876,0.188846,-0.103023,0.999123,0.681009,0.189106,-0.103405,0.999333,0.675531,0.189697,-0.10357,0.999137,0.635369,0.18991,0.060156,0.999911,0.630833,0.195187,-0.226698,0.998853,0.683901,0.242466,-0.01126,0.999678,0.67972,0.244237,-0.097607,0.999386,0.550689,0.294998,0.186375,0.999985,0.515764,0.310129,-0.324226,0.999671,0.660836,0.441521,0.122608,0.675923,0.647992,0.510026,-0.259452,0.995531,0.703726,0.467951,-0.227951,0.685415,0.704803,0.33197,0.015961,0.979962,0.746547,0.496755,-0.270032,0.65026,0.710557,0.282902,-0.002036,0.977614,0.734332,0.500386,-0.282786,0.640739,0.678698,0.270335,-0.032524,0.978596,0.715768,0.488823,-0.245037,0.648153,0.674719,0.293196,0.009641,0.975217,0.447576,0.617893,0.163454,0.999836,0.419903,0.65173,-0.16392,0.999556,0.71948,0.636659,0.189191,0.441715,0.727988,0.647501,-0.199138,0.962036,0.681504,0.935007,0.168033,0.335082,0.688483,0.958146,-0.058865,0.838319,0.65899,0.971156,0.162299,0.395983,0.65272,0.988637,-0.038999,0.839923,0.737624,1.017388,0.141864,0.39599,0.778298,1.041205,-0.010087,0.826179
subject09_right_bad_slidingDown_var1.jpg,subject09,right,bad,slidingDown,var1,0.294256,0.259573,0.130153,0.999984,0.287029,0.234982,0.147003,0.999982,0.284911,0.23408,0.146539,0.999981,0.282036,0.232811,0.146421,0.999987,0.283865,0.234672,0.091723,0.999986,0.278884,0.23359,0.09126,0.999987,0.27202,0.23228,0.09118,0.999988,0.243963,0.230143,0.246223,0.999996,0.234971,0.231082,0.000537,0.999987,0.28138,0.281945,0.178177,0.999988,0.276546,0.281438,0.103607,0.99999,0.23705,0.348074,0.359805,0.999995,0.17474,0.344621,-0.126514,0.999998,0.327486,0.484874,0.348362,0.730209,0.236569,0.505284,-0.28074,0.999712,0.444286,0.518814,0.091223,0.907823,0.413137,0.509369,-0.337572,0.999271,0.469064,0.557104,0.049061,0.919263,0.444977,0.546722,-0.394874,0.998766,0.468896,0.557486,0.008724,0.924957,0.455477,0.540845,-0.386025,0.99886,0.457369,0.54382,0.066564,0.910228,0.444084,0.526757,-0.335266,0.997903,0.348796,0.629907,0.141704,0.999981,0.306959,0.660849,-0.142288,0.999987,0.649565,0.637675,0.047142,0.728515,0.651952,0.649382,-0.203392,0.998198,0.761695,0.919949,-0.000179,0.632752,0.754379,0.933384,-0.178428,0.994886,0.740675,0.977909,-0.011307,0.661327,0.733433,0.987248,-0.169375,0.987801,0.884407,0.976393,-0.074674,0.764036,0.883901,0.986769,-0.19303,0.99237
subject09_right_bad_slidingDown_var2.jpg,subject09,right,bad,slidingDown,var2,0.237287,0.306379,0.229556,0.999998,0.230278,0.287499,0.250165,0.999998,0.227378,0.286308,0.249774,0.999998,0.224286,0.284654,0.249696,0.999999,0.2277,0.287311,0.199019,0.999999,0.224043,0.285795,0.198569,0.999999,0.219639,0.283824,0.198522,0.999999,0.197032,0.284962,0.336812,0.999999,0.189506,0.286367,0.107981,0.999999,0.227151,0.32521,0.270163,0.999999,0.224426,0.324811,0.200579,0.999999,0.196403,0.386818,0.415108,0.999999,0.13839,0.376199,-0.054236,1.0,0.263337,0.499251,0.417465,0.642783,0.200506,0.495072,-0.275121,0.999833,0.384036,0.510654,0.256774,0.818403,0.352662,0.492296,-0.374113,0.999685,0.406956,0.538121,0.23871,0.822437,0.383241,0.526407,-0.432959,0.999362,0.406246,0.537344,0.201939,0.829598,0.395682,0.52003,-0.415436,0.999377,0.397507,0.528623,0.236793,0.798191,0.387439,0.510328,-0.370553,0.998792,0.312379,0.638933,0.133742,0.999996,0.271496,0.648247,-0.134392,0.999998,0.572531,0.653861,0.065233,0.688104,0.570684,0.669326,-0.187124,0.999531,0.810729,0.820543,-0.049253,0.641515,0.791209,0.853177,-0.213749,0.997393,0.821579,0.865057,-0.068934,0.722268,0.800506,0.896449,-0.212459,0.997099,0.884548,0.807089,-0.162184,0.78514,0.884396,0.82727,-0.268216,0.995741
subject09_right_bad_slouch_var1.jpg,subject09,right,bad,slouch,var1,0.615428,0.220874,-0.000843,0.999748,0.613524,0.190861,0.008451,0.99969,0.610394,0.18877,0.007826,0.999753,0.607185,0.186595,0.007689,0.999848,0.60932,0.190907,-0.048861,0.999744,0.602694,0.188739,-0.049296,0.999784,0.597129,0.186562,-0.049476,0.999811,0.566533,0.180807,0.101338,0.999938,0.557578,0.179896,-0.151567,0.999642,0.589342,0.243296,0.048141,0.999672,0.586775,0.241425,-0.029252,0.99964,0.50612,0.294321,0.241651,0.99998,0.443668,0.293183,-0.24176,0.999919,0.574449,0.465146,0.281227,0.241047,0.546266,0.500739,-0.33547,0.964681,0.733857,0.463526,0.118331,0.393252,0.732974,0.461538,-0.280443,0.940865,0.781646,0.470739,0.093033,0.472823,0.788675,0.475905,-0.333792,0.938326,0.785602,0.45388,0.050347,0.49427,0.792226,0.446027,-0.309597,0.946554,0.767116,0.449161,0.094476,0.474421,0.770633,0.439768,-0.273519,0.926547,0.472985,0.617364,0.152332,0.999833,0.42974,0.659893,-0.152869,0.999817,0.765287,0.584405,0.126152,0.074032,0.772056,0.613752,-0.226978,0.904966,0.708787,0.883764,0.257071,0.103931,0.699842,0.913405,-0.004449,0.898112,0.671844,0.934125,0.2687,0.217792,0.652619,0.970095,0.030048,0.911044,0.800932,0.937046,0.257463,0.248877,0.81935,0.96645,0.070277,0.937088
subject09_right_bad_slouch_var2.jpg,subject09,right,bad,slouch,var2,0.591761,0.225651,-0.032487,0.999862,0.598096,0.201937,-0.021457,0.999803,0.595376,0.199418,-0.021981,0.999775,0.592881,0.196186,-0.022048,0.999861,0.596103,0.201301,-0.077657,0.999869,0.591991,0.198458,-0.078061,0.999874,0.588411,0.194655,-0.078181,0.999905,0.561821,0.177046,0.069628,0.999944,0.556924,0.175682,-0.180846,0.999855,0.568294,0.239754,0.015213,0.999848,0.567105,0.238532,-0.060766,0.999891,0.479258,0.269159,0.224848,0.999986,0.453574,0.273694,-0.278322,0.999995,0.478042,0.478589,0.311276,0.159033,0.465693,0.492125,-0.366489,0.998211,0.531005,0.639413,0.233175,0.309079,0.527033,0.693766,-0.347016,0.996929,0.546809,0.687511,0.214982,0.333014,0.522054,0.755201,-0.404953,0.993604,0.551923,0.703042,0.16558,0.336848,0.552981,0.758246,-0.410945,0.994642,0.543865,0.688297,0.210241,0.301972,0.557682,0.741368,-0.350283,0.991332,0.457559,0.605398,0.165906,0.999985,0.434922,0.638184,-0.166661,0.999991,0.775583,0.585662,0.190048,0.381979,0.768767,0.58974,-0.224058,0.985723,0.71833,0.871055,0.23221,0.56772,0.706664,0.89264,-0.050038,0.978727,0.672489,0.916779,0.232054,0.630826,0.664745,0.942137,-0.023251,0.962918,0.831896,0.936621,0.213038,0.759194,0.835595,0.956132,0.010526,0.986281
subject10_right_bad_asymmetricalLean_var1.jpg,subject10,right,bad,asymmetricalLean,var1,0.463706,0.193444,-0.1534,0.999721,0.443549,0.171105,-0.135563,0.999625,0.440882,0.170154,-0.136254,0.999618,0.438146,0.16892,-0.136325,0.999773,0.435267,0.172542,-0.204634,0.999724,0.427964,0.173387,-0.205271,0.99975,0.419761,0.174275,-0.20546,0.999828,0.38446,0.184387,-0.007297,0.999821,0.370624,0.18649,-0.313697,0.999564,0.450601,0.216648,-0.088991,0.999306,0.443714,0.215662,-0.182203,0.999457,0.373438,0.300881,0.211301,0.999935,0.324908,0.310883,-0.430333,0.999948,0.467606,0.45325,0.290578,0.071662,0.475133,0.458636,-0.485337,0.951688,0.61196,0.463072,0.062223,0.124535,0.689669,0.449582,-0.395611,0.925997,0.674617,0.465924,0.032326,0.186542,0.750425,0.452816,-0.456393,0.911228,0.684522,0.452398,-0.035471,0.199214,0.757665,0.436552,-0.444712,0.913711,0.67977,0.456873,0.027354,0.184192,0.734429,0.435256,-0.388874,0.859242,0.474944,0.567726,0.193916,0.999785,0.435875,0.582127,-0.194246,0.999806,0.707417,0.617696,0.169433,0.096492,0.712809,0.620998,-0.326794,0.528138,0.742446,0.829741,0.192287,0.105458,0.734096,0.854435,-0.102206,0.503975,0.726471,0.863652,0.186277,0.170412,0.703212,0.899769,-0.074545,0.405104,0.81233,0.854147,0.123747,0.209685,0.891323,0.872573,-0.104329,0.546135
subject10_right_bad_asymmetricalLean_var2.jpg,subject10,right,bad,asymmetricalLean,var2,0.512152,0.183448,-0.239916,0.999933,0.497809,0.164301,-0.222013,0.999895,0.49546,0.163605,-0.222645,0.999915,0.49316,0.1629,-0.222727,0.99994,0.490746,0.165884,-0.291785,0.999919,0.483305,0.166612,-0.292333,0.999938,0.47504,0.167547,-0.292511,0.99994,0.443026,0.175455,-0.089793,0.999969,0.424611,0.178334,-0.398343,0.999904,0.499985,0.204912,-0.175907,0.999848,0.491532,0.205228,-0.269366,0.999879,0.420987,0.279211,0.136747,0.999977,0.373057,0.281622,-0.518955,0.999962,0.484901,0.418336,0.190055,0.131496,0.478055,0.425692,-0.644083,0.993952,0.648609,0.443724,-0.022036,0.152684,0.705934,0.427573,-0.615825,0.980952,0.683277,0.460374,-0.048378,0.247893,0.776486,0.430864,-0.698464,0.976434,0.695382,0.451539,-0.121399,0.261626,0.774922,0.419451,-0.665707,0.977089,0.68243,0.45122,-0.05792,0.250686,0.752465,0.419084,-0.60495,0.959008,0.471478,0.540761,0.188814,0.999935,0.39317,0.552417,-0.189075,0.999948,0.733943,0.613117,0.105888,0.551701,0.65989,0.646137,-0.26121,0.968489,0.764633,0.847924,0.050299,0.81264,0.625908,0.868667,-0.069898,0.976841,0.740398,0.878183,0.035845,0.841906,0.587931,0.899344,-0.044436,0.95908,0.894754,0.871935,-0.080309,0.898969,0.736926,0.906635,-0.085447,0.975842
subject10_right_bad_forwardHead_var1.jpg,subject10,right,bad,forwardHead,var1,0.656456,0.222192,-0.146381,0.99984,0.647409,0.199562,-0.120786,0.999801,0.644369,0.198242,-0.121483,0.999841,0.641353,0.196958,-0.121592,0.999899,0.642587,0.200401,-0.191685,0.999806,0.636477,0.199451,-0.192077,0.999821,0.628938,0.198116,-0.19226,0.999854,0.58585,0.199129,0.009708,0.999955,0.573243,0.197739,-0.301319,0.999751,0.633991,0.239715,-0.085441,0.999808,0.630814,0.238988,-0.180066,0.999789,0.501294,0.295108,0.197389,0.999982,0.440548,0.27234,-0.427438,0.999937,0.470521,0.451932,0.240264,0.103681,0.430275,0.45911,-0.531579,0.986728,0.50156,0.575719,-0.029019,0.129969,0.640381,0.416586,-0.412954,0.962577,0.512104,0.609068,-0.060039,0.168038,0.712564,0.431239,-0.469441,0.93909,0.52078,0.599705,-0.119049,0.168307,0.716746,0.410453,-0.43876,0.937774,0.513079,0.588057,-0.059274,0.157477,0.689365,0.404037,-0.398929,0.893067,0.408978,0.532714,0.196691,0.99985,0.327533,0.551988,-0.197023,0.999826,0.687511,0.594548,0.023099,0.650527,0.594557,0.636766,-0.30603,0.941926,0.696158,0.848129,0.051325,0.68568,0.505383,0.854163,-0.066247,0.900048,0.676402,0.888563,0.045232,0.705203,0.390414,0.878601,-0.03558,0.768492,0.843219,0.8768,-0.04858,0.802844,0.590508,0.909475,-0.067037,0.898114
subject10_right_bad_forwardHead_var2.jpg,subject10,right,bad,forwardHead,var2,0.647147,0.183929,-0.084542,0.999605,0.636431,0.161025,-0.066883,0.999223,0.632353,0.159599,-0.067431,0.999418,0.628021,0.158385,-0.067528,0.999625,0.632849,0.161321,-0.138654,0.999451,0.627455,0.160752,-0.139135,0.999497,0.621201,0.160421,-0.139261,0.999504,0.575311,0.164697,0.037407,0.999866,0.565621,0.167009,-0.276345,0.999321,0.632485,0.201635,-0.034085,0.999769,0.626353,0.202086,-0.128761,0.999696,0.54311,0.269904,0.198419,0.99999,0.450371,0.258744,-0.383107,0.999892,0.643001,0.370255,0.208034,0.256106,0.619811,0.389396,-0.351123,0.992124,0.740203,0.378021,-0.090987,0.460918,0.663363,0.273923,-0.086055,0.984653,0.788201,0.388928,-0.119096,0.52747,0.659516,0.241418,-0.108033,0.981616,0.800679,0.386677,-0.161319,0.545753,0.633918,0.23818,-0.126842,0.980421,0.778757,0.384981,-0.118579,0.549978,0.629442,0.250957,-0.088945,0.963923,0.474314,0.486826,0.142216,0.999959,0.38898,0.510385,-0.142631,0.999913,0.723634,0.594887,-0.098423,0.611385,0.425675,0.689404,-0.040863,0.808711,0.753846,0.830861,-0.160101,0.706798,0.400425,0.846438,0.300958,0.667517,0.736874,0.856556,-0.175449,0.636609,0.401422,0.866489,0.335983,0.466616,0.88026,0.862118,-0.286835,0.805902,0.408659,0.902508,0.32197,0.60959
subject10_right_bad_slidingDown_var1.jpg,subject10,right,bad,slidingDown,var1,0.25309,0.329761,0.004777,0.999999,0.251108,0.310511,0.020355,0.999999,0.250667,0.308585,0.019973,0.999999,0.249873,0.306362,0.019848,0.999999,0.245204,0.310731,-0.023728,0.999999,0.24018,0.309312,-0.024026,0.999999,0.23457,0.307536,-0.02406,0.999999,0.213872,0.302165,0.114031,1.0,0.19787,0.303775,-0.084219,0.999998,0.243102,0.34597,0.049502,0.999997,0.235199,0.344797,-0.010769,0.999997,0.205653,0.393083,0.211521,0.999998,0.131848,0.385491,-0.170454,0.999997,0.300452,0.483555,0.255301,0.858187,0.244943,0.488498,-0.278087,0.997122,0.42143,0.5304,0.15337,0.890775,0.375512,0.528943,-0.279876,0.995322,0.452188,0.551074,0.139752,0.86759,0.404477,0.545446,-0.323643,0.992913,0.455046,0.551103,0.096901,0.88131,0.417711,0.541424,-0.320187,0.994057,0.443446,0.547372,0.132204,0.875602,0.403495,0.534992,-0.280071,0.991221,0.257104,0.612824,0.115671,0.999968,0.204432,0.635832,-0.116024,0.999961,0.464689,0.634744,0.05937,0.399636,0.443048,0.651676,-0.155707,0.991192,0.601755,0.820036,-0.002788,0.275297,0.629443,0.814493,-0.141088,0.981148,0.609102,0.858652,-0.015047,0.314813,0.642558,0.856474,-0.137358,0.976917,0.662781,0.838699,-0.093784,0.471606,0.719008,0.802479,-0.194219,0.98197
subject10_right_bad_slidingDown_var2.jpg,subject10,right,bad,slidingDown,var2,0.454117,0.318893,-0.052253,0.99999,0.452172,0.294855,-0.046644,0.999989,0.450492,0.292966,-0.04712,0.999987,0.448779,0.290487,-0.047252,0.999992,0.447412,0.295382,-0.092336,0.999991,0.441389,0.29395,-0.09267,0.99999,0.434688,0.292483,-0.092739,0.999993,0.405262,0.285866,0.00099,0.999992,0.390083,0.292033,-0.200136,0.999974,0.439807,0.336848,-0.021776,0.999967,0.433727,0.33592,-0.083807,0.999965,0.348106,0.362233,0.093466,0.999983,0.354062,0.362538,-0.28981,0.999968,0.476159,0.411792,0.103374,0.352513,0.500628,0.414657,-0.406536,0.957727,0.6297,0.412286,-0.022268,0.324396,0.654926,0.404463,-0.367948,0.954604,0.668928,0.410167,-0.032761,0.355444,0.693335,0.402088,-0.418556,0.944134,0.681717,0.391052,-0.076901,0.351455,0.698632,0.397966,-0.393637,0.941784,0.65802,0.40759,-0.044228,0.330886,0.687665,0.403309,-0.361348,0.915296,0.292565,0.604555,0.10597,0.999816,0.278816,0.612118,-0.10618,0.999815,0.496626,0.710007,0.088482,0.125977,0.503178,0.684387,-0.173762,0.905669,0.685573,0.834615,0.021361,0.091625,0.719956,0.814346,-0.176807,0.859191,0.72474,0.850181,0.008914,0.19681,0.727579,0.862065,-0.176193,0.899798,0.751172,0.776745,-0.053152,0.175589,0.773208,0.79333,-0.234966,0.847415
subject10_right_bad_slouch_var1.jpg,subject10,right,bad,slouch,var1,0.614863,0.213209,-0.095824,0.999782,0.598826,0.188823,-0.079035,0.999784,0.595179,0.187937,-0.07968,0.999792,0.591176,0.187371,-0.07983,0.999863,0.595417,0.189183,-0.149599,0.999791,0.590472,0.189011,-0.150143,0.999782,0.583907,0.188781,-0.150381,0.999835,0.533485,0.196171,0.028336,0.999954,0.52902,0.198094,-0.281826,0.999814,0.596806,0.23125,-0.040742,0.999829,0.592073,0.232126,-0.135177,0.999827,0.441036,0.300617,0.221911,0.999974,0.43365,0.304138,-0.398111,0.999965,0.419025,0.477963,0.258571,0.120156,0.424106,0.483973,-0.465084,0.991294,0.514473,0.601219,0.056907,0.107531,0.622945,0.525928,-0.317058,0.977831,0.537098,0.637094,0.033218,0.149215,0.686995,0.539621,-0.366518,0.970618,0.550515,0.631442,-0.026869,0.146516,0.703899,0.533608,-0.339728,0.97148,0.540549,0.619978,0.026933,0.135311,0.685812,0.529237,-0.30318,0.960742,0.404752,0.586137,0.193946,0.999898,0.384091,0.596256,-0.194634,0.999922,0.701787,0.637125,0.294635,0.511366,0.724434,0.606827,-0.210762,0.994923,0.735906,0.865831,0.361172,0.706268,0.732965,0.848222,0.050229,0.991415,0.716267,0.903195,0.360946,0.642513,0.694281,0.889629,0.088227,0.985629,0.79007,0.906293,0.326157,0.738525,0.83761,0.891637,0.131932,0.990624
subject10_right_bad_slouch_var2.jpg,subject10,right,bad,slouch,var2,0.605143,0.212386,-0.143913,0.999326,0.594298,0.19057,-0.119298,0.999023,0.591444,0.189665,-0.119923,0.999061,0.58833,0.188653,-0.119972,0.999441,0.588859,0.190789,-0.192797,0.999223,0.582202,0.190478,-0.193245,0.999212,0.574527,0.190021,-0.19343,0.999416,0.536729,0.193181,0.012576,0.999689,0.522129,0.192319,-0.31059,0.999149,0.581756,0.231114,-0.082458,0.998971,0.575503,0.230537,-0.180061,0.999102,0.456251,0.292555,0.221395,0.999925,0.4119,0.281161,-0.443417,0.999847,0.451566,0.446542,0.235866,0.029109,0.460807,0.452751,-0.499364,0.979731,0.540414,0.531288,-0.07371,0.046129,0.638324,0.416676,-0.32007,0.944687,0.565523,0.55684,-0.110567,0.084681,0.707715,0.421093,-0.369794,0.920412,0.577801,0.548679,-0.168974,0.085636,0.717867,0.40123,-0.34468,0.91754,0.565648,0.540276,-0.106755,0.081122,0.690209,0.396885,-0.306927,0.856115,0.402124,0.554715,0.197787,0.999804,0.327859,0.553617,-0.198129,0.999807,0.653796,0.652385,0.240944,0.456686,0.542055,0.684422,-0.234218,0.952207,0.69692,0.86779,0.293869,0.773278,0.393797,0.853657,0.092219,0.925667,0.684992,0.896468,0.289014,0.735135,0.288186,0.868691,0.132461,0.766631,0.848715,0.879018,0.20371,0.836402,0.450753,0.912643,0.127115,0.908381
subject01_right_good_armrests_var1.jpg,subject01,right,good,armrests,var1,0.389966,0.171846,-0.225559,0.999959,0.36906,0.151145,-0.2038,0.99995,0.366099,0.150184,-0.204675,0.999953,0.362503,0.149365,-0.204773,0.999973,0.365146,0.151932,-0.287231,0.999961,0.357474,0.152418,-0.287989,0.999962,0.346539,0.15338,-0.288177,0.99997,0.302948,0.162607,-0.063126,0.999987,0.290812,0.165569,-0.43188,0.999938,0.376874,0.195157,-0.157279,0.999949,0.369949,0.195831,-0.268829,0.999957,0.279069,0.293841,0.205207,0.999992,0.232208,0.31131,-0.579374,0.999994,0.332877,0.446673,0.327215,0.207892,0.28382,0.505883,-0.629326,0.998063,0.507121,0.453154,0.102426,0.496418,0.533032,0.51271,-0.532918,0.996316,0.553046,0.46804,0.063728,0.624787,0.585941,0.532167,-0.611774,0.994177,0.556056,0.464324,-0.004323,0.629227,0.599197,0.522041,-0.60441,0.994314,0.538182,0.458397,0.067185,0.592879,0.585221,0.515124,-0.528729,0.989509,0.340547,0.56234,0.263326,0.999981,0.305422,0.603179,-0.263643,0.999987,0.714604,0.580982,0.489579,0.340574,0.746676,0.612911,-0.298343,0.975705,0.6668,0.78547,0.595707,0.522356,0.718097,0.841722,0.05316,0.969477,0.615108,0.81199,0.599367,0.687291,0.666626,0.88124,0.102258,0.946943,0.817209,0.814116,0.623496,0.696108,0.896811,0.88253,0.169303,0.968284
subject01_right_good_focus_var1.jpg,subject01,right,good,focus,var1,0.457678,0.17429,-0.187818,0.999971,0.433445,0.15086,-0.179771,0.999954,0.42834,0.150302,-0.180661,0.999968,0.422444,0.150133,-0.180776,0.999976,0.431137,0.150619,-0.259679,0.999962,0.425135,0.150108,-0.260492,0.999975,0.416975,0.14991,-0.260754,0.999975,0.368736,0.159163,-0.06986,0.999992,0.362474,0.159699,-0.424618,0.999964,0.436443,0.193908,-0.127085,0.99995,0.433511,0.195295,-0.235335,0.999957,0.329955,0.294517,0.192403,0.999994,0.300151,0.303773,-0.542527,0.999995,0.462634,0.415435,0.487178,0.430747,0.453618,0.465957,-0.640125,0.998576,0.660714,0.415333,0.586539,0.750157,0.729179,0.460419,-0.584482,0.999153,0.71554,0.420918,0.616895,0.772996,0.816825,0.473324,-0.676389,0.998857,0.737953,0.412401,0.518959,0.781796,0.812513,0.450397,-0.626037,0.998893,0.718919,0.412931,0.550149,0.771681,0.78691,0.443353,-0.568049,0.997969,0.378777,0.560406,0.232435,0.999941,0.340525,0.601165,-0.232704,0.999961,0.713991,0.571076,0.415664,0.174018,0.752963,0.624854,-0.264805,0.973227,0.692154,0.792547,0.544731,0.351648,0.75719,0.839129,0.071587,0.980891,0.640933,0.828341,0.553522,0.538528,0.712346,0.884747,0.121807,0.9824,0.813006,0.83378,0.595965,0.642525,0.916946,0.884191,0.230481,0.98576
subject01_right_good_recline_var1.jpg,subject01,right,good,recline,var1,0.428976,0.203446,-0.039834,0.999984,0.411926,0.181909,-0.029745,0.999973,0.407745,0.181231,-0.030495,0.99998,0.404108,0.180541,-0.030603,0.999984,0.404565,0.181344,-0.112103,0.999977,0.396647,0.181261,-0.112841,0.999985,0.388636,0.181191,-0.112972,0.999985,0.344553,0.187465,0.088864,0.999995,0.333453,0.187556,-0.275215,0.999981,0.411331,0.225831,0.025227,0.999965,0.401717,0.224587,-0.085485,0.999972,0.291862,0.319298,0.346991,0.999995,0.25654,0.316573,-0.429581,0.999997,0.406681,0.478058,0.484426,0.405873,0.397687,0.483529,-0.539193,0.999577,0.637146,0.479952,0.370319,0.585088,0.660156,0.483599,-0.470418,0.999607,0.674963,0.499703,0.363716,0.657816,0.73504,0.488153,-0.551176,0.999472,0.713024,0.471231,0.286093,0.657008,0.746368,0.470099,-0.503217,0.999483,0.69058,0.47074,0.33515,0.647045,0.716415,0.466982,-0.452029,0.99907,0.365621,0.599036,0.239904,0.999973,0.331946,0.622326,-0.240489,0.999987,0.770272,0.615549,0.305627,0.552403,0.789878,0.636473,-0.265779,0.997319,0.714856,0.832686,0.50809,0.723287,0.745785,0.883743,-0.021187,0.998296,0.648466,0.859715,0.526369,0.86565,0.685082,0.930179,0.020718,0.997503,0.860944,0.886528,0.575853,0.891074,0.929191,0.93266,0.105225,0.998474
subject01_right_good_upright_var1.jpg,subject01,right,good,upright,var1,0.352466,0.167471,-0.112752,0.999941,0.333777,0.146239,-0.086635,0.999889,0.328524,0.145462,-0.087405,0.999923,0.323363,0.144799,-0.087493,0.999936,0.328057,0.147063,-0.178164,0.999913,0.318485,0.147465,-0.178934,0.999943,0.309895,0.148008,-0.179257,0.999944,0.260616,0.15697,0.081777,0.999976,0.257304,0.158182,-0.323266,0.999943,0.334694,0.190371,-0.03259,0.999902,0.326742,0.190252,-0.155373,0.99993,0.205698,0.297952,0.364926,0.999989,0.190343,0.301134,-0.486645,0.999992,0.318868,0.454656,0.416115,0.353768,0.305193,0.486331,-0.528261,0.999297,0.531567,0.452058,0.135106,0.58367,0.571194,0.466865,-0.351495,0.999259,0.597831,0.460108,0.107355,0.689085,0.646335,0.470665,-0.433556,0.998851,0.617313,0.447404,0.023048,0.696282,0.647492,0.45069,-0.385263,0.998874,0.589526,0.444974,0.09226,0.684187,0.62695,0.446906,-0.331858,0.998079,0.261094,0.582982,0.271594,0.999961,0.226228,0.619848,-0.27205,0.999981,0.667236,0.592661,0.418817,0.422286,0.696001,0.623058,-0.320041,0.997704,0.709644,0.815302,0.629377,0.689543,0.710872,0.865133,0.069882,0.996909,0.655596,0.848837,0.645818,0.801617,0.660103,0.907148,0.127287,0.995977,0.862221,0.859925,0.646057,0.845874,0.898882,0.906501,0.202131,0.996452
subject02_right_good_armrests_var1.jpg,subject02,right,good,armrests,var1,0.626017,0.179065,-0.136204,0.999597,0.648476,0.158004,-0.197364,0.99945,0.656464,0.158329,-0.197972,0.999279,0.664658,0.158604,-0.197835,0.999548,0.646709,0.155131,-0.101257,0.999649,0.650287,0.153929,-0.102165,0.999675,0.655342,0.152841,-0.102629,0.999812,0.713032,0.16597,-0.337194,0.999714,0.708046,0.164172,0.093068,0.999584,0.645156,0.202707,-0.171454,0.999655,0.641602,0.202616,-0.053315,0.999361,0.78462,0.306123,-0.534515,0.99997,0.751151,0.306327,0.417586,0.999545,0.7681,0.497043,-0.590577,0.91226,0.716243,0.469407,0.423432,0.004986,0.510837,0.498488,-0.387449,0.676889,0.525571,0.492612,-0.007131,0.026984,0.456078,0.522898,-0.434131,0.613186,0.477699,0.515858,-0.06971,0.051411,0.446115,0.511531,-0.413596,0.605076,0.464891,0.508151,-0.135798,0.053091,0.463736,0.504266,-0.364682,0.50282,0.481767,0.501409,-0.05515,0.046045,0.726484,0.615056,-0.294067,0.999808,0.701028,0.600902,0.293947,0.999735,0.306081,0.641717,-0.322432,0.387737,0.354185,0.648281,0.338194,0.007668,0.294389,0.883904,0.019658,0.349757,0.305378,0.871439,0.590525,0.011948,0.352944,0.921273,0.05268,0.458438,0.371701,0.910482,0.611047,0.036802,0.110199,0.927865,-0.038536,0.462618,0.162105,0.912988,0.534355,0.025907
subject02_right_good_focus_var1.jpg,subject02,right,good,focus,var1,0.513417,0.189359,-0.032407,0.99993,0.500136,0.169979,-0.021237,0.999835,0.495823,0.169656,-0.021997,0.999902,0.490785,0.169238,-0.022079,0.999911,0.497268,0.17073,-0.102542,0.999865,0.489301,0.17087,-0.103344,0.999929,0.481399,0.170878,-0.103658,0.999918,0.441104,0.177069,0.097059,0.999971,0.432211,0.177059,-0.260701,0.999922,0.49676,0.209661,0.031576,0.999877,0.493034,0.209614,-0.077811,0.999897,0.390355,0.296649,0.334079,0.999992,0.379848,0.295555,-0.392118,0.999993,0.485898,0.443692,0.467827,0.548404,0.476368,0.443099,-0.456422,0.999206,0.699157,0.455568,0.371167,0.757781,0.705786,0.444029,-0.372473,0.999614,0.746533,0.467845,0.379309,0.787553,0.766877,0.459999,-0.458342,0.999581,0.763583,0.456404,0.281881,0.798463,0.781063,0.443832,-0.402305,0.999604,0.743701,0.452852,0.329955,0.785294,0.761437,0.439487,-0.354024,0.999341,0.374742,0.581457,0.216024,0.999943,0.342147,0.592087,-0.216432,0.999973,0.727828,0.639945,0.236215,0.286345,0.743755,0.641004,-0.260303,0.996986,0.75272,0.861721,0.393194,0.64843,0.753491,0.869415,0.022846,0.998414,0.699312,0.901584,0.405458,0.79334,0.705659,0.911167,0.06838,0.998701,0.87167,0.907459,0.386771,0.85811,0.912214,0.919642,0.139901,0.998476
subject02_right_good_recline_var1.jpg,subject02,right,good,recline,var1,0.40678,0.201465,-0.118699,0.999953,0.384581,0.182165,-0.103966,0.999928,0.379347,0.181443,-0.104761,0.999945,0.372979,0.180586,-0.10482,0.999959,0.382975,0.182411,-0.183864,0.999943,0.376305,0.181847,-0.18472,0.999961,0.367914,0.181338,-0.184978,0.999964,0.327175,0.187985,0.020108,0.999985,0.322217,0.188839,-0.333912,0.999956,0.390651,0.220839,-0.053305,0.999928,0.385946,0.220836,-0.160891,0.999944,0.30853,0.313763,0.259675,0.99999,0.257002,0.313973,-0.469437,0.999994,0.388141,0.464374,0.382529,0.540161,0.373595,0.465978,-0.512477,0.999138,0.597434,0.477786,0.203806,0.658439,0.615159,0.468352,-0.422505,0.999109,0.656101,0.480093,0.187415,0.719876,0.681548,0.476725,-0.504608,0.998665,0.671203,0.468652,0.097774,0.731545,0.692036,0.461701,-0.469523,0.998678,0.648766,0.466606,0.161904,0.721484,0.666399,0.457457,-0.409493,0.997588,0.366655,0.58818,0.226349,0.99997,0.333003,0.600125,-0.226672,0.999985,0.648429,0.663241,0.408119,0.436802,0.70716,0.644149,-0.296842,0.993189,0.621608,0.900829,0.656867,0.428982,0.71653,0.87512,-0.024961,0.991829,0.586005,0.928942,0.678976,0.609214,0.667961,0.916322,0.016846,0.989976,0.687936,0.964544,0.699585,0.615795,0.885098,0.920563,0.06906,0.988932
subject02_right_good_upright_var1.jpg,subject02,right,good,upright,var1,0.445587,0.182222,-0.027658,0.999954,0.422753,0.161247,-0.020196,0.999924,0.418774,0.161219,-0.021045,0.999946,0.413233,0.161389,-0.021107,0.999958,0.420621,0.161207,-0.102129,0.999938,0.414563,0.161313,-0.102996,0.99996,0.404897,0.161842,-0.10322,0.999962,0.364181,0.17143,0.072808,0.999984,0.355128,0.171335,-0.286725,0.999947,0.426029,0.20584,0.027705,0.999933,0.421652,0.206213,-0.082563,0.999943,0.320773,0.300342,0.288124,0.999992,0.290352,0.303668,-0.431468,0.999994,0.415918,0.460386,0.404176,0.447928,0.415952,0.473155,-0.459279,0.998303,0.639313,0.469556,0.24155,0.614917,0.666622,0.4672,-0.312373,0.998481,0.699727,0.478922,0.23296,0.679566,0.737637,0.474774,-0.388523,0.9981,0.715473,0.459023,0.138018,0.693435,0.740129,0.452779,-0.345387,0.998131,0.696557,0.454225,0.198692,0.682733,0.719752,0.447971,-0.296826,0.996823,0.323663,0.595474,0.220506,0.999954,0.294821,0.611059,-0.220946,0.999973,0.691917,0.654515,0.266547,0.253525,0.728364,0.64987,-0.229241,0.985728,0.681906,0.87864,0.476498,0.297895,0.705643,0.893174,0.059349,0.987672,0.63453,0.920726,0.494527,0.494043,0.64928,0.934897,0.104389,0.987116,0.766115,0.922218,0.50617,0.567779,0.891679,0.94258,0.177248,0.987388
subject03_right_good_armrests_var1.jpg,subject03,right,good,armrests,var1,0.42958,0.159526,-0.111918,0.999951,0.41007,0.141267,-0.092392,0.999926,0.404336,0.14049,-0.093181,0.999939,0.397456,0.139617,-0.093353,0.99996,0.407649,0.141875,-0.174411,0.999941,0.400142,0.141825,-0.17511,0.999953,0.391203,0.141839,-0.175331,0.999959,0.344244,0.146955,0.043975,0.999988,0.33571,0.148844,-0.316836,0.99995,0.411192,0.180176,-0.044796,0.999954,0.408686,0.179682,-0.154091,0.999962,0.32781,0.278226,0.290139,0.999994,0.258311,0.287593,-0.470018,0.999996,0.396016,0.431238,0.414145,0.393877,0.315065,0.475103,-0.536251,0.999514,0.587921,0.453915,0.222288,0.641112,0.602304,0.472869,-0.451548,0.999025,0.63305,0.477377,0.196924,0.700735,0.648283,0.497943,-0.52507,0.998481,0.639166,0.472857,0.122312,0.709269,0.666704,0.488689,-0.504219,0.998545,0.624231,0.465578,0.185672,0.686178,0.65017,0.480835,-0.441775,0.997332,0.400801,0.54689,0.238118,0.99997,0.356736,0.581338,-0.238497,0.999983,0.775091,0.557423,0.333747,0.371755,0.815979,0.595368,-0.271334,0.991883,0.756536,0.782621,0.475334,0.448189,0.783883,0.837435,-0.019092,0.991335,0.711615,0.823358,0.483796,0.589315,0.727278,0.877748,0.019894,0.983896,0.908427,0.827079,0.484284,0.677902,0.964481,0.870515,0.06142,0.991214
subject03_right_good_focus_var1.jpg,subject03,right,good,focus,var1,0.469542,0.162749,-0.158494,0.999981,0.450573,0.141883,-0.148135,0.999955,0.443386,0.141119,-0.148967,0.999977,0.435589,0.140485,-0.149069,0.999977,0.448907,0.14268,-0.233428,0.999965,0.44029,0.142547,-0.234148,0.999983,0.431053,0.142741,-0.234468,0.999978,0.379623,0.150572,-0.019537,0.999994,0.37587,0.151971,-0.397715,0.999981,0.451481,0.184316,-0.090431,0.999964,0.448544,0.185154,-0.205543,0.999972,0.346081,0.278827,0.251306,0.999996,0.297706,0.296137,-0.533423,0.999996,0.466541,0.41047,0.435667,0.765001,0.467864,0.460856,-0.585782,0.999795,0.682656,0.427579,0.391534,0.914533,0.762032,0.469882,-0.515441,0.999911,0.738492,0.430133,0.402805,0.919941,0.84324,0.47885,-0.619008,0.999896,0.755461,0.42307,0.296575,0.925726,0.845136,0.462279,-0.562446,0.999905,0.738957,0.424367,0.348667,0.920341,0.819368,0.456821,-0.497133,0.999836,0.395742,0.555689,0.247595,0.999934,0.352643,0.599633,-0.247767,0.999965,0.749639,0.576336,0.35847,0.594527,0.767772,0.625158,-0.325975,0.998547,0.739605,0.80802,0.482434,0.923078,0.737775,0.864597,-0.021777,0.999302,0.693746,0.848162,0.488848,0.95634,0.685521,0.907968,0.024518,0.999255,0.887277,0.83613,0.452433,0.976764,0.925941,0.906882,0.0697,0.999423
subject03_right_good_recline_var1.jpg,subject03,right,good,recline,var1,0.439468,0.171521,-0.20676,0.999979,0.420341,0.151694,-0.195017,0.99996,0.415724,0.150735,-0.195821,0.999973,0.409274,0.149818,-0.195942,0.999979,0.418336,0.15215,-0.274045,0.99997,0.412699,0.151586,-0.274753,0.999982,0.403814,0.150911,-0.274968,0.999981,0.355618,0.155517,-0.071524,0.999993,0.349111,0.15589,-0.421156,0.999978,0.418782,0.192118,-0.141663,0.999966,0.416974,0.191163,-0.248063,0.999976,0.323403,0.290968,0.183467,0.999996,0.271287,0.305139,-0.54846,0.999997,0.439507,0.445421,0.344564,0.567142,0.420686,0.487259,-0.588424,0.999667,0.642672,0.440391,0.225657,0.822195,0.711909,0.487591,-0.500791,0.999725,0.702577,0.444653,0.2111,0.858055,0.794681,0.49027,-0.58695,0.99959,0.721252,0.427017,0.127624,0.864927,0.798181,0.467228,-0.54981,0.999608,0.69876,0.426924,0.188326,0.856263,0.771865,0.462591,-0.48696,0.999191,0.413723,0.54629,0.233736,0.999969,0.365618,0.587721,-0.233954,0.999984,0.76918,0.58333,0.286861,0.542775,0.786975,0.619517,-0.284729,0.994985,0.730818,0.797441,0.534159,0.687474,0.73694,0.857432,0.021691,0.996718,0.682952,0.820035,0.556775,0.83955,0.689191,0.899686,0.067711,0.993768,0.883036,0.832804,0.578872,0.881709,0.932182,0.907651,0.115066,0.996479
subject03_right_good_upright_var1.jpg,subject03,right,good,upright,var1,0.481414,0.155206,-0.117497,0.999807,0.455556,0.135741,-0.103262,0.999712,0.449978,0.135482,-0.104102,0.999787,0.443174,0.135207,-0.10427,0.999846,0.453692,0.135864,-0.183855,0.999788,0.447845,0.135846,-0.184674,0.999852,0.439676,0.135704,-0.185033,0.999883,0.392666,0.14274,0.014928,0.999951,0.389173,0.144166,-0.33431,0.999865,0.461718,0.177538,-0.055973,0.999865,0.456862,0.178301,-0.162484,0.999893,0.356349,0.286249,0.246712,0.99999,0.305605,0.29032,-0.465827,0.999993,0.427401,0.451619,0.306272,0.305698,0.393252,0.484907,-0.460112,0.999282,0.636937,0.462253,0.023387,0.524684,0.660275,0.467172,-0.293298,0.999322,0.69713,0.470408,-0.012303,0.641108,0.734627,0.474189,-0.359878,0.998848,0.708233,0.455864,-0.092532,0.655892,0.737169,0.448714,-0.326484,0.998825,0.684809,0.450482,-0.017925,0.645771,0.715052,0.444743,-0.278546,0.99783,0.382029,0.569188,0.227868,0.999954,0.332185,0.599775,-0.22818,0.999979,0.756097,0.602916,0.311752,0.262569,0.768981,0.62356,-0.231417,0.993352,0.758099,0.846752,0.480158,0.287577,0.752941,0.884622,0.006599,0.990912,0.691414,0.878793,0.49338,0.425175,0.694783,0.932316,0.047515,0.986568,0.784872,0.899565,0.493342,0.497875,0.942335,0.927754,0.095098,0.9884
subject04_right_good_armrests_var1.jpg,subject04,right,good,armrests,var1,0.46748,0.184988,-0.041814,0.999645,0.446465,0.1644,-0.027407,0.99951,0.441325,0.163729,-0.028207,0.999521,0.436745,0.163,-0.028356,0.999725,0.4419,0.164683,-0.107771,0.999558,0.434861,0.164619,-0.108597,0.999572,0.425515,0.164235,-0.108842,0.999711,0.384022,0.169094,0.086363,0.999871,0.36937,0.169155,-0.268436,0.999517,0.446446,0.204021,0.019172,0.99968,0.439886,0.203973,-0.088905,0.999747,0.348039,0.299116,0.32393,0.999984,0.293962,0.291739,-0.422347,0.999994,0.380381,0.459786,0.43084,0.20712,0.332179,0.467954,-0.461136,0.998039,0.582187,0.480772,0.194476,0.459356,0.580936,0.479187,-0.330389,0.996905,0.623754,0.514058,0.163179,0.545652,0.628893,0.509485,-0.396037,0.994694,0.629587,0.510787,0.087297,0.553601,0.643665,0.505319,-0.38237,0.994804,0.611664,0.498574,0.155991,0.520655,0.627831,0.495819,-0.32251,0.990931,0.376677,0.590703,0.231247,0.999947,0.329504,0.6102,-0.231902,0.99997,0.754638,0.610779,0.402888,0.070638,0.784521,0.621405,-0.223302,0.914455,0.763353,0.827486,0.634875,0.055641,0.775868,0.866046,0.098433,0.850593,0.722965,0.861569,0.652633,0.118419,0.72682,0.901484,0.144128,0.812286,0.877478,0.891116,0.705956,0.120541,0.936265,0.917989,0.223188,0.846818
subject04_right_good_focus_var1.jpg,subject04,right,good,focus,var1,0.435467,0.196565,-0.124846,0.999973,0.420405,0.177219,-0.122335,0.999952,0.415608,0.176769,-0.123124,0.999966,0.411178,0.176274,-0.123206,0.999973,0.415785,0.177285,-0.197093,0.99996,0.407465,0.177204,-0.197864,0.999974,0.39965,0.177063,-0.198056,0.999973,0.361349,0.183832,-0.029567,0.99999,0.346996,0.184082,-0.359534,0.999971,0.417502,0.216324,-0.068355,0.999945,0.410612,0.215809,-0.169397,0.999956,0.316098,0.31198,0.192832,0.999993,0.277096,0.307728,-0.463127,0.999994,0.429955,0.451373,0.286391,0.482863,0.412996,0.47036,-0.517021,0.998976,0.621395,0.456106,0.138062,0.615964,0.660888,0.452542,-0.41655,0.999101,0.672689,0.462931,0.123987,0.68449,0.726035,0.461953,-0.492759,0.998944,0.692799,0.445575,0.044228,0.692655,0.729163,0.442579,-0.45154,0.999008,0.676054,0.442187,0.101588,0.670529,0.707894,0.437383,-0.402184,0.998274,0.380626,0.586766,0.202433,0.999949,0.32711,0.611094,-0.20286,0.999973,0.690108,0.632698,0.341094,0.269039,0.721614,0.63881,-0.215267,0.992693,0.713009,0.832889,0.527621,0.501789,0.738787,0.859788,0.078913,0.994806,0.677923,0.873621,0.54243,0.698128,0.694166,0.90182,0.123353,0.994619,0.856418,0.875017,0.561219,0.753924,0.908088,0.898303,0.202058,0.994933
subject04_right_good_recline_var1.jpg,subject04,right,good,recline,var1,0.437055,0.18945,-0.06427,0.99997,0.413967,0.16939,-0.050651,0.99996,0.409674,0.169593,-0.051506,0.999968,0.405399,0.169882,-0.051599,0.999978,0.409821,0.169161,-0.133014,0.999966,0.40377,0.169452,-0.133883,0.999974,0.39427,0.169478,-0.134107,0.999977,0.357381,0.178435,0.070932,0.999992,0.340543,0.176507,-0.292789,0.999964,0.415299,0.213503,0.00097,0.99996,0.410789,0.212338,-0.110226,0.999964,0.324033,0.314081,0.321935,0.999992,0.268755,0.303883,-0.445498,0.999996,0.429288,0.469628,0.468299,0.459874,0.386648,0.469713,-0.551481,0.999212,0.663793,0.479113,0.345882,0.708776,0.655284,0.472888,-0.521948,0.999442,0.724615,0.487677,0.33741,0.762391,0.723291,0.483653,-0.613518,0.999262,0.745146,0.471538,0.248365,0.773845,0.737792,0.463684,-0.574411,0.999289,0.720831,0.467279,0.305768,0.761586,0.716878,0.458249,-0.509115,0.9987,0.329462,0.61421,0.242139,0.999935,0.277664,0.634139,-0.242629,0.99996,0.695558,0.638551,0.339799,0.264158,0.721125,0.632706,-0.252013,0.98876,0.713246,0.870538,0.509031,0.3547,0.738495,0.891546,0.052008,0.988046,0.664118,0.917447,0.520953,0.573804,0.683344,0.940391,0.097743,0.986884,0.855092,0.908149,0.546756,0.647045,0.933895,0.919649,0.173182,0.990863
subject04_right_good_upright_var1.jpg,subject04,right,good,upright,var1,0.490606,0.170768,-0.097973,0.999953,0.472127,0.14846,-0.079722,0.999933,0.466668,0.14741,-0.080598,0.999948,0.46176,0.146452,-0.080667,0.999963,0.466308,0.149116,-0.174739,0.999942,0.458842,0.148358,-0.175611,0.999956,0.448966,0.147389,-0.175851,0.999959,0.407436,0.153653,0.057843,0.999988,0.387158,0.153554,-0.364288,0.999947,0.47042,0.190787,-0.02741,0.999934,0.465366,0.191094,-0.155061,0.999941,0.358788,0.291153,0.329279,0.999992,0.321452,0.29198,-0.535846,0.999992,0.455834,0.454227,0.480149,0.424474,0.446066,0.46453,-0.625353,0.998676,0.69017,0.455076,0.33703,0.614374,0.700008,0.45595,-0.492222,0.998782,0.749442,0.462068,0.335474,0.694405,0.76998,0.460455,-0.574092,0.998229,0.758049,0.444367,0.248731,0.697655,0.769346,0.437182,-0.525958,0.998179,0.736882,0.441901,0.297101,0.692109,0.748234,0.434689,-0.473032,0.9969,0.37817,0.598652,0.272984,0.999969,0.344844,0.61773,-0.273479,0.99998,0.72342,0.627297,0.592621,0.37704,0.781242,0.626454,-0.265567,0.993465,0.674265,0.84331,0.831007,0.459041,0.761565,0.867854,0.094648,0.991597,0.631961,0.894523,0.852751,0.628244,0.71645,0.916298,0.150174,0.990442,0.755424,0.925035,0.92667,0.645055,0.96119,0.910572,0.275233,0.990816
subject05_right_good_armrests_var1.jpg,subject05,right,good,armrests,var1,0.48426,0.176582,-0.154746,0.999879,0.461789,0.156693,-0.135291,0.999812,0.455972,0.156419,-0.136035,0.999832,0.450098,0.156115,-0.136181,0.999895,0.458458,0.157389,-0.221519,0.999838,0.4508,0.157449,-0.22224,0.999846,0.443086,0.157511,-0.222491,0.999882,0.392608,0.166537,0.000805,0.999955,0.382958,0.1682,-0.378466,0.999821,0.468251,0.197723,-0.086775,0.999845,0.464962,0.196783,-0.201621,0.999861,0.371828,0.285233,0.257002,0.999986,0.320044,0.297666,-0.5248,0.999988,0.411595,0.442225,0.386738,0.232746,0.35731,0.478655,-0.53979,0.995847,0.583793,0.476592,0.175181,0.341957,0.599978,0.514911,-0.356204,0.982653,0.622648,0.509724,0.151004,0.411435,0.634652,0.543613,-0.416352,0.971654,0.623669,0.506369,0.070748,0.420402,0.643904,0.537177,-0.401046,0.971635,0.6105,0.49438,0.13592,0.395456,0.63374,0.526729,-0.346062,0.956023,0.418586,0.575353,0.24376,0.999909,0.364044,0.608494,-0.244114,0.999941,0.768709,0.577,0.356614,0.171559,0.774771,0.627896,-0.301757,0.941034,0.744045,0.802004,0.408499,0.161815,0.747024,0.883279,-0.024538,0.903588,0.716931,0.831399,0.406969,0.221816,0.686992,0.925075,0.015895,0.848385,0.798669,0.865433,0.40892,0.265546,0.90976,0.920981,0.06887,0.884113
subject05_right_good_focus_var1.jpg,subject05,right,good,focus,var1,0.558866,0.201918,-0.133988,0.99988,0.5766,0.182454,-0.201684,0.99982,0.584216,0.181881,-0.202105,0.999796,0.590261,0.181207,-0.201896,0.999842,0.573653,0.182131,-0.114641,0.999889,0.578769,0.181491,-0.115519,0.999908,0.584712,0.180692,-0.115998,0.999946,0.644731,0.186134,-0.361175,0.999914,0.643779,0.186623,0.031772,0.999941,0.578908,0.22092,-0.173311,0.999893,0.57527,0.221867,-0.06544,0.99984,0.739972,0.305473,-0.535752,0.999972,0.674095,0.305735,0.319817,0.999815,0.561195,0.447975,-0.651169,0.991497,0.550415,0.44246,0.503597,0.050289,0.325063,0.450796,-0.543169,0.979567,0.350545,0.454891,0.399375,0.184727,0.257864,0.466467,-0.600291,0.966798,0.280505,0.4673,0.38889,0.241986,0.246738,0.441082,-0.584575,0.966791,0.269596,0.449967,0.319032,0.250959,0.267405,0.437887,-0.527461,0.947614,0.296011,0.448142,0.360914,0.232941,0.670025,0.594946,-0.259231,0.999796,0.60913,0.567359,0.259151,0.999771,0.250191,0.616098,-0.380547,0.811392,0.265612,0.601448,0.266441,0.078646,0.281584,0.849766,-0.053906,0.694561,0.287132,0.822461,0.444686,0.062483,0.334268,0.891102,-0.021721,0.731069,0.340825,0.869678,0.458853,0.133563,0.094482,0.882964,-0.082897,0.758978,0.128834,0.862188,0.401676,0.115821
subject05_right_good_recline_var1.jpg,subject05,right,good,recline,var1,0.470154,0.18854,-0.222679,0.999723,0.453256,0.171281,-0.21055,0.999591,0.448102,0.17082,-0.211293,0.999605,0.442255,0.170171,-0.211431,0.999769,0.450263,0.17164,-0.288508,0.999725,0.442103,0.171372,-0.289259,0.999775,0.432942,0.17112,-0.289483,0.999841,0.388314,0.17769,-0.078095,0.999887,0.374009,0.178547,-0.4236,0.999732,0.454253,0.209693,-0.153389,0.999704,0.452794,0.209471,-0.257772,0.999805,0.374297,0.293166,0.196783,0.999983,0.304296,0.305684,-0.568282,0.999993,0.484308,0.438378,0.310967,0.161628,0.422576,0.468034,-0.673927,0.997911,0.670499,0.46322,0.098281,0.221465,0.697519,0.473657,-0.656078,0.996298,0.732035,0.480514,0.066612,0.290776,0.770995,0.486149,-0.741491,0.993496,0.755335,0.463519,-0.010431,0.301541,0.781023,0.463219,-0.722521,0.99368,0.72889,0.457169,0.059706,0.279873,0.755828,0.456481,-0.647311,0.986478,0.454798,0.554549,0.239848,0.999954,0.378879,0.579884,-0.240096,0.999971,0.776458,0.606109,0.118352,0.352397,0.727393,0.623969,-0.498312,0.933911,0.73821,0.833739,0.162562,0.314272,0.728694,0.866639,-0.294122,0.908395,0.681724,0.870227,0.158359,0.507553,0.675833,0.916009,-0.267072,0.835391,0.887102,0.870399,0.071874,0.519232,0.920014,0.92263,-0.339086,0.918798
subject05_right_good_upright_var1.jpg,subject05,right,good,upright,var1,0.473274,0.167301,-0.058944,0.999902,0.449605,0.145706,-0.047271,0.999858,0.441349,0.14487,-0.048096,0.999886,0.432847,0.144223,-0.048183,0.999923,0.447352,0.146882,-0.131048,0.999881,0.438559,0.146945,-0.131867,0.999907,0.429896,0.147111,-0.132067,0.999923,0.377087,0.152197,0.064346,0.999965,0.371575,0.153841,-0.302963,0.999863,0.449095,0.190919,0.003029,0.999855,0.448772,0.189488,-0.109217,0.999871,0.334462,0.274975,0.297771,0.999988,0.297747,0.284941,-0.45678,0.999987,0.432419,0.448002,0.373036,0.246553,0.431579,0.465975,-0.501794,0.992879,0.650876,0.455807,0.119672,0.367309,0.669344,0.462807,-0.350046,0.986768,0.725245,0.467819,0.090507,0.464074,0.745392,0.468294,-0.417204,0.982616,0.740602,0.448361,0.00969,0.481459,0.746406,0.443634,-0.386103,0.982731,0.712977,0.442076,0.078562,0.47084,0.721172,0.438046,-0.337008,0.971621,0.380917,0.562074,0.240623,0.999917,0.312082,0.58717,-0.241023,0.999941,0.727917,0.617678,0.249246,0.182618,0.736619,0.622849,-0.28203,0.946126,0.722348,0.864229,0.354278,0.195739,0.7173,0.889387,-0.076125,0.945032,0.667392,0.909818,0.359151,0.363058,0.658209,0.935741,-0.04307,0.930588,0.86928,0.904205,0.336276,0.384154,0.910755,0.927898,-0.024807,0.940791
subject06_right_good_armrests_var1.jpg,subject06,right,good,armrests,var1,0.534926,0.210477,-0.114441,0.999971,0.547239,0.189077,-0.182538,0.999967,0.552543,0.188588,-0.182966,0.999959,0.558632,0.188017,-0.182763,0.999971,0.545391,0.187596,-0.103906,0.999978,0.548688,0.186195,-0.104812,0.999979,0.552324,0.184427,-0.10509,0.999987,0.611818,0.189357,-0.35259,0.999989,0.60622,0.18734,-0.002662,0.999989,0.560734,0.230215,-0.158316,0.999985,0.556722,0.228411,-0.06305,0.999973,0.70784,0.316983,-0.48605,0.999995,0.676388,0.3038,0.285862,0.999978,0.707276,0.504407,-0.405167,0.984826,0.630724,0.41635,0.665476,0.031835,0.488603,0.446554,0.001624,0.955148,0.489997,0.41033,0.843122,0.430486,0.422974,0.457306,0.023119,0.924048,0.428315,0.419804,0.879778,0.552823,0.421685,0.430135,0.038629,0.920949,0.430403,0.40683,0.835146,0.548974,0.449931,0.424309,0.028489,0.899848,0.454717,0.404011,0.822738,0.48656,0.667674,0.609109,-0.248975,0.999749,0.662995,0.583769,0.248862,0.999763,0.249168,0.632315,-0.187306,0.629691,0.293354,0.619816,0.35825,0.046204,0.283175,0.833441,0.170355,0.491883,0.295143,0.822783,0.490666,0.039634,0.338338,0.878162,0.214094,0.660559,0.344363,0.862633,0.505414,0.088294,0.115608,0.875229,0.261713,0.650196,0.134618,0.865817,0.524247,0.096833
subject06_right_good_focus_var1.jpg,subject06,right,good,focus,var1,0.526067,0.237289,-0.114813,0.999942,0.532067,0.218079,-0.176683,0.999905,0.537806,0.216261,-0.177102,0.999881,0.544164,0.21412,-0.176856,0.99991,0.528908,0.218204,-0.095011,0.999945,0.531463,0.217134,-0.09594,0.999952,0.534734,0.21554,-0.096342,0.999973,0.599187,0.207807,-0.31217,0.999949,0.588834,0.211351,0.054621,0.999969,0.556903,0.250521,-0.146071,0.999938,0.555625,0.253563,-0.045323,0.999913,0.734208,0.314257,-0.434493,0.999976,0.660812,0.312124,0.333904,0.999951,0.624429,0.479714,-0.456294,0.971563,0.55561,0.40739,0.531802,0.100931,0.445452,0.435558,-0.226239,0.940236,0.410159,0.408259,0.425286,0.615092,0.392278,0.434143,-0.246414,0.912829,0.356336,0.412541,0.415708,0.6878,0.39164,0.419156,-0.23341,0.909008,0.354318,0.403301,0.368788,0.687963,0.413507,0.420015,-0.207229,0.869577,0.376124,0.402928,0.396865,0.639593,0.725199,0.599171,-0.243051,0.999613,0.695931,0.569635,0.242948,0.999731,0.330738,0.630639,-0.178843,0.450007,0.413365,0.649745,0.340942,0.034811,0.378832,0.839276,0.128304,0.391536,0.428923,0.852876,0.550731,0.030187,0.430432,0.882004,0.160622,0.540831,0.461574,0.86963,0.570607,0.079579,0.199787,0.877252,0.162827,0.51925,0.301149,0.894366,0.567224,0.065034
subject06_right_good_recline_var1.jpg,subject06,right,good,recline,var1,0.433931,0.217942,-0.22942,0.999433,0.420548,0.196721,-0.215877,0.999279,0.416155,0.19525,-0.216579,0.999358,0.411529,0.193668,-0.216857,0.999699,0.415392,0.197032,-0.279532,0.999599,0.409008,0.196256,-0.28023,0.999625,0.401456,0.195337,-0.280407,0.999731,0.35283,0.200243,-0.107351,0.999924,0.346106,0.201663,-0.386469,0.999555,0.413436,0.235757,-0.174221,0.999653,0.409172,0.235163,-0.258858,0.999744,0.31826,0.314917,0.101854,0.999993,0.275661,0.322372,-0.459595,0.999969,0.355019,0.461801,0.213112,0.093,0.331533,0.506016,-0.487656,0.990999,0.539072,0.432454,0.076658,0.259513,0.568778,0.462476,-0.425552,0.988781,0.592418,0.440134,0.052205,0.380996,0.63743,0.475671,-0.491689,0.983873,0.61357,0.430427,-0.002409,0.388041,0.644482,0.458278,-0.468145,0.983833,0.589687,0.427015,0.04939,0.35754,0.614696,0.447704,-0.415899,0.96857,0.311449,0.564826,0.186652,0.999895,0.268781,0.589694,-0.18695,0.999898,0.602454,0.591349,0.438499,0.025393,0.621536,0.611902,-0.198141,0.693029,0.285973,0.664131,0.582314,0.011359,0.308883,0.679714,0.161055,0.324961,0.232171,0.659429,0.593855,0.028606,0.242245,0.677497,0.214333,0.382929,0.211377,0.697164,0.671254,0.029094,0.286542,0.697788,0.379713,0.416513
subject06_right_good_upright_var1.jpg,subject06,right,good,upright,var1,0.472325,0.190433,-0.010537,0.999483,0.45391,0.1697,0.002117,0.999532,0.448823,0.169891,0.00127,0.99954,0.442702,0.170164,0.001191,0.99977,0.451616,0.169824,-0.075989,0.99946,0.443459,0.170313,-0.076727,0.999338,0.434709,0.170748,-0.076854,0.999468,0.394617,0.177586,0.104376,0.999888,0.385441,0.178022,-0.236882,0.998623,0.451735,0.21062,0.046151,0.999381,0.449076,0.210787,-0.058601,0.999029,0.330363,0.29403,0.295582,0.999964,0.335994,0.291294,-0.354145,0.99982,0.406009,0.41033,0.42161,0.111815,0.443308,0.431631,-0.343131,0.74443,0.529845,0.419111,0.261871,0.192651,0.555772,0.442689,-0.022599,0.349949,0.562442,0.431336,0.244311,0.278798,0.580339,0.446931,-0.039929,0.376165,0.553664,0.421936,0.191383,0.283934,0.575252,0.439435,-0.038626,0.379545,0.535909,0.416796,0.234663,0.254329,0.562078,0.436272,-0.017924,0.35395,0.305863,0.58794,0.204366,0.999926,0.311141,0.597569,-0.20511,0.999899,0.667832,0.601589,0.265237,0.085382,0.719303,0.630922,-0.21017,0.802475,0.663708,0.817249,0.312611,0.152443,0.687209,0.845124,0.021013,0.860377,0.623531,0.860052,0.31212,0.235114,0.632246,0.890347,0.058158,0.849679,0.798332,0.861138,0.338047,0.238542,0.861976,0.891865,0.155129,0.855598
subject07_right_good_armrests_var1.jpg,subject07,right,good,armrests,var1,0.577484,0.222282,-0.155578,0.999987,0.586229,0.200443,-0.222706,0.999981,0.59284,0.198829,-0.223082,0.999976,0.599922,0.196907,-0.222886,0.999981,0.581617,0.20095,-0.134782,0.999988,0.583288,0.200154,-0.135739,0.99999,0.585108,0.198843,-0.136141,0.999993,0.659942,0.19398,-0.358598,0.999991,0.642408,0.196851,0.032864,0.999993,0.608158,0.239741,-0.186124,0.999984,0.598015,0.240791,-0.078503,0.999974,0.774071,0.32217,-0.487039,0.99999,0.732937,0.312404,0.337407,0.999966,0.656237,0.499802,-0.444766,0.992918,0.647887,0.449582,0.545541,0.069998,0.424534,0.460346,-0.102177,0.982039,0.451694,0.442976,0.441411,0.459973,0.357166,0.465803,-0.109484,0.969907,0.388792,0.447745,0.435009,0.578071,0.361486,0.44094,-0.095544,0.968709,0.386798,0.433731,0.377051,0.573152,0.381821,0.439836,-0.080821,0.960488,0.406789,0.432085,0.407381,0.520355,0.759137,0.634619,-0.24974,0.999814,0.734008,0.593801,0.249401,0.999838,0.324407,0.654493,-0.263147,0.868008,0.385766,0.63068,0.378265,0.073283,0.382026,0.887037,0.084252,0.755083,0.455584,0.857714,0.58317,0.048034,0.4538,0.947873,0.126912,0.843198,0.505579,0.891475,0.604141,0.101814,0.247379,0.968425,0.173108,0.83231,0.376318,0.913719,0.609087,0.10796
subject07_right_good_focus_var1.jpg,subject07,right,good,focus,var1,0.514875,0.194134,-0.10374,0.999999,0.522252,0.171571,-0.174592,0.999999,0.528544,0.170238,-0.174852,0.999999,0.535417,0.168699,-0.174566,0.999999,0.517947,0.171285,-0.095349,1.0,0.520621,0.169361,-0.096258,1.0,0.523105,0.167033,-0.096535,1.0,0.596644,0.162044,-0.350366,1.0,0.58694,0.162735,0.002239,1.0,0.543637,0.209036,-0.149913,1.0,0.537478,0.209192,-0.052862,0.999999,0.720343,0.296677,-0.475611,0.999997,0.681777,0.270849,0.285528,0.999996,0.615257,0.476151,-0.44314,0.996799,0.57427,0.354425,0.653475,0.368265,0.428147,0.395031,-0.065987,0.989679,0.391314,0.366785,0.797124,0.858484,0.3667,0.400861,-0.059724,0.97941,0.334438,0.370539,0.832063,0.883234,0.360033,0.383326,-0.051353,0.978135,0.325053,0.362987,0.785523,0.877244,0.379125,0.383213,-0.046008,0.971882,0.341184,0.362838,0.775834,0.8588,0.730094,0.569098,-0.23915,0.999924,0.706015,0.530128,0.23919,0.999953,0.293137,0.626775,-0.216139,0.989499,0.338142,0.589654,0.288711,0.693241,0.299864,0.866251,0.018805,0.986609,0.315116,0.811325,0.511537,0.471812,0.34602,0.897431,0.046198,0.97973,0.361487,0.844187,0.534309,0.486993,0.116475,0.908698,0.036681,0.987517,0.196637,0.831141,0.538239,0.622809
subject07_right_good_recline_var1.jpg,subject07,right,good,recline,var1,0.590112,0.18604,-0.142192,0.999996,0.604791,0.164791,-0.212447,0.999994,0.611559,0.163806,-0.212775,0.999993,0.618468,0.162713,-0.212498,0.999994,0.600875,0.163721,-0.127412,0.999996,0.60541,0.162137,-0.128284,0.999997,0.609682,0.160362,-0.128581,0.999998,0.678314,0.160387,-0.361433,0.999998,0.670049,0.160539,0.019046,0.999998,0.616247,0.203856,-0.175529,0.999996,0.611015,0.203726,-0.070964,0.999994,0.766293,0.29671,-0.491003,0.999996,0.737843,0.284348,0.33842,0.999977,0.69653,0.480906,-0.494209,0.997412,0.630357,0.397794,0.591565,0.126633,0.449856,0.44188,-0.21594,0.992384,0.440418,0.395472,0.568089,0.65991,0.369077,0.450785,-0.237557,0.985773,0.380458,0.402518,0.572213,0.74798,0.363354,0.426488,-0.215189,0.984652,0.374683,0.397694,0.51796,0.744711,0.386277,0.419828,-0.19221,0.978776,0.394445,0.396012,0.538933,0.70182,0.711031,0.596118,-0.258296,0.99988,0.689776,0.558809,0.258269,0.999882,0.271776,0.605175,-0.23714,0.981004,0.342127,0.594567,0.381566,0.3091,0.292294,0.844551,0.107439,0.968277,0.355039,0.818616,0.61248,0.251573,0.341758,0.885317,0.146963,0.969372,0.388837,0.836591,0.635513,0.380994,0.104808,0.87883,0.14849,0.977039,0.226721,0.85389,0.628204,0.453341
subject07_right_good_upright_var1.jpg,subject07,right,good,upright,var1,0.486191,0.175315,-0.075197,0.999989,0.464204,0.153972,-0.067683,0.99998,0.460609,0.153529,-0.068353,0.999988,0.456464,0.153106,-0.068424,0.999989,0.460726,0.154633,-0.139084,0.999984,0.453857,0.154501,-0.139804,0.999991,0.445523,0.154344,-0.140038,0.99999,0.400523,0.163691,0.040478,0.999996,0.393657,0.164711,-0.271675,0.999988,0.473508,0.193319,-0.015541,0.999979,0.465648,0.194519,-0.111372,0.999982,0.367641,0.284369,0.269076,0.999996,0.341919,0.298362,-0.380864,0.999995,0.444931,0.403717,0.37825,0.605475,0.486401,0.458994,-0.411312,0.998767,0.639232,0.421506,0.253795,0.675262,0.708484,0.438559,-0.305342,0.998554,0.680671,0.426756,0.250476,0.722167,0.773373,0.447406,-0.377637,0.998509,0.704459,0.420401,0.168833,0.732594,0.773297,0.432933,-0.329626,0.99858,0.684124,0.418593,0.218389,0.715702,0.752431,0.430495,-0.288186,0.997836,0.387662,0.55294,0.202955,0.999961,0.33464,0.581146,-0.203193,0.99998,0.729592,0.603711,0.166014,0.529633,0.74264,0.630534,-0.28391,0.998819,0.706749,0.821785,0.259181,0.780646,0.728669,0.860773,-0.089197,0.99938,0.660781,0.866074,0.263821,0.850665,0.676565,0.900242,-0.054987,0.999216,0.821364,0.86232,0.208568,0.916089,0.90657,0.895381,-0.041098,0.999403
subject08_right_good_armrests_var1.jpg,subject08,right,good,armrests,var1,0.523544,0.153182,-0.155483,0.999616,0.506914,0.132972,-0.127703,0.999331,0.503263,0.13305,-0.128545,0.999318,0.499981,0.133248,-0.128699,0.999611,0.499913,0.133878,-0.21601,0.999489,0.491243,0.135241,-0.216691,0.99951,0.484315,0.136669,-0.216905,0.999653,0.449376,0.14805,0.019985,0.999775,0.430944,0.150474,-0.369693,0.999221,0.51635,0.175971,-0.086289,0.999419,0.510074,0.176533,-0.204201,0.99953,0.433369,0.27585,0.255044,0.999971,0.351313,0.277571,-0.535012,0.999986,0.499565,0.434627,0.373039,0.076446,0.399365,0.450188,-0.630888,0.993425,0.651047,0.509369,0.155746,0.135747,0.644114,0.506035,-0.563156,0.986192,0.700309,0.533933,0.128346,0.184754,0.694706,0.531486,-0.64403,0.979142,0.698165,0.530635,0.04259,0.193226,0.712991,0.523429,-0.632526,0.979475,0.67514,0.522903,0.1143,0.179225,0.69389,0.513421,-0.557352,0.963095,0.492061,0.552852,0.233391,0.999917,0.427197,0.575308,-0.233794,0.999941,0.798611,0.590903,0.311219,0.059113,0.793852,0.620368,-0.273613,0.640615,0.774938,0.826324,0.333499,0.108042,0.757709,0.852259,-0.025393,0.713166,0.722359,0.86832,0.325661,0.17025,0.706804,0.897181,0.007688,0.596783,0.905828,0.87755,0.297946,0.210776,0.924734,0.899608,0.029331,0.722031
subject08_right_good_focus_var1.jpg,subject08,right,good,focus,var1,0.489361,0.171578,-0.214658,0.999948,0.466842,0.152803,-0.186075,0.999954,0.462934,0.152261,-0.186988,0.999952,0.459055,0.15162,-0.187157,0.999975,0.460677,0.153956,-0.265062,0.999966,0.449943,0.154977,-0.265887,0.999964,0.44068,0.156129,-0.266251,0.999977,0.404851,0.166584,-0.03839,0.999986,0.383502,0.170489,-0.386269,0.999945,0.479757,0.193606,-0.146316,0.999948,0.466892,0.195481,-0.252675,0.999952,0.423352,0.288347,0.173859,0.999985,0.32003,0.318883,-0.514347,0.999986,0.535563,0.403412,0.35589,0.324969,0.450743,0.488396,-0.574308,0.995572,0.715677,0.409451,0.22228,0.609113,0.732992,0.468376,-0.491821,0.995063,0.786304,0.416383,0.210021,0.662026,0.820909,0.476469,-0.579606,0.991124,0.806481,0.40695,0.12446,0.680207,0.826786,0.456478,-0.55473,0.99085,0.777567,0.406453,0.183428,0.658461,0.802273,0.45103,-0.484547,0.983329,0.446781,0.559427,0.204125,0.999941,0.349918,0.613127,-0.204204,0.999959,0.775429,0.607777,0.410141,0.047269,0.775571,0.645956,-0.345096,0.810434,0.767108,0.791432,0.709365,0.024635,0.83337,0.837613,0.117335,0.606045,0.743549,0.81285,0.736885,0.049623,0.766665,0.883916,0.180489,0.613538,0.816839,0.861841,0.805313,0.059728,0.984704,0.885629,0.284772,0.603606
subject08_right_good_recline_var1.jpg,subject08,right,good,recline,var1,0.450952,0.164987,-0.221265,0.999791,0.424635,0.1454,-0.194482,0.999587,0.421514,0.14516,-0.195363,0.999643,0.418956,0.144666,-0.195427,0.999771,0.417543,0.146611,-0.285166,0.999705,0.410671,0.147501,-0.285898,0.99977,0.40139,0.148241,-0.286141,0.999802,0.363362,0.159807,-0.034125,0.999834,0.346031,0.162605,-0.437161,0.999565,0.438109,0.186201,-0.145908,0.999523,0.429371,0.18706,-0.267626,0.999664,0.365826,0.281611,0.245271,0.999973,0.265768,0.291786,-0.633217,0.999978,0.469272,0.418717,0.319451,0.251157,0.382469,0.440092,-0.763162,0.996147,0.651326,0.429162,0.01192,0.463386,0.659588,0.445221,-0.714772,0.993663,0.719089,0.444373,-0.024912,0.543332,0.746243,0.455957,-0.812904,0.989695,0.740262,0.430535,-0.117356,0.564719,0.756908,0.434954,-0.786152,0.990226,0.705207,0.426786,-0.035406,0.544781,0.72521,0.430588,-0.704289,0.981222,0.457085,0.540207,0.267722,0.999901,0.366249,0.567482,-0.268021,0.999912,0.739344,0.613052,0.330251,0.10548,0.738444,0.614559,-0.358981,0.702613,0.758274,0.828985,0.365213,0.238717,0.741033,0.84067,-0.06775,0.738434,0.706655,0.868708,0.356464,0.377585,0.688721,0.881111,-0.032964,0.642309,0.892957,0.879173,0.275288,0.414877,0.910331,0.897673,-0.051019,0.765585
subject08_right_good_upright_var1.jpg,subject08,right,good,upright,var1,0.599996,0.168551,-0.124547,0.999445,0.627552,0.148339,-0.193235,0.999102,0.634189,0.14946,-0.193836,0.99886,0.640131,0.150905,-0.193689,0.999218,0.624504,0.146866,-0.092834,0.999476,0.627984,0.146864,-0.09389,0.99955,0.631618,0.146656,-0.09448,0.999763,0.698913,0.165135,-0.361703,0.99954,0.687392,0.164156,0.088676,0.999636,0.615202,0.194757,-0.16927,0.999524,0.611108,0.193385,-0.045113,0.999337,0.7968,0.301732,-0.570803,0.999921,0.720458,0.298083,0.399741,0.999724,0.654626,0.475221,-0.620363,0.876237,0.616894,0.443133,0.515853,0.013669,0.407963,0.464986,-0.385533,0.553232,0.442759,0.457998,0.266825,0.034427,0.34008,0.470242,-0.432434,0.501251,0.384995,0.470023,0.234527,0.05407,0.341928,0.450683,-0.414599,0.491589,0.363081,0.454665,0.168943,0.054905,0.369296,0.450223,-0.36484,0.406474,0.3994,0.453422,0.224364,0.054428,0.734483,0.615082,-0.288826,0.999813,0.686444,0.592109,0.288683,0.999826,0.310596,0.640992,-0.310755,0.427215,0.339933,0.624577,0.363591,0.026081,0.314084,0.864515,0.123342,0.26706,0.299223,0.846378,0.626047,0.021605,0.362325,0.907249,0.165707,0.309241,0.347929,0.89313,0.64943,0.051939,0.12715,0.920489,0.091209,0.309045,0.13962,0.90397,0.582314,0.034911
subject09_right_good_armrests_var1.jpg,subject09,right,good,armrests,var1,0.59271,0.167869,-0.210213,0.999981,0.614828,0.147802,-0.265633,0.999969,0.621476,0.147542,-0.266003,0.999964,0.628637,0.14707,-0.265779,0.999971,0.611434,0.147025,-0.184437,0.999983,0.615203,0.146305,-0.185249,0.999986,0.619269,0.145067,-0.185674,0.999992,0.682637,0.155676,-0.383432,0.999987,0.672143,0.154663,-0.0191,0.999992,0.609924,0.188933,-0.237917,0.999989,0.60315,0.188891,-0.138261,0.999982,0.766243,0.298474,-0.521237,0.999993,0.687122,0.284479,0.267233,0.99995,0.695349,0.48169,-0.57992,0.998521,0.606481,0.429978,0.402095,0.241635,0.426598,0.495811,-0.464143,0.998433,0.416135,0.451394,0.188209,0.917036,0.375148,0.529282,-0.509276,0.996879,0.353252,0.460413,0.147613,0.935808,0.358433,0.510955,-0.506429,0.99687,0.34401,0.453696,0.083825,0.936832,0.37504,0.4997,-0.451507,0.995039,0.369007,0.454792,0.149354,0.909854,0.689815,0.593229,-0.250726,0.999868,0.632803,0.554149,0.25052,0.999849,0.237573,0.598871,-0.271146,0.94553,0.264853,0.562921,0.292773,0.152524,0.269148,0.842453,0.034996,0.930255,0.320413,0.798371,0.501658,0.108343,0.332666,0.887604,0.067208,0.923775,0.358911,0.827114,0.520711,0.204753,0.083172,0.887504,0.027201,0.959559,0.193638,0.844908,0.48951,0.257112
subject09_right_good_focus_var1.jpg,subject09,right,good,focus,var1,0.452366,0.178051,-0.058436,0.999925,0.433241,0.156803,-0.046895,0.999873,0.428969,0.156196,-0.047617,0.999908,0.423484,0.15556,-0.047863,0.999937,0.430791,0.156778,-0.122506,0.999905,0.425336,0.156265,-0.123117,0.999931,0.41706,0.155729,-0.12332,0.999935,0.369711,0.16196,0.059238,0.999983,0.362189,0.162517,-0.272366,0.999935,0.435356,0.198083,-0.000439,0.999907,0.432726,0.197154,-0.101617,0.999925,0.362909,0.282928,0.266839,0.999993,0.276139,0.299824,-0.406789,0.999992,0.502932,0.434005,0.377189,0.579417,0.449276,0.454401,-0.476766,0.999312,0.735437,0.445772,0.269587,0.646627,0.761902,0.457918,-0.390608,0.999121,0.80286,0.456286,0.260644,0.666085,0.827282,0.47009,-0.466437,0.998799,0.823544,0.445141,0.182105,0.680582,0.840349,0.450878,-0.427903,0.998915,0.794282,0.440687,0.234462,0.676227,0.818294,0.444472,-0.375963,0.998093,0.422723,0.548064,0.200317,0.999841,0.349404,0.58205,-0.200816,0.999891,0.80524,0.590535,0.20115,0.323835,0.798698,0.601822,-0.272479,0.991252,0.826989,0.81547,0.36344,0.451676,0.799743,0.837424,0.024728,0.992048,0.831244,0.852969,0.3754,0.567535,0.755361,0.875292,0.069673,0.987778,0.961343,0.868791,0.363661,0.697001,0.959928,0.883626,0.130001,0.993534
subject09_right_good_recline_var1.jpg,subject09,right,good,recline,var1,0.5997,0.188239,-0.172934,0.999171,0.620665,0.166153,-0.232417,0.997677,0.627006,0.16601,-0.232775,0.997347,0.633508,0.16586,-0.232731,0.998217,0.617455,0.164781,-0.140173,0.998698,0.621778,0.163565,-0.140919,0.99888,0.626802,0.162006,-0.141452,0.99939,0.688604,0.172903,-0.364498,0.99907,0.685608,0.171555,0.053781,0.999252,0.620819,0.207879,-0.205672,0.999625,0.614744,0.207923,-0.090197,0.999336,0.768523,0.303592,-0.562041,0.999967,0.705471,0.302307,0.369981,0.999785,0.673191,0.482884,-0.732933,0.995752,0.599059,0.450802,0.442642,0.049668,0.390914,0.473244,-0.655857,0.974833,0.394854,0.457626,0.210447,0.132054,0.315358,0.483113,-0.721201,0.950434,0.326147,0.468599,0.175533,0.167206,0.305945,0.458434,-0.691041,0.946496,0.314067,0.455006,0.115686,0.154748,0.327942,0.453323,-0.635181,0.918918,0.339408,0.451214,0.171145,0.137344,0.693944,0.584203,-0.30373,0.99992,0.632658,0.558476,0.303344,0.999928,0.243741,0.62809,-0.484203,0.901053,0.251514,0.619362,0.192469,0.104989,0.269782,0.864631,-0.129732,0.824128,0.26794,0.854065,0.361171,0.105498,0.32132,0.910773,-0.095771,0.75243,0.314231,0.89308,0.371827,0.19059,0.094531,0.909934,-0.179512,0.811889,0.098932,0.898178,0.263575,0.158166
subject09_right_good_upright_var1.jpg,subject09,right,good,upright,var1,0.477029,0.166196,-0.182677,0.99979,0.451398,0.142447,-0.169213,0.999665,0.446388,0.141894,-0.170124,0.999741,0.441449,0.141348,-0.170284,0.999831,0.447814,0.142405,-0.247436,0.999731,0.441813,0.142391,-0.248227,0.999803,0.433745,0.142188,-0.248505,0.999832,0.387265,0.150812,-0.046015,0.999928,0.377948,0.151271,-0.388871,0.999726,0.455394,0.186467,-0.117571,0.999684,0.45322,0.185017,-0.222276,0.999755,0.365423,0.28265,0.207235,0.999982,0.286243,0.293683,-0.525108,0.999987,0.451897,0.433532,0.346732,0.299384,0.410982,0.467414,-0.566423,0.998527,0.666751,0.434071,0.165204,0.560672,0.698796,0.454211,-0.459971,0.998161,0.732768,0.442284,0.140548,0.642238,0.77265,0.461806,-0.537008,0.997202,0.743332,0.429692,0.05837,0.656806,0.77533,0.439938,-0.507915,0.997323,0.719974,0.424894,0.125943,0.643158,0.749933,0.434467,-0.448234,0.994832,0.41773,0.559015,0.231209,0.999924,0.336228,0.594245,-0.231553,0.999949,0.774146,0.602707,0.221494,0.27803,0.763162,0.622077,-0.26962,0.954703,0.748608,0.828236,0.390387,0.372117,0.711529,0.855611,0.053257,0.960119,0.693139,0.874384,0.402468,0.599649,0.6491,0.894864,0.099325,0.943142,0.902887,0.877846,0.392634,0.625362,0.891309,0.907304,0.143847,0.961216
subject10_right_good_armrests_var1.jpg,subject10,right,good,armrests,var1,0.441,0.20244,-0.183109,0.999655,0.421702,0.181316,-0.158993,0.999349,0.418231,0.180573,-0.159686,0.999523,0.414709,0.180102,-0.159878,0.99966,0.417953,0.18126,-0.24616,0.999448,0.411632,0.180688,-0.24675,0.99958,0.403837,0.180432,-0.24704,0.999589,0.365554,0.187886,-0.010795,0.999878,0.355211,0.18909,-0.397632,0.999489,0.424362,0.220037,-0.112875,0.999634,0.419256,0.220593,-0.229298,0.999684,0.354143,0.300142,0.242157,0.999985,0.282416,0.306033,-0.564861,0.999964,0.432023,0.427204,0.281555,0.589391,0.360189,0.452806,-0.683026,0.996718,0.574487,0.450197,-0.029415,0.703028,0.592819,0.464182,-0.624178,0.990175,0.611297,0.466485,-0.066678,0.745174,0.643213,0.475368,-0.712528,0.985675,0.621107,0.456823,-0.145066,0.756819,0.650455,0.463146,-0.681549,0.98677,0.607423,0.452292,-0.070756,0.735504,0.635053,0.459633,-0.612067,0.978769,0.393702,0.538367,0.245499,0.99992,0.318649,0.563027,-0.245846,0.999927,0.6903,0.571146,0.23691,0.308882,0.706383,0.580824,-0.336578,0.974695,0.724906,0.774734,0.288149,0.395712,0.731598,0.795482,-0.143951,0.97057,0.712143,0.804009,0.285299,0.464713,0.683849,0.833838,-0.117109,0.95466,0.782334,0.82513,0.21537,0.505074,0.894157,0.836031,-0.138865,0.96347
subject10_right_good_focus_var1.jpg,subject10,right,good,focus,var1,0.580779,0.252337,-0.215306,0.999891,0.571195,0.230925,-0.189929,0.999906,0.568348,0.229156,-0.19076,0.999913,0.565975,0.227364,-0.190883,0.999949,0.565429,0.231677,-0.255334,0.999922,0.559696,0.230895,-0.255876,0.999926,0.553122,0.230179,-0.256086,0.999941,0.507914,0.230429,-0.050864,0.999971,0.498207,0.232252,-0.337234,0.999832,0.561376,0.267023,-0.150633,0.999889,0.554195,0.266746,-0.238233,0.99985,0.482305,0.299664,0.1275,0.999987,0.394852,0.328827,-0.425766,0.999935,0.575606,0.369086,0.164302,0.539424,0.522793,0.478559,-0.453863,0.987954,0.631105,0.396865,-0.134701,0.723774,0.732123,0.450231,-0.347419,0.989197,0.64936,0.4152,-0.178008,0.747172,0.79807,0.443479,-0.400172,0.985334,0.629175,0.411898,-0.218419,0.749358,0.793797,0.429425,-0.392267,0.985395,0.616246,0.408164,-0.157869,0.708153,0.779264,0.432729,-0.341684,0.974208,0.46656,0.525647,0.166739,0.999974,0.370016,0.547086,-0.167009,0.999943,0.641725,0.630744,0.032194,0.683836,0.6664,0.549193,-0.316257,0.892905,0.666588,0.812063,-0.02622,0.588286,0.813809,0.70385,-0.156005,0.730367,0.630282,0.845339,-0.038461,0.595804,0.792637,0.73188,-0.132679,0.681123,0.79434,0.879382,-0.115089,0.686095,0.94645,0.740514,-0.129471,0.756036
subject10_right_good_recline_var1.jpg,subject10,right,good,recline,var1,0.406874,0.221242,-0.0399,0.999959,0.390174,0.204032,-0.029284,0.999935,0.386929,0.203578,-0.029912,0.999949,0.383995,0.202822,-0.029983,0.999961,0.384107,0.204029,-0.098912,0.999948,0.378281,0.203796,-0.099502,0.999962,0.369825,0.203062,-0.099692,0.999965,0.335143,0.208568,0.068127,0.999983,0.321887,0.208554,-0.240078,0.999947,0.390892,0.239262,0.013671,0.999894,0.382585,0.238913,-0.08065,0.999912,0.292484,0.307081,0.25153,0.999986,0.26637,0.309471,-0.357698,0.999986,0.433788,0.421335,0.322583,0.265825,0.42666,0.427055,-0.457067,0.992945,0.59236,0.432502,0.18501,0.277725,0.658714,0.427789,-0.374115,0.989888,0.620344,0.444177,0.177175,0.339176,0.721125,0.418516,-0.443279,0.988074,0.62838,0.434238,0.113234,0.341698,0.723589,0.407204,-0.394905,0.988219,0.621785,0.434782,0.155818,0.32913,0.7002,0.412651,-0.356281,0.982047,0.341143,0.552516,0.175111,0.999928,0.308992,0.563284,-0.175613,0.999953,0.629149,0.562828,0.232233,0.157809,0.688486,0.562551,-0.256036,0.964651,0.699413,0.753208,0.371738,0.273539,0.710587,0.765827,-0.054242,0.977037,0.688589,0.780658,0.382296,0.38796,0.674587,0.805407,-0.021425,0.97351,0.74629,0.807112,0.392099,0.517104,0.84818,0.812907,0.037852,0.981872
subject10_right_good_upright_var1.jpg,subject10,right,good,upright,var1,0.49545,0.17119,-0.072187,0.999931,0.480963,0.153192,-0.062071,0.99989,0.476126,0.152374,-0.062758,0.99991,0.471133,0.151469,-0.062833,0.999934,0.475989,0.153686,-0.136752,0.999918,0.467557,0.153468,-0.137399,0.999941,0.459428,0.153152,-0.1376,0.999949,0.420438,0.159153,0.042555,0.999972,0.406868,0.159635,-0.287452,0.999932,0.475933,0.190798,-0.014609,0.999883,0.470257,0.190433,-0.115245,0.999915,0.351167,0.264646,0.25473,0.999985,0.343251,0.269536,-0.416668,0.999991,0.450115,0.402309,0.329397,0.159966,0.451866,0.413137,-0.528922,0.997513,0.611817,0.429488,0.141627,0.205497,0.698961,0.395477,-0.478021,0.99687,0.638064,0.434915,0.122544,0.290631,0.763982,0.391616,-0.557957,0.995795,0.648188,0.42443,0.053124,0.300767,0.772455,0.375956,-0.511044,0.99594,0.640205,0.423332,0.108783,0.280875,0.753424,0.37871,-0.460314,0.992535,0.402743,0.52677,0.194836,0.999876,0.359412,0.54406,-0.195256,0.999934,0.698854,0.563494,0.251746,0.114184,0.708923,0.579506,-0.285446,0.953523,0.733889,0.763979,0.375882,0.205506,0.713505,0.793594,-0.057061,0.959676,0.709782,0.809034,0.382961,0.346134,0.672829,0.830879,-0.022029,0.952306,0.85319,0.801881,0.367618,0.456362,0.881106,0.821971,0.010345,0.96838
