subject_id,source_dataset,camera_view,session_id,posture_label,posture_quality,nose_x,nose_y,nose_z,left_ear_x,left_ear_y,left_ear_z,right_ear_x,right_ear_y,right_ear_z,left_shoulder_x,left_shoulder_y,left_shoulder_z,right_shoulder_x,right_shoulder_y,right_shoulder_z,left_hip_x,left_hip_y,left_hip_z,right_hip_x,right_hip_y,right_hip_z,shoulder_tilt_angle,shoulder_symmetry_ratio,head_lateral_offset,torso_lateral_lean_angle
1,multiposture,front,1,posterior_trunk_recline,bad,0.0131461480632424,-0.534424364566803,-0.1762133836746215,0.0619645714759826,-0.5574497580528259,-0.0374618843197822,-0.081660121679306,-0.4968035817146301,-0.0637213736772537,0.150902971625328,-0.4109199047088623,0.083536721765995,-0.157582402229309,-0.4297106564044952,0.0764882117509841,0.0989349111914634,-0.0136211346834898,0.0284243058413267,-0.096352607011795,0.0120382932946085,-0.0242788586765527,-176.51425240338938,0.9890189542570499,0.016485863365232896,-0.6324273939437601
1,multiposture,front,1,posterior_trunk_recline,bad,-0.0301009211689233,-0.5510697364807129,-0.1948916763067245,0.0615749172866344,-0.5594004392623901,-0.0392067097127437,-0.097102977335453,-0.5180392861366272,-0.0423187650740146,0.1455108672380447,-0.4066772162914276,0.0772033408284187,-0.1797935962677002,-0.445963591337204,0.1270046830177307,0.1011468321084976,-0.0143935661762952,0.0127819338813424,-0.0979390293359756,0.0126734804362058,-0.0078961476683616,-173.1138510565142,0.9577114071085524,-0.01295955665409556,-2.522750817064479
1,multiposture,front,1,posterior_trunk_recline,bad,-0.0329680256545543,-0.5069973468780518,-0.2007472515106201,0.0474024750292301,-0.5449115037918091,-0.0543632805347442,-0.1043159216642379,-0.4779913127422333,-0.0626683235168457,0.1459731012582779,-0.4078955948352813,0.0691627115011215,-0.1789333224296569,-0.429443895816803,0.121165931224823,0.1022472754120826,-0.0148964468389749,0.0111984992399811,-0.0993308424949646,0.0129244299605488,-0.0066778073087334,-176.20561126044228,0.9358735569351543,-0.016487915068864795,-2.459179358577267
1,multiposture,front,1,posterior_trunk_recline,bad,0.0343539454042911,-0.5147412419319153,-0.1645174622535705,0.1080752536654472,-0.5482252240180969,-0.0198194961994886,-0.051022682338953,-0.4911379814147949,-0.0235228016972541,0.2118915319442749,-0.4060388803482055,0.0964805483818054,-0.1147221326828002,-0.4498057067394256,0.165934681892395,0.1060223281383514,0.0121929915621876,0.0269252806901931,-0.1031069830060005,-0.0178644806146621,-0.0235306899994611,-172.3677273346171,0.9064817899396327,-0.014230754226446256,6.32623648345864
1,multiposture,front,1,posterior_trunk_recline,bad,0.044598214328289,-0.5156664848327637,-0.1593392938375473,0.1052304655313491,-0.5480744242668152,-0.0069562033750116,-0.050910111516714,-0.4894206523895263,-0.0242868661880493,0.2016036510467529,-0.4080338478088379,0.1080347821116447,-0.1206292062997818,-0.4477882385253906,0.1691366732120514,0.1049210429191589,0.0108758974820375,0.0262094270437955,-0.1019242033362388,-0.0159303620457649,-0.0224585607647895,-172.96686572396084,0.8778032414276862,0.004110991954803446,5.236846497093574
1,multiposture,front,1,posterior_trunk_recline,bad,0.0499200746417045,-0.4995207786560058,-0.1967948824167251,0.1017922237515449,-0.539467990398407,-0.0526870302855968,-0.0504801571369171,-0.4646251797676086,-0.0736233294010162,0.2012558132410049,-0.3970808088779449,0.0722753927111625,-0.1104125082492828,-0.4327475130558014,0.124404639005661,0.104298435151577,0.0160993859171867,0.0234106890857219,-0.1016954854130745,-0.021613797172904,-0.01942790299654,-173.47158469025132,0.8907628583144948,0.00449842214584345,6.110075287398653
1,multiposture,front,1,posterior_trunk_recline,bad,0.044706605374813,-0.5001310110092163,-0.2236464619636535,0.1024030894041061,-0.5310816764831543,-0.0821680128574371,-0.0485255643725395,-0.4644679427146911,-0.0946946218609809,0.2016918212175369,-0.3833982944488525,0.0585063844919204,-0.1079068705439567,-0.426276296377182,0.124670460820198,0.1044217497110366,0.018878735601902,0.02164763584733,-0.1020681485533714,-0.0242957863956689,-0.0178718846291303,-172.1149557436634,0.8862883910962115,-0.002185869961977102,6.485777763858573
1,multiposture,front,1,posterior_trunk_recline,bad,0.0292071495205163,-0.5128474235534668,-0.169406920671463,0.1012167558073997,-0.5444267988204956,-0.0324498154222965,-0.0464122258126735,-0.4914838969707489,-0.0370608456432819,0.2022618949413299,-0.4034830629825592,0.0799344331026077,-0.1094286069273948,-0.4554806053638458,0.1500107496976852,0.1028031930327415,0.0171132404357194,0.0267396122217178,-0.1000868156552314,-0.0224478505551815,-0.0230308081954717,-170.5288917178001,0.9141786331436511,-0.017209494486451253,6.026346426867915
1,multiposture,front,1,posterior_trunk_recline,bad,0.0018450502539053,-0.5577314496040344,-0.0954482182860374,0.1088002026081085,-0.5559007525444031,0.0350026488304138,-0.0401250272989273,-0.5268021821975708,0.0433215200901031,0.2107628732919693,-0.4025944769382477,0.1240009218454361,-0.0991453230381012,-0.4730636477470398,0.2050190418958664,0.0996292829513549,0.0154055142775177,0.0309015121310949,-0.0968304127454757,-0.0208836011588573,-0.0274741556495428,-167.18949500269193,1.0374945746020372,-0.05396372487302875,7.128009903848842
1,multiposture,front,1,posterior_trunk_recline,bad,0.0282674599438905,-0.5652812123298645,-0.1556735634803772,0.1050294637680053,-0.5566930174827576,-0.0343692563474178,-0.0415971800684928,-0.5177415609359741,-0.0308266356587409,0.1938607990741729,-0.4128928184509277,0.0799011066555976,-0.1311215609312057,-0.4614434838294983,0.1243326216936111,0.1045831143856048,0.0031321570277214,0.0258669238537549,-0.1032012030482292,-0.0048630814999341,-0.0216972455382347,-171.50315137793527,0.9624154477967332,-0.0031021591275930994,4.022137916889531
1,multiposture,front,1,posterior_trunk_recline,bad,0.0107222013175487,-0.5656805038452148,-0.1397654414176941,0.0957055613398552,-0.5516427159309387,-0.0171552170068025,-0.0488935932517051,-0.5160834789276123,-0.0119115356355905,0.1931239068508148,-0.4046891331672668,0.0926258862018585,-0.13391774892807,-0.4492435455322265,0.1394489109516143,0.1048940569162368,0.003758484032005,0.0253919884562492,-0.1037813127040863,-0.0056746937334537,-0.0212330985814332,-172.24208838653496,1.0033534936045736,-0.01888087764382369,3.9005862302173124
1,multiposture,front,1,posterior_trunk_recline,bad,0.0118938712403178,-0.5649885535240173,-0.1662004142999649,0.0965431854128837,-0.5530333518981934,-0.0473321825265884,-0.0483715310692787,-0.5170773863792419,-0.0437219329178333,0.1939259022474289,-0.4041585326194763,0.0555694177746772,-0.1321008652448654,-0.4520661830902099,0.1039253771305084,0.1048039942979812,0.0038967775180935,0.0256252847611904,-0.1036419868469238,-0.0057681696489453,-0.021405067294836,-171.64055823963,1.008092457795825,-0.01901864726096395,4.061448492486698
1,multiposture,front,2,thoracic_kyphotic_slouch,bad,0.0287660155445337,-0.0651263445615768,-0.7604224681854248,0.0903788059949874,-0.1501383334398269,-0.6316757202148438,-0.109300211071968,-0.0708348527550697,-0.6486960053443909,0.2035795450210571,-0.0901462882757186,-0.4111979305744171,-0.1014958918094635,-0.1037608236074447,-0.3768227100372314,0.098543494939804,-0.0004453770816326,0.0434914529323577,-0.0966556072235107,-0.0020704381167888,-0.0416609048843383,-177.4447690682152,0.961626966645371,-0.022275811061263102,27.63262646800604
1,multiposture,front,2,thoracic_kyphotic_slouch,bad,-0.0229478534311056,0.0504681207239627,-0.7084817290306091,0.0721647515892982,-0.0219568163156509,-0.6233898401260376,-0.0971896797418594,0.0346743576228618,-0.6441434621810913,0.1800865232944488,-0.0431856922805309,-0.3995811641216278,-0.1227867752313613,-0.0863946378231048,-0.3755483031272888,0.1007719859480857,0.0011067651212215,0.0390991680324077,-0.0981625616550445,-0.0037150844000279,-0.0374683141708374,-171.88077453540015,1.020814941769543,-0.051597727462649345,23.302868789609096
1,multiposture,front,2,thoracic_kyphotic_slouch,bad,-0.0027664371300488,0.0642599835991859,-0.6833279132843018,0.0911773145198822,-0.0038612699136137,-0.5952667593955994,-0.0635194703936576,0.047737393528223,-0.6157869100570679,0.1699200719594955,-0.0318887867033481,-0.3769188523292541,-0.1335933655500412,-0.0773791223764419,-0.3633946776390075,0.1041862666606903,-0.0003148448886349,0.0367084965109825,-0.1017563194036483,-0.0024595418944954,-0.0350143685936927,-171.47600640431816,0.9761263408436663,-0.020929790334775947,17.65620980803553
1,multiposture,front,2,thoracic_kyphotic_slouch,bad,0.0002641534665599,0.0534973293542861,-0.7063165307044983,0.0950217619538307,-0.0100177843123674,-0.6145017743110657,-0.0626762583851814,0.0417550131678581,-0.6275905966758728,0.1707726567983627,-0.035557135939598,-0.3858256936073303,-0.13326296210289,-0.0786869749426841,-0.3650921285152435,0.10443015396595,-0.0030563327018171,0.036554716527462,-0.1019935011863708,-1.5192847968137356e-05,-0.0347274243831634,-171.92601567702235,0.9595813758394296,-0.018490693881176457,17.50959080827458
1,multiposture,front,2,thoracic_kyphotic_slouch,bad,0.0039257165044546,0.0471232868731021,-0.6998990178108215,0.0969932079315185,-0.0186299346387386,-0.6141944527626038,-0.0585718266665935,0.0328909009695053,-0.6298534870147705,0.1710483580827713,-0.0497184768319129,-0.3851911425590515,-0.127378225326538,-0.0947967991232872,-0.3652254641056061,0.1037185788154602,-0.0033382517285645,0.0361535623669624,-0.1012574285268783,0.0001857335591921,-0.0342868790030479,-171.4102214855451,0.9553622016307828,-0.01790934987366205,16.252053154476652
1,multiposture,front,2,thoracic_kyphotic_slouch,bad,0.0093849962577223,-0.0200875923037529,-0.6942957639694214,0.0887947976589202,-0.0921851471066474,-0.6038616299629211,-0.0662522166967392,-0.0358905680477619,-0.6197691559791565,0.1712867468595504,-0.0711818486452102,-0.3863798975944519,-0.1355960667133331,-0.1081989854574203,-0.3673992455005646,0.1041110605001449,-0.0030758010689169,0.0355945043265819,-0.1018862202763557,-0.0002005421119974,-0.0337970331311225,-173.1220385701642,0.9547059743431295,-0.008460343815386346,10.759846974299819
1,multiposture,front,2,thoracic_kyphotic_slouch,bad,0.0213614162057638,-0.5640990734100342,-0.3759132325649261,0.088600642979145,-0.5707553029060364,-0.2395789623260498,-0.0623050965368747,-0.528313159942627,-0.2578581273555755,0.1764800399541854,-0.416236400604248,-0.098071277141571,-0.1395074874162674,-0.4594223201274872,-0.0576698780059814,0.105546735227108,0.0019702690187841,0.0309050381183624,-0.1027283892035484,-0.0032159069087356,-0.0275235176086425,-172.21761885171355,0.94416174174722,0.0028751399368047957,2.236811932991751
1,multiposture,front,2,thoracic_kyphotic_slouch,bad,0.0336152538657188,-0.5491787791252136,-0.3986958563327789,0.092890441417694,-0.5596123933792114,-0.2643032371997833,-0.0501605905592441,-0.5122008323669434,-0.2796115279197693,0.1814809739589691,-0.4069995880126953,-0.1162600070238113,-0.1401695758104324,-0.4554047584533691,-0.0664167702198028,0.1065739765763282,0.0026057476643472,0.0284554231911897,-0.1040184125304222,-0.0041314167901873,-0.0255067124962806,-171.4417828415699,0.9030879346981341,0.012959554791450459,2.5776540598493836
1,multiposture,front,2,thoracic_kyphotic_slouch,bad,-0.0017906391294673,-0.5507259964942932,-0.394752025604248,0.0885305628180503,-0.5591974258422852,-0.2655179798603058,-0.0610220097005367,-0.5170453190803528,-0.2693276107311249,0.1798686981201172,-0.4052015841007232,-0.1170203909277916,-0.139953076839447,-0.460420697927475,-0.0592329800128936,0.1056581288576126,0.0023647791240364,0.027454636991024,-0.1031040400266647,-0.0041125556454062,-0.0245747659355402,-170.2041227112996,0.9691095028983484,-0.0217484497698024,2.4764302420117144
1,multiposture,front,2,thoracic_kyphotic_slouch,bad,-0.0155388126149773,-0.0012505803024396,-0.6903320550918579,0.0715319737792015,-0.0819740071892738,-0.6069057583808899,-0.0875610038638114,-0.014558283612132,-0.6100708842277527,0.1718493103981018,-0.0914971977472305,-0.3787974715232849,-0.1452655494213104,-0.1036854237318039,-0.3452605605125427,0.109312430024147,-0.0023567450698465,0.0335781350731849,-0.1082349196076393,-0.000917961646337,-0.0321436524391174,-177.79893522753656,0.9790012992730701,-0.028830693103373006,7.570742915550421
1,multiposture,front,2,thoracic_kyphotic_slouch,bad,-0.0433700755238533,0.0003921639581676,-0.7076734900474548,0.0485343113541603,-0.0839653760194778,-0.620485782623291,-0.0982355549931526,-0.0187184698879718,-0.6112406253814697,0.1547019630670547,-0.0884563252329826,-0.3832117617130279,-0.162718579173088,-0.1228976920247078,-0.3395687043666839,0.1076771020889282,-0.0045270659029483,0.0320009961724281,-0.1062231138348579,0.0010490071726962,-0.0297677461057901,-173.8074106207535,0.9612248091751617,-0.03936176747083665,-2.6085301186224186
1,multiposture,front,2,thoracic_kyphotic_slouch,bad,-0.0470709428191185,-0.1010439097881317,-0.7137453556060791,0.0367448329925537,-0.1789553165435791,-0.6161585450172424,-0.1071203052997589,-0.1086549311876297,-0.6014786958694458,0.15003502368927,-0.1193928942084312,-0.380811333656311,-0.1659435480833053,-0.1527568697929382,-0.3366098999977112,0.1071212068200111,-0.004501596558839,0.0308990646153688,-0.1060685217380523,0.0012436644174158,-0.0281767547130584,-173.97250941411843,0.9712808985528977,-0.039116680622100844,-3.6093320043388863
1,multiposture,front,2,thoracic_kyphotic_slouch,bad,-0.0382219441235065,0.0087077841162681,-0.7139272093772888,0.048868078738451,-0.0847939997911453,-0.6175849437713623,-0.1001764759421348,-0.0016802131431177,-0.6079533696174622,0.1593729704618454,-0.1053536012768745,-0.3830865621566772,-0.1532986015081405,-0.1302138715982437,-0.3379954397678375,0.1066270470619201,-0.0010554827749729,0.0316132828593254,-0.1056055277585983,-0.0023542733397334,-0.0289512109011411,-175.45402108149705,0.9638083971677612,-0.04125912860035894,1.2468302283098134
1,multiposture,front,2,thoracic_kyphotic_slouch,bad,-0.0201533697545528,-0.067258633673191,-0.6993132829666138,0.0547997429966926,-0.1467966884374618,-0.6058850288391113,-0.0890607163310051,-0.0780859664082527,-0.6026724576950073,0.1604740768671035,-0.0978918150067329,-0.3813477158546448,-0.1506411731243133,-0.1365088522434234,-0.3457851409912109,0.1060858592391014,-0.0030262926593422,0.0320669338107109,-0.1052414998412132,-0.0006025793845765,-0.0295031312853097,-172.92437743936688,0.9577674417986166,-0.025069821625947897,2.230538846737578
1,multiposture,front,2,thoracic_kyphotic_slouch,bad,0.009272483177483,-0.3919829428195953,-0.5993427634239197,0.0849980413913726,-0.4140230715274811,-0.4634495973587036,-0.065135508775711,-0.3685261309146881,-0.4651454985141754,0.1810623705387115,-0.294200599193573,-0.2869579493999481,-0.1447944790124893,-0.3393538296222687,-0.2381168901920318,0.1062457114458084,-0.0029475577175617,0.0318648107349872,-0.1054577156901359,-0.0005371763254515,-0.0292167756706476,-172.11089322668755,0.932996043208829,-0.0088614625856281,3.2229826374636987
1,multiposture,front,2,thoracic_kyphotic_slouch,bad,-0.010869525372982,-0.5337969660758972,-0.4816660583019256,0.0741784200072288,-0.5444827675819397,-0.3633515834808349,-0.0729416459798812,-0.4947596788406372,-0.3559309840202331,0.1818023324012756,-0.3951016664505005,-0.2141316831111908,-0.1500965356826782,-0.4338769316673279,-0.1696581840515136,0.1013476178050041,-0.000138008617796,0.0366868376731872,-0.1006222367286682,-0.0018550117965787,-0.0337655544281005,-173.33642415217793,1.0047881199978685,-0.026722423732280707,2.1454030743086476
1,multiposture,front,2,thoracic_kyphotic_slouch,bad,0.0154641130939126,-0.5305140614509583,-0.4740811288356781,0.077836237847805,-0.5469335317611694,-0.3552519381046295,-0.0616386644542217,-0.4965843856334686,-0.371142566204071,0.1811732053756714,-0.4013049900531769,-0.2047805041074752,-0.1493753641843795,-0.4416711628437042,-0.1773372441530227,0.1011308282613754,-0.000453146523796,0.0369356907904148,-0.1002792343497276,-0.001505575608462,-0.0340345054864883,-173.03758550638315,0.9734760810785803,-0.00043480750173334644,2.1073163463039206
1,multiposture,front,2,thoracic_kyphotic_slouch,bad,-0.0126583585515618,-0.5450057983398438,-0.427887886762619,0.0749963894486427,-0.5543863773345947,-0.3042641282081604,-0.0812029168009758,-0.5058565735816956,-0.2904236316680908,0.18100006878376,-0.405132532119751,-0.1612834334373474,-0.161425307393074,-0.4486557245254516,-0.1116966232657432,0.1015292257070541,-0.0002839070220943,0.0347451753914356,-0.1004430577158927,-0.001574934925884,-0.0312156956642866,-172.75639173097196,0.9875711117437962,-0.022445739246904788,1.2432392806940682
1,multiposture,front,2,thoracic_kyphotic_slouch,bad,0.0219396743923425,-0.5401115417480469,-0.4168109893798828,0.08416248857975,-0.5538557171821594,-0.2862350046634674,-0.0581854805350303,-0.5091533064842224,-0.3061630427837372,0.1792019456624984,-0.4093514680862427,-0.1469836384057998,-0.160465583205223,-0.4549270272254944,-0.110239066183567,0.101763054728508,-4.8536036047153175e-05,0.0346006192266941,-0.1003797054290771,-0.0016906505916267,-0.0310102067887783,-172.35786949600816,0.9231597580075929,0.012571493163704806,1.1525507246550437
1,multiposture,front,2,thoracic_kyphotic_slouch,bad,0.0106854913756251,-0.5515615344047546,-0.4693581163883209,0.0831282138824462,-0.5554808378219604,-0.3508218824863434,-0.0564656443893909,-0.5114771127700806,-0.351191908121109,0.1790048032999038,-0.4068934619426727,-0.2017168253660202,-0.1548740416765213,-0.4473761618137359,-0.173368901014328,0.1016331911087036,-0.0006749298772774,0.0360874459147453,-0.1003306657075882,-0.0011414586333557,-0.0328633897006511,-173.08665263819978,0.9800103209496133,-0.001379889436066142,1.5339833389819262
1,multiposture,front,2,thoracic_kyphotic_slouch,bad,-0.000124744256027,-0.4939241111278534,-0.507013738155365,0.0729545354843139,-0.5295014977455139,-0.3929618895053863,-0.0674285739660263,-0.4790201783180237,-0.3896317183971405,0.1763010770082473,-0.4147668778896332,-0.2273615449666977,-0.1552463769912719,-0.4533531069755554,-0.1753755658864975,0.1014904156327247,-0.0006590343546122,0.0352981276810169,-0.1001767739653587,-0.0013449805555865,-0.0323021449148654,-173.361654163553,0.9229872883337148,-0.010652094264514701,1.3056952649812086
1,multiposture,front,2,thoracic_kyphotic_slouch,bad,0.0320166386663913,-0.5299221873283386,-0.4375700950622558,0.1104515939950943,-0.5604482293128967,-0.2966194152832031,-0.051692321896553,-0.5106271505355835,-0.3031303286552429,0.2048216611146927,-0.4279608428478241,-0.1452851891517639,-0.1324161738157272,-0.479243129491806,-0.0816318988800048,0.1089219823479652,0.009519524872303,0.030128389596939,-0.1062767952680587,-0.0119106043130159,-0.0275297164916992,-171.35352158286864,0.8967466063551963,-0.004186104983091438,4.408733823536171
1,multiposture,front,2,thoracic_kyphotic_slouch,bad,0.022003885358572,-0.5352948904037476,-0.4700460731983185,0.1024338230490684,-0.5576741695404053,-0.3366089463233948,-0.0550729818642139,-0.5127443671226501,-0.343213826417923,0.1935646384954452,-0.420599490404129,-0.1862345337867736,-0.1328093707561493,-0.4759323298931122,-0.1306118369102478,0.1070141121745109,0.0084984293207526,0.0300853140652179,-0.1042486131191253,-0.0108877345919609,-0.0272217318415641,-170.37767649398413,0.9289072656762078,-0.008373748511075953,3.710730906974029
1,multiposture,front,2,thoracic_kyphotic_slouch,bad,0.0462012626230716,-0.5566504597663879,-0.4242811799049377,0.1040444523096084,-0.5713790059089661,-0.2906906008720398,-0.046112585812807,-0.5186485648155212,-0.3131435513496399,0.1965737342834472,-0.4249827861785888,-0.1557163596153259,-0.1322672367095947,-0.4766851365566253,-0.1088743507862091,0.1061241999268531,0.0074295061640441,0.0309592448174953,-0.1032851338386535,-0.0097506800666451,-0.0281407944858074,-171.06476104592477,0.902081036719351,0.014048013836145345,3.9099000657845453
1,multiposture,front,2,thoracic_kyphotic_slouch,bad,0.0646792128682136,-0.5651558637619019,-0.4007317423820495,0.1124671846628189,-0.5740114450454712,-0.2654860317707062,-0.0281994007527828,-0.5311816334724426,-0.2993045747280121,0.1952345669269561,-0.4292634129524231,-0.1377162337303161,-0.1357229948043823,-0.484421968460083,-0.1019917875528335,0.1061030700802803,0.0069210161454975,0.0321577452123165,-0.1031546145677566,-0.0092321587726473,-0.0291434191167354,-170.53785265438688,0.8776083340372772,0.0349234268069267,3.551424007014686
1,multiposture,front,2,thoracic_kyphotic_slouch,bad,0.0184383876621723,-0.5203569531440735,-0.4746059477329254,0.1019859164953231,-0.5533446669578552,-0.345645397901535,-0.0531983897089958,-0.5024029016494751,-0.3473764359951019,0.1985721886157989,-0.4240081310272217,-0.1855650097131729,-0.1295612901449203,-0.4774172008037567,-0.1268455535173416,0.1058156192302703,0.0077045806683599,0.0310258455574512,-0.1028916239738464,-0.0100323595106601,-0.0280401445925235,-170.75524947453385,0.9305121558108962,-0.016067061573267,4.203885813226121
1,multiposture,front,2,thoracic_kyphotic_slouch,bad,0.0070585943758487,-0.5483227372169495,-0.4509921967983246,0.1046164706349372,-0.5598685145378113,-0.318567156791687,-0.0545970201492309,-0.5234403610229492,-0.3025938868522644,0.1996001005172729,-0.4196225106716156,-0.1727000623941421,-0.1296960264444351,-0.4789936244487762,-0.1019176170229911,0.1056663990020752,0.0079222861677408,0.0301134977489709,-0.1027446612715721,-0.0101987710222601,-0.0269997436553239,-169.7795426476752,0.9496154306549418,-0.0278934426605702,4.273698131440089
1,multiposture,front,2,thoracic_kyphotic_slouch,bad,0.0260728895664215,-0.5230175256729126,-0.3853610157966614,0.1010866090655326,-0.5491588711738586,-0.2648594677448272,-0.046005729585886,-0.503591001033783,-0.2620277106761932,0.1882973462343216,-0.4092333614826202,-0.1017223671078682,-0.1155485287308693,-0.4697504043579101,-0.0590572319924831,0.102360688149929,0.0065260170958936,0.0271506197750568,-0.1003903150558471,-0.008943666703999,-0.0244195200502872,-168.73579038060456,0.9619658034566004,-0.010301519185304652,4.616340008521961
1,multiposture,front,2,thoracic_kyphotic_slouch,bad,0.0494425669312477,-0.5269944667816162,-0.3751911222934723,0.0966600850224495,-0.5556977391242981,-0.269825279712677,-0.0355751402676105,-0.4944927096366882,-0.2758611440658569,0.1781989336013794,-0.4118548333644867,-0.1114159002900123,-0.1105208024382591,-0.4550650119781494,-0.0702638328075409,0.098865270614624,0.0049369251355528,0.0256264228373765,-0.0967646166682243,-0.0074616312049329,-0.023049920797348,-171.4882129125433,0.8963156972291899,0.015603501349687549,4.338442991439122
1,multiposture,front,2,thoracic_kyphotic_slouch,bad,0.0432301238179206,-0.5206401944160461,-0.3826618194580078,0.1004484593868255,-0.5470163226127625,-0.2665509283542633,-0.0365734286606311,-0.5004740953445435,-0.2718191146850586,0.1811044067144394,-0.409949779510498,-0.1126306727528572,-0.1098508089780807,-0.4589034914970398,-0.0618566460907459,0.0988364517688751,0.005116359796375,0.0254133325070142,-0.0967951565980911,-0.0078047076240181,-0.0229283422231674,-170.44933888163698,0.8946400973095695,0.0076033249497412525,4.568604385639132
1,multiposture,front,2,thoracic_kyphotic_slouch,bad,0.0165707878768444,-0.5263684391975403,-0.3959774076938629,0.0974071025848388,-0.5484179854393005,-0.2809087038040161,-0.0490636005997657,-0.4998103976249695,-0.2692835927009582,0.1818442195653915,-0.4085269570350647,-0.1253493726253509,-0.1120228916406631,-0.4596971273422241,-0.067060574889183,0.098979152739048,0.0052888998761773,0.0252116322517395,-0.0970550179481506,-0.0080784354358911,-0.0227018296718597,-170.1222999026113,0.9412711391216881,-0.018339876085519805,4.485920268688958
1,multiposture,front,2,thoracic_kyphotic_slouch,bad,0.0390707999467849,-0.5125421285629272,-0.4372055828571319,0.0997795611619949,-0.5374788045883179,-0.3275831043720245,-0.0323741324245929,-0.4899543225765228,-0.3207695782184601,0.1791166365146637,-0.4016321003437042,-0.1708433330059051,-0.1007160991430282,-0.4557017385959625,-0.1119241192936897,0.0989357009530067,0.0060565844178199,0.0256102140992879,-0.0969930589199066,-0.0092456890270113,-0.0232219602912664,-169.06400379811544,0.894424247668305,-0.00012946873903284944,5.115140258886206
1,multiposture,front,2,thoracic_kyphotic_slouch,bad,0.0540583133697509,-0.5241137146949768,-0.4067843854427337,0.1027929261326789,-0.5496297478675842,-0.3010886311531067,-0.029935423284769,-0.4937301576137543,-0.3188636600971222,0.1795299649238586,-0.4096200168132782,-0.1551849544048309,-0.1011454984545707,-0.4536732733249664,-0.116706982254982,0.0986548364162445,0.0052416096441447,0.0258744452148675,-0.0967716872692108,-0.0083356676623225,-0.02360126003623,-171.07994628244887,0.9022855659512774,0.014866080135106957,5.082195976156022
1,multiposture,front,2,thoracic_kyphotic_slouch,bad,0.0548397898674011,-0.524764358997345,-0.408511221408844,0.1012603640556335,-0.5510122776031494,-0.3034911751747131,-0.0290225781500339,-0.4934112131595611,-0.3196430206298828,0.1794501692056656,-0.4102905392646789,-0.1562947928905487,-0.1024214252829551,-0.4532702267169952,-0.1159681007266044,0.0986431613564491,0.0050866645760834,0.025919284671545,-0.0967708304524421,-0.0081830034032464,-0.023685360327363,-171.3303369505046,0.8939715313425941,0.016325417906045858,4.991774783385107
1,multiposture,front,3,lateral_trunk_tilt_left,bad,0.2123808711767196,-0.4782121777534485,-0.3076202273368835,0.294451355934143,-0.4712352156639099,-0.1856363266706466,0.1252477765083313,-0.467172235250473,-0.1769887655973434,0.3616829514503479,-0.288921445608139,-0.0417258478701114,0.074929304420948,-0.4318268001079559,-0.0140307769179344,0.0940342172980308,0.0458774827420711,0.0398811548948287,-0.0913063585758209,-0.0485059767961502,-0.0358917489647865,-153.51036114061193,1.0960184642082347,-0.0059252567589283545,31.140163671826738
1,multiposture,front,3,lateral_trunk_tilt_left,bad,0.119154617190361,-0.5021682381629944,-0.5251468420028687,0.2050986886024475,-0.5063322186470032,-0.4050314128398895,0.0423975326120853,-0.4814662635326385,-0.3923247456550598,0.2979376018047333,-0.3496770858764648,-0.2194250971078872,-0.0316014289855957,-0.438406229019165,-0.1968928426504135,0.1040369123220443,0.0295717529952526,0.024117175489664,-0.1025170162320137,-0.0311769153922796,-0.0200408771634101,-164.93036141188523,1.0512319839300965,-0.014013469219207791,18.608973652608004
1,multiposture,front,3,lateral_trunk_tilt_left,bad,0.1232235059142112,-0.525348961353302,-0.4013987481594085,0.1836692094802856,-0.5380192399024963,-0.2827411890029907,0.0094456896185874,-0.4902374744415283,-0.2645009160041809,0.2857149839401245,-0.3753834068775177,-0.1411345601081848,-0.0424018166959285,-0.4367682635784149,-0.0971495807170867,0.1018843650817871,0.0291293803602457,0.0233314726501703,-0.1001608222723007,-0.0307661723345518,-0.0185645502060651,-169.4034642682607,0.9551309721215767,0.0015669222921131931,16.59770468830891
1,multiposture,front,3,lateral_trunk_tilt_left,bad,0.1760973632335662,-0.4487488865852356,-0.4745719730854034,0.2678926885128021,-0.4580601751804352,-0.3599056303501129,0.0621502771973609,-0.4196814596652984,-0.3502996861934662,0.354148805141449,-0.2671948969364166,-0.1589745283126831,0.0654142647981643,-0.4027195572853088,-0.1529588252305984,0.0989721342921257,0.0362894870340824,0.0327953658998012,-0.096609815955162,-0.0378564372658729,-0.0288714207708835,-154.85583186336552,1.1808448519769348,-0.03368417173624044,31.973535396576967
1,multiposture,front,3,lateral_trunk_tilt_left,bad,0.1883559376001358,-0.4764715135097503,-0.5263844728469849,0.2744817435741424,-0.4696372449398041,-0.4035671353340149,0.1123865470290184,-0.4595571160316467,-0.3840437233448028,0.3476087749004364,-0.2918193340301513,-0.2163247317075729,0.0359562672674655,-0.4318678677082062,-0.1801880300045013,0.1007785648107528,0.0418328419327735,0.0320791080594062,-0.0987274348735809,-0.0435060150921344,-0.0279981903731822,-155.80208887065382,1.035650505379658,-0.0034265834838151377,27.85207836757939
1,multiposture,front,3,lateral_trunk_tilt_left,bad,0.2471744567155838,-0.4399310350418091,-0.5027356147766113,0.2947851121425628,-0.4787359833717346,-0.3753561675548553,0.1242509707808494,-0.446692019701004,-0.4039077162742615,0.3483920693397522,-0.3214401304721832,-0.1926659792661667,0.041636649519205,-0.4352473318576813,-0.1858959197998047,0.1014790460467338,0.0416180565953254,0.0321072041988372,-0.0992531031370163,-0.0434619858860969,-0.0284340996295213,-159.64499176565968,0.9187990689487984,0.05216009728610521,27.191947067839756
1,multiposture,front,3,lateral_trunk_tilt_left,bad,0.1482407301664352,-0.4614010155200958,-0.4085220396518707,0.2191968560218811,-0.4797920286655426,-0.291271448135376,0.0783022418618202,-0.4472781419754028,-0.2935888171195984,0.2960456311702728,-0.3503753244876861,-0.1387782990932464,-0.004674632102251,-0.4379353523254394,-0.0780898332595825,0.0908118337392807,0.0294125191867351,0.0164728462696075,-0.0889635905623436,-0.0331064537167549,-0.0136047601699829,-163.76614607854395,0.896270168053643,0.0025552306324242713,20.254007984704348
1,multiposture,front,3,lateral_trunk_tilt_left,bad,0.2352711111307144,-0.4057928919792175,-0.4332695603370666,0.2885571420192718,-0.4493899941444397,-0.3238159716129303,0.1291569769382476,-0.4185301065444946,-0.3386738002300262,0.3565746545791626,-0.3187084197998047,-0.1605332195758819,0.0774721056222915,-0.415308266878128,-0.1328871101140976,0.0898706093430519,0.0337825380265712,0.0218100622296333,-0.0870987400412559,-0.0360659137368202,-0.0183221045881509,-160.908813043869,0.9160319953456545,0.018247731029987335,30.5145905715527
1,multiposture,front,3,lateral_trunk_tilt_left,bad,0.2249064892530441,-0.407503217458725,-0.450439304113388,0.2891285717487335,-0.4445323348045349,-0.3387821912765503,0.1300404220819473,-0.4217443764209747,-0.3475629389286041,0.3602926135063171,-0.3164963722229004,-0.1704970598220825,0.0812342315912246,-0.4183497726917267,-0.140047401189804,0.0893552526831626,0.035350602120161,0.022182110697031,-0.08635014295578,-0.0372312068939209,-0.0186275374144315,-159.94844489704732,0.9468229153621964,0.004143066704273252,30.89141837647088
1,multiposture,front,3,lateral_trunk_tilt_left,bad,0.3132185935974121,-0.3717958629131317,-0.4239165484905243,0.3548099100589752,-0.3982338607311249,-0.3066672682762146,0.1991645693778991,-0.3974930644035339,-0.3532165288925171,0.3877341151237488,-0.2549542784690857,-0.1794115453958511,0.1344052404165268,-0.3982316553592682,-0.172008991241455,0.0879905819892883,0.0400061532855033,0.0273756477981805,-0.0847056731581687,-0.0423648618161678,-0.025462245568633,-150.50843084535782,0.9064582867858184,0.05214891582727432,38.56265895620234
1,multiposture,front,3,lateral_trunk_tilt_left,bad,0.327151894569397,-0.366691529750824,-0.3839063644409179,0.3678972423076629,-0.4000110030174255,-0.2705899178981781,0.213325634598732,-0.3969443738460541,-0.3163493573665619,0.3973481357097626,-0.25776207447052,-0.1548793017864227,0.1501452177762985,-0.3968742787837982,-0.1384464353322982,0.0860392898321151,0.0419566556811332,0.0293186418712139,-0.082382895052433,-0.044854499399662,-0.0278639681637287,-150.63158440406679,0.8652561932356053,0.053405217826366425,39.84298579625788
1,multiposture,front,3,lateral_trunk_tilt_left,bad,0.3525226712226867,-0.3810553848743438,-0.3389259576797485,0.3858727514743805,-0.404185950756073,-0.2185403704643249,0.2327641993761062,-0.4096094369888305,-0.2650089561939239,0.4021132290363312,-0.2587045133113861,-0.1101866737008094,0.1556130200624466,-0.4015730619430542,-0.0980839431285858,0.0854702815413475,0.0438625141978263,0.0296348817646503,-0.0816811174154281,-0.046656847000122,-0.0281679891049861,-149.9039362972669,0.8471153212309969,0.07365954667329783,40.11451765783183
1,multiposture,front,3,lateral_trunk_tilt_left,bad,0.347896933555603,-0.4086823761463165,-0.1336158812046051,0.3901892900466919,-0.4239141941070556,-0.0171624775975942,0.2304422259330749,-0.427049309015274,-0.0305628012865781,0.4098744094371795,-0.2595759332180023,0.0684759616851806,0.1647176295518875,-0.4048472642898559,0.129819706082344,0.0854894891381263,0.0457544103264808,0.0301201995462179,-0.0816605240106582,-0.0481984540820121,-0.0280756875872612,-149.35050145539356,0.8061418065222067,0.06060091406106949,40.768142604775036
1,multiposture,front,4,lateral_trunk_tilt_right,bad,-0.203216090798378,-0.4779407382011413,-0.333977609872818,-0.1253448575735092,-0.5134734511375427,-0.2026260942220688,-0.2557807862758636,-0.4626359045505523,-0.2296740710735321,-0.0304703656584024,-0.4155976474285126,-0.0942116156220436,-0.3520087301731109,-0.3693999052047729,-0.0530080609023571,0.0879131704568862,-0.0418813489377498,0.0271375589072704,-0.0864066556096077,0.0383889749646186,-0.0247172079980373,171.8238550432762,0.8989924794116184,-0.011976542882621344,-26.16678320059702
1,multiposture,front,4,lateral_trunk_tilt_right,bad,-0.2465148866176605,-0.5033245086669922,-0.3351066410541534,-0.145055279135704,-0.5329805612564087,-0.2342768162488937,-0.2609380781650543,-0.4746405184268951,-0.2127531021833419,-0.0192609746009111,-0.4103210866451263,-0.1350204944610595,-0.3465807735919952,-0.3684216439723968,-0.0142131550237536,0.0889304727315902,-0.0408003143966198,0.0230088923126459,-0.0875648558139801,0.0373641662299633,-0.020890973508358,172.7053716860012,0.8745217328336216,-0.06359401252120736,-25.343573174174896
1,multiposture,front,4,lateral_trunk_tilt_right,bad,-0.1792946308851242,-0.4305423200130462,-0.4838608205318451,-0.1165832355618476,-0.4845257103443146,-0.3650552928447723,-0.2373726069927215,-0.424608051776886,-0.3779711425304413,-0.0238332580775022,-0.3911401629447937,-0.21718829870224,-0.3213410377502441,-0.3836925029754638,-0.1445451527833938,0.0925825461745262,-0.0277433432638645,0.0391743741929531,-0.0913702324032783,0.023819288238883,-0.0367556065320968,178.56598580654625,0.8391767397721369,-0.006707482971251066,-24.195457708100143
1,multiposture,front,4,lateral_trunk_tilt_right,bad,-0.191725492477417,-0.5475910305976868,-0.2475546449422836,-0.1453334391117096,-0.5836910009384155,-0.1347191482782364,-0.2467426657676696,-0.466290533542633,-0.1623440831899643,-0.0202242098748683,-0.4961193799972534,-0.0513055883347988,-0.2966246008872986,-0.3931892216205597,0.0453576669096946,0.0985621437430381,-0.0301126483827829,0.0325163714587688,-0.0979514718055725,0.0249469466507434,-0.0321550518274307,159.57491452984658,0.7648556958220248,-0.03330108709633356,-19.751133459828772
1,multiposture,front,4,lateral_trunk_tilt_right,bad,-0.1530904024839401,-0.4985597729682922,-0.2800993919372558,-0.112072579562664,-0.5212559700012207,-0.1692452430725097,-0.2176676541566848,-0.4575571417808532,-0.1976116746664047,-0.0362453386187553,-0.4157470464706421,-0.0641835108399391,-0.3257610201835632,-0.3793852925300598,0.0104484390467405,0.0962330475449562,-0.032676164060831,0.0318636521697044,-0.0954132303595542,0.0279730036854743,-0.0304548628628253,172.8414133829422,0.7229638910202271,0.027912776917219134,-24.65627145541559
1,multiposture,front,4,lateral_trunk_tilt_right,bad,-0.1599088311195373,-0.4826983213424682,-0.305477887392044,-0.1126013100147247,-0.5121160745620728,-0.1883403956890106,-0.2216948270797729,-0.4556180536746979,-0.2181561738252639,-0.0346966162323951,-0.4132272601127624,-0.0674492567777633,-0.33287113904953,-0.3777969777584076,-0.000821738562081,0.095360480248928,-0.034158706665039,0.0322262234985828,-0.0944011062383651,0.0292915180325508,-0.0305744595825672,173.22366049389373,0.7595879269435807,0.023875046521425247,-25.11579165173202
1,multiposture,front,4,lateral_trunk_tilt_right,bad,-0.2847987413406372,-0.3493840098381042,-0.2411964833736419,-0.2272641956806183,-0.4473884999752044,-0.1457877159118652,-0.3340987861156463,-0.3323135077953338,-0.1166578084230423,-0.0712629333138465,-0.3826671540737152,-0.0310892462730407,-0.3713936805725097,-0.3271048069000244,0.0673716068267822,0.0871848613023758,-0.0387621149420738,0.0196977853775024,-0.0890182256698608,0.0345547124743461,-0.0170817375183105,169.5117384384024,0.9382182360488545,-0.06347043439745909,-31.996354474720658
1,multiposture,front,4,lateral_trunk_tilt_right,bad,-0.289699912071228,-0.3686690628528595,-0.0625290721654892,-0.2232630103826522,-0.4529915750026703,0.0288799740374088,-0.3275767564773559,-0.3427414894104004,0.0854043737053871,-0.0847038105130195,-0.3855306506156921,0.1126166805624961,-0.3558640480041504,-0.3160538375377655,0.2089410126209259,0.0853530913591384,-0.0397524386644363,0.0110551761463284,-0.0871858298778534,0.0354063287377357,-0.0078096073120832,165.62880711693248,0.9501548288014731,-0.06941598281264308,-32.1800296768463
1,multiposture,front,4,lateral_trunk_tilt_right,bad,-0.301602840423584,-0.3725413978099823,-0.0993145033717155,-0.2272534370422363,-0.4548779428005218,0.006006839685142,-0.3301877081394195,-0.3477079272270202,0.040498249232769,-0.0841679349541664,-0.3816840648651123,0.0944446921348571,-0.3576346337795257,-0.3089832067489624,0.1852480620145797,0.0852298438549041,-0.0407764911651611,0.0108278002589941,-0.0870469734072685,0.036338422447443,-0.006913966499269,165.1123283727989,0.9813881959016999,-0.08070155605673793,-32.6665297158785
1,multiposture,front,4,lateral_trunk_tilt_right,bad,-0.3105555176734924,-0.3667180240154266,-0.083199918270111,-0.2373404800891876,-0.4541809856891632,0.0180432964116334,-0.3411237895488739,-0.3459581136703491,0.0567723400890827,-0.0908388569951057,-0.3842103779315948,0.1043347120285034,-0.3692030012607574,-0.3162603080272674,0.1968851834535598,0.0852139070630073,-0.0401584580540657,0.0103749735280871,-0.0870047807693481,0.0356709845364093,-0.0063859219662845,166.2820871195522,0.9959498594608892,-0.08053458854556084,-33.36180513719317
1,multiposture,front,4,lateral_trunk_tilt_right,bad,-0.3020848631858825,-0.3625235557556152,-0.1536897122859954,-0.2338798344135284,-0.4491537809371948,-0.0559029914438724,-0.3365074098110199,-0.3371490836143493,-0.0186994541436433,-0.0909224152565002,-0.3804024159908294,0.0398205146193504,-0.3702462613582611,-0.3082669079303741,0.1388373523950576,0.085003986954689,-0.0410374738276004,0.0110296811908483,-0.0868911147117614,0.0365494266152381,-0.0070456862449646,165.51971847166269,0.9402148301587402,-0.07150052487850186,-33.872922632667034
1,multiposture,front,4,lateral_trunk_tilt_right,bad,-0.2980245649814605,-0.3725042641162872,-0.1076777130365371,-0.2276090830564499,-0.4531377255916595,-0.0031878615263849,-0.3335687220096588,-0.3425313234329223,0.0288874059915542,-0.0801794156432151,-0.3819812536239624,0.0885381549596786,-0.3706505000591278,-0.3080992400646209,0.1685468405485153,0.0863532721996307,-0.0420080423355102,0.0149993086233735,-0.0882373228669166,0.0376518480479717,-0.010924250818789,165.7292935931128,1.0018906312089526,-0.07260960713028908,-33.21289554590082
1,multiposture,front,4,lateral_trunk_tilt_right,bad,-0.2951168417930603,-0.3623854219913482,-0.1583844274282455,-0.2296176254749298,-0.4462877810001373,-0.0579011850059032,-0.3291440904140472,-0.3390890657901764,-0.0254287905991077,-0.0826594531536102,-0.3802784979343414,0.0406343750655651,-0.3716943860054016,-0.307396650314331,0.1280281990766525,0.0862604975700378,-0.0424187555909156,0.0155448112636804,-0.0882372483611106,0.0380626991391181,-0.0114643620327115,165.8475607635268,0.967275311594911,-0.06793992221355438,-33.50571638551257
1,multiposture,front,5,neutral_spinal_alignment,good,0.0120244566351175,-0.5527553558349609,-0.3508244156837463,0.0867750644683837,-0.563694953918457,-0.2215038388967514,-0.0635598227381706,-0.519012987613678,-0.2236178517341613,0.1787380278110504,-0.4173048138618469,-0.0868353396654129,-0.1407598704099655,-0.4639202654361725,-0.0366351753473281,0.1058268398046493,0.0023330235853791,0.0289243012666702,-0.1031052097678184,-0.003656948916614,-0.0258550103753805,-171.69899053175965,0.9441129806744438,-0.00696462206542495,2.2945420441479687
1,multiposture,front,5,neutral_spinal_alignment,good,0.0415326282382011,-0.5554200410842896,-0.3491542637348175,0.0924863293766975,-0.5705182552337646,-0.2150982320308685,-0.0486230142414569,-0.5190846920013428,-0.2363891005516052,0.1801285594701767,-0.4208680987358093,-0.0783712044358253,-0.1402031332254409,-0.4632927179336548,-0.0342515483498573,0.1065948158502578,0.0024832030758261,0.0286235380917787,-0.1040478944778442,-0.0040410244837403,-0.0256266929209232,-172.45567205468396,0.8868180665896583,0.0215699151158332,2.4250445429018495
1,multiposture,front,5,neutral_spinal_alignment,good,0.0177326053380966,-0.5510920286178589,-0.3537107408046722,0.0908619537949562,-0.5629683136940002,-0.2249485999345779,-0.0563605651259422,-0.5211617946624756,-0.2275099903345108,0.1778221577405929,-0.4200346171855926,-0.0893905088305473,-0.142335295677185,-0.466131716966629,-0.0352764353156089,0.1067679151892662,0.0023753745481371,0.0281732566654682,-0.1042639687657356,-0.0040398794226348,-0.0251345224678516,-171.80671384751327,0.9161410073993986,-1.082569360734767e-05,2.1355599236264675
1,multiposture,front,5,neutral_spinal_alignment,good,0.0268942955881357,-0.5501782298088074,-0.3426627218723297,0.0894073769450187,-0.5634821653366089,-0.2174817770719528,-0.0531555004417896,-0.5204072594642639,-0.2287077456712722,0.1779523193836212,-0.4330545961856842,-0.0909442156553268,-0.1414734274148941,-0.4682765305042267,-0.036170769482851,0.1056363955140113,0.0017433483153581,0.0277403201907873,-0.1031496301293373,-0.0037126594688743,-0.0248137731105089,-173.70761956580134,0.8800289596047325,0.008654849603772156,2.164511267357034
1,multiposture,front,5,neutral_spinal_alignment,good,-0.0118220131844282,-0.5622414350509644,-0.3558219671249389,0.0599787682294845,-0.5733765959739685,-0.2153293192386627,-0.0924755483865737,-0.5267688035964966,-0.2272322028875351,0.1534046530723571,-0.4295549988746643,-0.0799076780676841,-0.1707541495561599,-0.4690588712692261,-0.025278327986598,0.1081703677773475,-0.0028386707417666,0.0348129011690616,-0.1051584035158157,0.0007769768126308,-0.0310721769928932,-173.05186493686116,0.9193487817707615,-0.0031472649425268017,-1.3010121254684137
1,multiposture,front,5,neutral_spinal_alignment,good,0.0043273037299513,-0.5627211332321167,-0.3736400306224823,0.0677119791507721,-0.5713241100311279,-0.2345693409442901,-0.0769628807902336,-0.5274989604949951,-0.2520669996738434,0.1556752324104309,-0.4303731918334961,-0.0942702516913414,-0.1712985932826995,-0.4700173437595367,-0.0467028059065341,0.108053334057331,-0.0030762562528252,0.0351989530026912,-0.1051827743649482,0.0009209063719026,-0.0313707888126373,-173.08688000993607,0.899792139915999,0.012138984166085597,-1.1795061250545449
1,multiposture,front,5,neutral_spinal_alignment,good,-0.0314258560538291,-0.5732271075248718,-0.3455778956413269,0.0648186430335044,-0.5777528285980225,-0.2081340253353119,-0.0832553952932357,-0.535560131072998,-0.205094963312149,0.1571320593357086,-0.4296469688415527,-0.0727469101548194,-0.1665246933698654,-0.4740460515022278,-0.0207022912800312,0.1073565408587455,-0.0030182842165231,0.0353424809873104,-0.1047662422060966,0.0007816858706064,-0.0317110270261764,-172.18894488932435,0.9886106222831645,-0.026729539036750703,-0.7615798363596654
1,multiposture,front,5,neutral_spinal_alignment,good,0.0075632710941135,-0.5677661895751953,-0.2165334373712539,0.0746591091156005,-0.5821051001548767,-0.0878822803497314,-0.072949543595314,-0.5290351510047913,-0.0892878249287605,0.1606603860855102,-0.4331912696361542,-0.0002316526224603,-0.1553239226341247,-0.4828127920627594,0.0399664975702762,0.1073693633079528,-0.0030212006531655,0.0352784246206283,-0.1048799231648445,0.0006561991758644,-0.0316724739968776,-171.07527687829028,0.9420320902029162,0.004895039368420751,0.1785408470976019
1,multiposture,front,5,neutral_spinal_alignment,good,0.0171419698745012,-0.5546397566795349,-0.3682725727558136,0.079472467303276,-0.5710110664367676,-0.2277922928333282,-0.0653948187828064,-0.5194883346557617,-0.2368372082710266,0.1713472157716751,-0.4306057095527649,-0.0728594660758972,-0.154129147529602,-0.4788732528686523,-0.0111251408234238,0.1058955490589141,-0.0026209785137325,0.034479796886444,-0.1036652401089668,6.635129830101505e-05,-0.0308079309761524,-171.56462113514812,0.8817206462059797,0.008532935753464643,0.9467793023089351
1,multiposture,front,5,neutral_spinal_alignment,good,0.0037824045866727,-0.5390309691429138,-0.2741023600101471,0.0560483820736408,-0.5601828694343567,-0.1318118572235107,-0.1005049049854278,-0.4987502694129944,-0.1559273302555084,0.1560274213552475,-0.408465176820755,0.0007049441337585,-0.1736292690038681,-0.4275633096694946,-0.0034648180007934,0.1030433773994445,-0.0126011753454804,0.0369559824466705,-0.1007374972105026,0.0119118886068463,-0.0328861474990844,-176.68436677937726,0.994008231374186,0.012583328410983002,-1.3652093842665938
1,multiposture,front,5,neutral_spinal_alignment,good,0.0072781462222337,-0.5069775581359863,-0.2929418981075287,0.057211760431528,-0.5263677835464478,-0.151729941368103,-0.0912904366850853,-0.4682924449443817,-0.1748229265213012,0.1550201177597046,-0.3817161917686462,-0.021709632128477,-0.1740083396434784,-0.4079820811748504,-0.0080340458080172,0.102852962911129,-0.0120232822373509,0.036959484219551,-0.10041044652462,0.0109201679006218,-0.0329064987599849,-175.4358354833616,0.9471132326628272,0.0167722571641206,-1.556677971692582
1,multiposture,front,5,neutral_spinal_alignment,good,-0.0248374678194522,-0.5004180669784546,-0.2488448172807693,0.0516398772597312,-0.5224540829658508,-0.1133841350674629,-0.1013824120163917,-0.4733536839485168,-0.110881395637989,0.1445123255252838,-0.3906095623970032,0.0358530916273593,-0.1697989553213119,-0.4162431955337524,0.0579435192048549,0.1017610058188438,-0.0116330496966838,0.0357675328850746,-0.0996029525995254,0.0100530879572033,-0.0312433913350105,-175.3375656288526,0.9982467917230173,-0.012194152921438158,-1.9519548117577037
1,multiposture,front,5,neutral_spinal_alignment,good,-0.0298707690089941,-0.5157676339149475,-0.2789088487625122,0.0524054616689682,-0.5334253907203674,-0.140455350279808,-0.106608472764492,-0.4843668937683105,-0.1404404193162918,0.1541631370782852,-0.3839088678359985,-0.0073814801871776,-0.1686974763870239,-0.4184697568416595,0.0122875608503818,0.1023695617914199,-0.0106570636853575,0.035420224070549,-0.1000170335173606,0.0093152802437543,-0.0309184752404689,-173.88999147335448,1.0492023389244296,-0.022603599354624745,-1.2076884581622922
1,multiposture,front,5,neutral_spinal_alignment,good,0.004422154277563,-0.5029746294021606,-0.3106366693973541,0.0534731075167655,-0.526627242565155,-0.1745434701442718,-0.095672607421875,-0.4720733761787414,-0.2035061120986938,0.155695155262947,-0.382274329662323,-0.0393559671938419,-0.1698408424854278,-0.4126455187797546,-0.0345660522580146,0.1024992913007736,-0.0106511022895574,0.0357341617345809,-0.1000694558024406,0.0092950882390141,-0.031418178230524,-174.6699647191551,0.9837596726355071,0.0114949978888034,-1.1965885737166575
1,multiposture,front,5,neutral_spinal_alignment,good,0.0169539991766214,-0.5355126261711121,-0.1239558160305023,0.0647519826889038,-0.554214358329773,0.0341282896697521,-0.0751992240548133,-0.501049816608429,0.0038667267654091,0.1512144058942794,-0.4047833681106567,0.1202625259757042,-0.157280221581459,-0.4305906295776367,0.1220588982105255,0.0989824086427688,-0.0136315301060676,0.0356101095676422,-0.0964930057525634,0.0120530240237712,-0.0315848924219608,-175.21802930996807,0.9643723003345884,0.019986907020211196,-0.587866834791869
1,multiposture,front,5,neutral_spinal_alignment,good,-0.0074320416897535,-0.4904611110687256,-0.2585464715957641,0.0607096068561077,-0.5268082618713379,-0.0906075462698936,-0.1010341569781303,-0.4772901833057403,-0.115638718008995,0.1506090611219406,-0.4019828140735626,0.0553966090083122,-0.1934688836336136,-0.4363515675067901,0.0712154656648635,0.1021316200494766,-0.0126267382875084,0.0235843937844038,-0.0989821702241897,0.0112175270915031,-0.0187293253839015,-174.29584367271508,0.9476494497554809,0.013997869566082986,-3.1466210028139296
1,multiposture,front,5,neutral_spinal_alignment,good,-0.012518199160695,-0.5152376294136047,-0.2857602536678314,0.0556173995137214,-0.5289689898490906,-0.1190860122442245,-0.1044571921229362,-0.4793953895568847,-0.1497068852186203,0.1427860409021377,-0.3900880515575409,0.0183764547109603,-0.192140445113182,-0.4212248921394348,0.0239407327026128,0.1012217849493026,-0.0135189471766352,0.0259057153016328,-0.0979615449905395,0.0121224708855152,-0.0205192025750875,-174.68869571546898,0.9825644358204956,0.012159002944827156,-3.716885810313558
1,multiposture,front,5,neutral_spinal_alignment,good,-0.0254975482821464,-0.5131063461303711,-0.2978386580944061,0.0521878823637962,-0.5254259705543518,-0.1310377717018127,-0.10892204195261,-0.476099282503128,-0.1495332717895507,0.1425243020057678,-0.3844477832317352,0.0179154202342033,-0.1907541900873184,-0.4173104763031006,0.0314138419926166,0.1010165885090828,-0.0134905464947223,0.0263964179903268,-0.0977300107479095,0.0120656881481409,-0.0209803730249404,-174.3685936033782,0.998588257356831,-0.0013826042413710993,-3.682977084711627
1,multiposture,front,5,neutral_spinal_alignment,good,-0.0525449775159359,-0.4917312562465668,-0.3011613190174103,0.0327960960566997,-0.52892005443573,-0.1742260903120041,-0.1118115484714508,-0.4791845083236694,-0.1562826484441757,0.0960774570703506,-0.3790856301784515,-0.1017749458551406,-0.1835847944021225,-0.4453102648258209,0.0572253577411174,0.0947929248213768,-0.0138971088454127,0.0018496547127142,-0.0918005108833313,0.0118042100220918,0.0023025043774396,-166.6776340599982,0.710205207554737,-0.008791308850049952,-6.280494333923172
1,multiposture,front,5,neutral_spinal_alignment,good,0.0324690602719783,-0.5173637270927429,-0.2702751755714416,0.1069979891180992,-0.5396121144294739,-0.1442650258541107,-0.035477440804243,-0.4969205856323242,-0.1436811089515686,0.2004139870405197,-0.3816294968128204,-0.0345129780471324,-0.1113693714141845,-0.4580599367618561,0.0520121604204177,0.0987768843770027,0.0134762916713953,0.0225149486213922,-0.097818836569786,-0.0188037250190973,-0.0194360222667455,-166.22615534713267,0.8933468713545333,-0.012053247541189291,6.0265952944566745
1,multiposture,front,5,neutral_spinal_alignment,good,0.0539084449410438,-0.5378901958465576,-0.2213008254766464,0.0810464546084404,-0.5408000349998474,-0.0958435982465744,-0.040126048028469,-0.4688866734504699,-0.1278819739818573,0.1645150184631347,-0.3725138008594513,-0.0147614264860749,-0.115064799785614,-0.4704090654850006,0.0827970579266548,0.0980599299073219,0.008667797781527,0.0208068788051605,-0.0965045988559722,-0.0161893330514431,-0.0183527469635009,-160.70222626048508,0.8092518749955996,0.029183335602283443,3.2812662788269473
1,multiposture,front,5,neutral_spinal_alignment,good,0.0187603030353784,-0.5214503407478333,-0.2503317296504974,0.0986144840717315,-0.541395366191864,-0.1147118285298347,-0.0445036068558692,-0.5004284977912903,-0.1191450506448745,0.1916607469320297,-0.3844496011734009,-0.0007312819361686,-0.1201870962977409,-0.456566572189331,0.0609920471906662,0.0993598029017448,0.0087035913020372,0.0324613936245441,-0.0981309935450553,-0.0151763726025819,-0.029218565672636,-166.9788564598363,0.9598605957173968,-0.016976522281766,4.811335507135777
1,multiposture,front,5,neutral_spinal_alignment,good,0.0203044060617685,-0.5241304636001587,-0.2527767419815063,0.1001112908124923,-0.5461721420288086,-0.1161999702453613,-0.0458662956953048,-0.4990656077861786,-0.1212081164121627,0.1974788159132003,-0.3895159959793091,-0.0030339900404214,-0.1206486597657203,-0.4515059888362884,0.0589714162051677,0.1000947579741478,0.008564755320549,0.0324094407260417,-0.0988967567682266,-0.0145192462950944,-0.0291761737316846,-168.97357551697039,0.956352188280551,-0.018110672011971498,5.175165353786302
1,multiposture,front,5,neutral_spinal_alignment,good,0.0477807186543941,-0.5315357446670532,-0.261712372303009,0.0911159068346023,-0.556930422782898,-0.1248130351305008,-0.0474386177957057,-0.4936114549636841,-0.1612890362739563,0.1896432042121887,-0.4031265079975128,-0.0191529039293527,-0.1320690363645553,-0.4451753199100494,0.0310581196099519,0.1001680642366409,0.0065994723699986,0.03291966766119,-0.0989844352006912,-0.0118129411712288,-0.0297950953245162,-172.55347193618664,0.8720303238342132,0.018993634730577406,3.826567709096524
1,multiposture,front,5,neutral_spinal_alignment,good,0.0216157156974077,-0.5058470964431763,-0.2793905138969421,0.0934474989771843,-0.5378660559654236,-0.1400237679481506,-0.0535086095333099,-0.4852138459682464,-0.155033603310585,0.1912953704595565,-0.3958293199539184,-0.0177035015076398,-0.1322840005159378,-0.4433947503566742,0.0392126478254795,0.1008370742201805,0.0061156204901635,0.0333308465778827,-0.0996927767992019,-0.0111877564340829,-0.0302139427512884,-171.63754066082367,0.9204652307044339,-0.007889969274401644,3.9683845304227576
1,multiposture,front,5,neutral_spinal_alignment,good,0.0290063358843326,-0.5426860451698303,-0.2870398163795471,0.1022927314043045,-0.5612610578536987,-0.1659570485353469,-0.0427545942366123,-0.5190250873565674,-0.1736160665750503,0.1886748671531677,-0.4144840836524963,-0.0205618161708116,-0.1144403591752052,-0.4782787561416626,0.0140022616833448,0.1038680896162986,0.0062837814912199,0.0310809724032878,-0.101657785475254,-0.0078433118760585,-0.0277421027421951,-168.11479176709486,0.9894929060095708,-0.008110918104648646,4.620420082802037
1,multiposture,front,5,neutral_spinal_alignment,good,0.0309078600257635,-0.5366779565811157,-0.3154775500297546,0.1011794507503509,-0.5615625381469727,-0.1942440271377563,-0.0436400361359119,-0.5148505568504333,-0.1971591562032699,0.1882953196763992,-0.4173186123371124,-0.0460684522986412,-0.1147591397166252,-0.4747536778450012,-0.0035033661406487,0.1027399599552154,0.0064455475658178,0.0287690572440624,-0.1006951779127121,-0.0085641667246818,-0.0259336251765489,-169.26854534388988,0.9549308662434399,-0.0058602299541235005,4.59279893838092
1,multiposture,front,5,neutral_spinal_alignment,good,0.0300397146493196,-0.5188788175582886,-0.3583953976631164,0.1026580184698104,-0.5377621054649353,-0.226309448480606,-0.0442816168069839,-0.5020356178283691,-0.235024020075798,0.1956205517053604,-0.4035342037677765,-0.0538918450474739,-0.1176612675189971,-0.4638784527778625,-0.004811720456928,0.1059039086103439,0.006880760192871,0.0272191315889358,-0.1034319326281547,-0.0090512996539473,-0.0246452875435352,-169.09723494363837,0.943633574791846,-0.008939927443862059,4.986096212222901
1,multiposture,front,5,neutral_spinal_alignment,good,0.0230501145124435,-0.5230244398117065,-0.2887431979179382,0.1017629951238632,-0.5533092617988586,-0.1493699252605438,-0.0464189611375331,-0.5060743093490601,-0.1411699801683426,0.1984955370426178,-0.4167689085006714,-0.0265367571264505,-0.1162395626306533,-0.4717334806919098,0.0439391918480396,0.1071356236934661,0.0072242734022438,0.0262978188693523,-0.1048354506492614,-0.0091931354254484,-0.0232917536050081,-170.09390453229713,0.9138276177696216,-0.01807787269353875,5.153520955639003
1,multiposture,front,5,neutral_spinal_alignment,good,0.0520366057753562,-0.5252362489700317,-0.3048597276210785,0.1104543283581733,-0.556763231754303,-0.1786859929561615,-0.0304608736187219,-0.5089644193649292,-0.1873455196619033,0.1983750164508819,-0.4177830517292022,-0.0458230338990688,-0.1117324754595756,-0.4765833020210266,0.013299411162734,0.1050465703010559,0.007402631919831,0.0262577217072248,-0.1028749346733093,-0.0092761628329753,-0.0232435185462236,-169.26346414003075,0.8759368802208418,0.00871533527970305,5.406712424392725
1,multiposture,front,5,neutral_spinal_alignment,good,0.0405178107321262,-0.5201877951622009,-0.3065267503261566,0.1026436239480972,-0.5597395896911621,-0.1933435946702957,-0.0397619493305683,-0.5047984719276428,-0.2026913464069366,0.1984721720218658,-0.4275790154933929,-0.0487256273627281,-0.1106292977929115,-0.4786311089992523,0.000548910757061,0.1036961376667022,0.0070785731077194,0.0261689219623804,-0.1014912649989128,-0.0089315064251422,-0.0231764316558837,-170.6215293247414,0.9171499700369324,-0.0034036263823509424,5.409486646098098
1,multiposture,front,5,neutral_spinal_alignment,good,0.0565863139927387,-0.516444742679596,-0.2657079398632049,0.0993819013237953,-0.548503041267395,-0.1499238759279251,-0.0295367799699306,-0.496825635433197,-0.1984595209360122,0.1760824173688888,-0.4025040864944458,-0.0387352108955383,-0.0973369926214218,-0.463777482509613,-0.0265173260122537,0.0988034009933471,0.0062918560579419,0.0265283789485692,-0.0968062207102775,-0.0095513183623552,-0.024207217618823,-167.3686862135196,0.9702797721857911,0.017213601619005203,5.081924362196735
1,multiposture,front,5,neutral_spinal_alignment,good,0.006876824889332,-0.5387312173843384,-0.3012655377388,0.07933209836483,-0.573272705078125,-0.1673033535480499,-0.0736114606261253,-0.524219810962677,-0.176375150680542,0.1716992110013961,-0.4498569369316101,-0.0192313101142644,-0.1470614671707153,-0.4874406456947326,0.0459951013326644,0.110329195857048,0.0018599036848172,0.0266432520002126,-0.1068566218018531,-0.0028843788895756,-0.0231179073452949,-173.27554549590224,0.8832245312848218,-0.005442047026008396,1.2949943635322638
1,multiposture,front,5,neutral_spinal_alignment,good,0.0395859777927398,-0.5813120007514954,-0.182157352566719,0.0701845809817314,-0.6047224998474121,-0.0685594752430915,-0.0585783571004867,-0.5209513306617737,-0.09596998244524,0.1782452911138534,-0.4504586458206177,0.0429593436419963,-0.1422250568866729,-0.4962694346904754,0.0506668128073215,0.1081362217664718,-0.0030051877256482,0.0263820681720972,-0.1052614524960517,0.0010587467113509,-0.0227531585842371,-171.8647621809266,0.9596709996023399,0.021575860679149544,2.009265015213857
1,multiposture,front,5,neutral_spinal_alignment,good,-0.0011899584205821,-0.580049455165863,-0.2654876410961151,0.078754037618637,-0.5959592461585999,-0.1293908208608627,-0.0731462016701698,-0.5437700152397156,-0.1266687959432602,0.171207770705223,-0.4470511078834533,0.013634636066854,-0.144461840391159,-0.4998216927051544,0.0776205137372016,0.1078224927186966,-0.00253636832349,0.0268559958785772,-0.1049487218260765,0.0008669136441312,-0.0233978815376758,-170.5096036983735,0.9306663670943504,-0.014562923577614099,1.4467609311038099
1,multiposture,front,5,neutral_spinal_alignment,good,-0.0004144414269831,-0.5713987350463867,-0.2623452246189117,0.0801627933979034,-0.5922654867172241,-0.1267137974500656,-0.0734515190124511,-0.5435457825660706,-0.1280639618635177,0.1719334870576858,-0.4475902915000915,0.0122375823557376,-0.1437264382839203,-0.4948225021362304,0.0778262987732887,0.1078216731548309,-0.0003209520655218,0.0258966349065303,-0.1048346310853958,-0.0009782147826626,-0.0224556792527437,-171.48996561980488,0.9205298785066454,-0.014517965813865854,1.5350475749950327
1,multiposture,front,5,neutral_spinal_alignment,good,0.0227215159684419,-0.5751427412033081,-0.2717441916465759,0.082648754119873,-0.5958248972892761,-0.136083573102951,-0.0654690712690353,-0.5396561026573181,-0.1581344157457351,0.1735906153917312,-0.4509901702404022,2.5497840397292748e-05,-0.1438816338777542,-0.4886745810508728,0.0562012083828449,0.1079368516802787,0.0003694622428156,0.0256003569811582,-0.1048745140433311,-0.0016503224615007,-0.0221191644668579,-173.23058405963712,0.8858069750602002,0.007867025211453403,1.6265518649877453
1,multiposture,front,5,neutral_spinal_alignment,good,0.0358844324946403,-0.5767681002616882,-0.252368688583374,0.0794809907674789,-0.5967354774475098,-0.124870628118515,-0.0563122183084487,-0.5401512980461121,-0.1511618047952652,0.1725800782442093,-0.4499493837356567,0.0016076950123533,-0.1443134993314743,-0.4849678874015808,0.053403615951538,0.1081156805157661,0.0006831753416918,0.0251338258385658,-0.1050037741661071,-0.0019317031837999,-0.0216512326151132,-173.69408268196548,0.8594544830047873,0.02175114303827281,1.5432754059112372
1,multiposture,front,5,neutral_spinal_alignment,good,0.0262932106852531,-0.5368043780326843,-0.308102548122406,0.0856031477451324,-0.559257984161377,-0.1890483349561691,-0.0499461069703102,-0.509972870349884,-0.2018370628356933,0.1853609830141067,-0.4290680587291717,-0.0472879037261009,-0.1376865655183792,-0.4728251695632934,0.0004103444807697,0.1030110344290733,0.002209942555055,0.0248846523463726,-0.1015854328870773,-0.0033133297692984,-0.0208676476031541,-172.28617632818205,0.9119943475173766,0.00245600193738936,2.9391286665235516
1,multiposture,front,5,neutral_spinal_alignment,good,0.0211942251771688,-0.5424057841300964,-0.301115483045578,0.0874585583806037,-0.5595875382423401,-0.1801966726779937,-0.0560028776526451,-0.5112209320068359,-0.1901184171438217,0.1867202371358871,-0.4287383258342743,-0.043018102645874,-0.1357616633176803,-0.4734107851982116,0.0045568812638521,0.1023406088352203,0.002247363794595,0.0235922522842884,-0.1009041592478752,-0.0034788192715495,-0.0194796491414308,-172.1131790065298,0.9330450291010247,-0.0042850617319345925,3.1462987566493257
1,multiposture,front,5,neutral_spinal_alignment,good,0.0485321544110775,-0.523768424987793,-0.319743663072586,0.0900700837373733,-0.5540415048599243,-0.1997180432081222,-0.0444994308054447,-0.4994464218616485,-0.2285027354955673,0.1853513717651367,-0.4399523437023163,-0.0645781382918357,-0.1366207301616668,-0.4710011482238769,-0.0211257208138704,0.102401778101921,0.0014385464601218,0.0239245072007179,-0.1005501747131347,-0.0028379708528518,-0.0199774745851755,-174.49181591625523,0.8483518842802515,0.024166833609342547,2.9504529101599326
1,multiposture,front,5,neutral_spinal_alignment,good,0.0392721332609653,-0.5600891709327698,-0.1912869811058044,0.1094647571444511,-0.5513714551925659,-0.0732677355408668,-0.033839713782072,-0.5145750641822815,-0.0632880553603172,0.1941743046045303,-0.4123039841651916,0.0536185279488563,-0.131094828248024,-0.4613558053970337,0.1009798794984817,0.1044881939888,0.0029718815349042,0.0257028676569461,-0.1030977293848991,-0.0047246553003787,-0.0215962287038564,-171.42419878737476,0.9230442528316986,0.007732395082712139,4.04703698689519
2,multiposture,front,6,posterior_trunk_recline,bad,0.0496546626091003,-0.5476863980293274,-0.1038062572479248,0.1127460300922393,-0.5588034391403198,0.0224902629852294,-0.0307065434753894,-0.5330320596694946,0.0057484786957502,0.183007538318634,-0.4067552983760834,0.1167342066764831,-0.1172598153352737,-0.4819959700107574,0.1602112054824829,0.1015245765447616,0.0069608520716428,0.0269853174686431,-0.0986849516630172,-0.0113779306411743,-0.0241055488586425,-165.93254183265003,0.9202702292015467,0.016780801117420148,4.068944939610212
2,multiposture,front,6,posterior_trunk_recline,bad,0.0098428092896938,-0.5653674006462097,-0.1374345272779464,0.0828095450997352,-0.5741264224052429,-0.0270771346986293,-0.0582981705665588,-0.5366173982620239,-0.0242607612162828,0.1742736101150512,-0.418411523103714,0.0745042040944099,-0.1226851865649223,-0.4814761877059936,0.1169688031077385,0.0999522283673286,0.0025801460724323,0.0223847851157188,-0.0973243862390518,-0.007127490825951,-0.0189381930977106,-168.01031522082772,1.023399329794492,-0.015951402485370643,3.1300314526558384
2,multiposture,front,6,posterior_trunk_recline,bad,0.0033155637793242,-0.5392472147941589,-0.1648333370685577,0.0774164795875549,-0.5561413764953613,-0.0505589842796325,-0.0619397759437561,-0.5146960020065308,-0.0445957668125629,0.1756276339292526,-0.4073710441589355,0.0624445974826812,-0.1238364279270172,-0.4651743769645691,0.112113244831562,0.0993930473923683,0.0032727106008678,0.0218386892229318,-0.0968642681837081,-0.0079290987923741,-0.0183815062046051,-169.07497762652443,1.0019512669785617,-0.0225800392217935,3.2486915293009018
2,multiposture,front,6,posterior_trunk_recline,bad,0.0829090401530265,-0.5175106525421143,-0.1678561866283416,0.1550367474555969,-0.5361089110374451,-0.0548023916780948,0.0055450997315347,-0.4849050939083099,-0.0506188161671161,0.2600533664226532,-0.372763067483902,0.0618332400918006,-0.0607566460967063,-0.443799614906311,0.1149326413869857,0.1052050217986106,0.0175175946205854,0.0187653377652168,-0.103911243379116,-0.0201220102608203,-0.0144151877611875,-167.51452490744532,0.9954941785850767,-0.016739320009946948,13.672177296738077
2,multiposture,front,7,thoracic_kyphotic_slouch,bad,-0.0148595171049237,-0.333994448184967,-0.6342872381210327,0.0715327858924865,-0.3783374428749084,-0.5110447406768799,-0.0768786892294883,-0.3230862915515899,-0.5075784921646118,0.1859086155891418,-0.2691940367221832,-0.3576591312885284,-0.1583262085914611,-0.3116157352924347,-0.2838915586471557,0.1092041358351707,0.0026175118982791,0.020840972661972,-0.1098358556628227,-0.004863706883043,-0.0186231136322021,-172.97458954978111,0.9172244179863374,-0.028650720603764047,2.7918639142756794
2,multiposture,front,7,thoracic_kyphotic_slouch,bad,-0.0168709028512239,-0.3308331072330475,-0.6320881247520447,0.0687979161739349,-0.3770829141139984,-0.5083228945732117,-0.0798545479774475,-0.3258703947067261,-0.506399929523468,0.1817306578159332,-0.267973393201828,-0.3529119491577148,-0.1602975875139236,-0.3164065778255462,-0.2871080338954925,0.1086515188217163,0.0026318787131458,0.0217964444309473,-0.1090622767806053,-0.0048586009070277,-0.0193785671144723,-171.94017243612598,0.931646025357395,-0.027587438002228706,2.1488710993151336
2,multiposture,front,7,thoracic_kyphotic_slouch,bad,-0.0260647013783454,-0.3431398570537567,-0.6257910132408142,0.0654343217611312,-0.3837174475193023,-0.5029779076576233,-0.0835177823901176,-0.3375608623027801,-0.4990102052688598,0.178722009062767,-0.2738394141197204,-0.3514884114265442,-0.1615320295095443,-0.320788025856018,-0.2850925624370575,0.1081115007400512,0.0027118998114019,0.0220809541642665,-0.108457401394844,-0.0049487934447824,-0.0195903740823268,-172.14387417252914,0.9508225119772008,-0.034659691154956755,1.6955682591036911
2,multiposture,front,7,thoracic_kyphotic_slouch,bad,0.0041619036346673,-0.3456013202667236,-0.6199170351028442,0.0696012452244758,-0.3900147974491119,-0.4948174059391022,-0.074077159166336,-0.3353801071643829,-0.504441499710083,0.1809496283531189,-0.2772561013698578,-0.3435615003108978,-0.1617025732994079,-0.3199490010738373,-0.2847665846347809,0.1080626025795936,0.0026292817201465,0.0225836876779794,-0.108339712023735,-0.0048467582091689,-0.0200931206345558,-172.89780810834728,0.8940349101144253,-0.005461623892188196,1.8794524770732863
2,multiposture,front,7,thoracic_kyphotic_slouch,bad,-0.0075139985419809,-0.3357256948947906,-0.6269858479499817,0.0677522271871566,-0.3790263831615448,-0.5038212537765503,-0.0768885463476181,-0.3281452059745788,-0.5078690648078918,0.1788201034069061,-0.2705211639404297,-0.3488401174545288,-0.1613944172859192,-0.3164578676223755,-0.2881141304969787,0.1078710854053497,0.0027491634245961,0.0230728108435869,-0.1080772653222084,-0.0049857068806886,-0.0205282215029001,-172.31027150545873,0.9152341402613873,-0.016226841602474354,1.7271286478326526
2,multiposture,front,7,thoracic_kyphotic_slouch,bad,-0.029527872800827,-0.3420810401439667,-0.6230840086936951,0.0578847639262676,-0.3848557472229004,-0.5019174814224243,-0.0884431600570678,-0.3331356048583984,-0.4962829351425171,0.1760266572237014,-0.273617148399353,-0.3485255241394043,-0.1636116355657577,-0.3177854716777801,-0.2822799682617187,0.10760448127985,0.0027408357709646,0.022614112123847,-0.1077977269887924,-0.0050244890153408,-0.0200182031840086,-172.5905422242313,0.9528906648716121,-0.03573538362979885,1.22605158142306
2,multiposture,front,7,thoracic_kyphotic_slouch,bad,-0.012595641426742,-0.546603798866272,-0.3505123257637024,0.0666688978672027,-0.5569565296173096,-0.2459425926208496,-0.0645050555467605,-0.5078500509262085,-0.2365798354148864,0.1838860660791397,-0.3946175575256347,-0.1319913268089294,-0.1508667171001434,-0.434050440788269,-0.0650097131729126,0.109324499964714,0.0035473050083965,0.0277999639511108,-0.1083358377218246,-0.0053905141539871,-0.0248408317565917,-173.2816879952037,0.9828959643607389,-0.029105315916240153,2.2184941117980217
2,multiposture,front,7,thoracic_kyphotic_slouch,bad,-0.0083454754203557,-0.5396554470062256,-0.380384236574173,0.0670996308326721,-0.5572108626365662,-0.2766927182674408,-0.0642479658126831,-0.5062834620475769,-0.2704586088657379,0.1851221472024917,-0.4003504812717438,-0.1563377678394317,-0.1495203375816345,-0.4428986608982086,-0.0963450446724891,0.1095552220940589,0.0036751022562384,0.0291366390883922,-0.1084435880184173,-0.005541508551687,-0.026128938421607,-172.7539968215372,0.9865511072448667,-0.026146380230784305,2.3473689727578253
2,multiposture,front,7,thoracic_kyphotic_slouch,bad,-0.0047569940797984,-0.5350143313407898,-0.4073629081249237,0.0706025213003158,-0.5533841848373413,-0.2996170818805694,-0.0629369243979454,-0.5028740167617798,-0.2939802706241607,0.1874085366725921,-0.3985788524150848,-0.1715400964021682,-0.1475856453180313,-0.4392412602901459,-0.1145456060767173,0.110043428838253,0.0036300150677561,0.0295159649103879,-0.1088359281420707,-0.0054844198748469,-0.0264604296535253,-173.07915638897396,0.9817973332723586,-0.0246684397570788,2.6447583415864457
2,multiposture,front,7,thoracic_kyphotic_slouch,bad,-0.004747652914375,-0.536496102809906,-0.39079350233078,0.0691463127732276,-0.5552465319633484,-0.2855764329433441,-0.0629911795258522,-0.5041534900665283,-0.2820301651954651,0.1868691146373748,-0.3993143439292907,-0.1621586233377456,-0.1477533727884292,-0.4418754577636719,-0.1049632206559181,0.1098458096385002,0.0037463926710188,0.0294331572949886,-0.1086384132504463,-0.0056098191998898,-0.0263966266065835,-172.75138898198566,0.985069221355089,-0.024305523838847796,2.5860180212598194
2,multiposture,front,7,thoracic_kyphotic_slouch,bad,-0.0051487311720848,-0.5369786620140076,-0.3992150425910949,0.0706379935145378,-0.5528078079223633,-0.2957795560359955,-0.0622885785996913,-0.5021169185638428,-0.2879523336887359,0.186583325266838,-0.396226018667221,-0.1767102628946304,-0.1486299186944961,-0.43735072016716,-0.1134089827537536,0.1101795583963394,0.0034669062588363,0.0301434975117445,-0.1089581623673439,-0.0053162747062742,-0.0270561669021844,-173.00577726450013,0.9723588503400912,-0.024125434458255747,2.5287402768383425
2,multiposture,front,7,thoracic_kyphotic_slouch,bad,-0.0069301561452448,-0.5365198254585266,-0.4009184837341308,0.0703451260924339,-0.5516546964645386,-0.2975265085697174,-0.0624213144183158,-0.5007967352867126,-0.2897930741310119,0.1862579733133316,-0.3954376876354217,-0.178268700838089,-0.1490641236305236,-0.4322176575660705,-0.1181000396609306,0.1103225499391555,0.0030790844466537,0.0305620022118091,-0.1091296821832656,-0.0049182749353349,-0.0274436492472887,-173.74050653802615,0.9805957410534846,-0.025527080986648805,2.4961961492578975
2,multiposture,front,7,thoracic_kyphotic_slouch,bad,-0.0088934265077114,-0.5698790550231934,-0.353532612323761,0.067908838391304,-0.5832187533378601,-0.2323054522275924,-0.0717189610004425,-0.5286147594451904,-0.2370525002479553,0.1867589056491851,-0.4240458607673645,-0.0997871160507202,-0.1574168652296066,-0.4623515605926513,-0.052776463329792,0.1126666069030761,0.0011853902833536,0.0336084850132465,-0.1106420084834098,-0.0032612693030387,-0.0298372097313404,-173.6492927946801,0.9994287755039908,-0.02356444671750065,1.7693525383075108
2,multiposture,front,7,thoracic_kyphotic_slouch,bad,-0.0029926048591732,-0.5715888738632202,-0.3598789572715759,0.0788961723446846,-0.5815950632095337,-0.2378323078155517,-0.0650846734642982,-0.531018078327179,-0.2342220544815063,0.1964857578277588,-0.4218433797359466,-0.1061722487211227,-0.1550019681453704,-0.4660319089889526,-0.0552092343568801,0.1113632321357727,0.0025555642787367,0.0353596843779087,-0.1093069016933441,-0.0052601611241698,-0.0321010164916515,-172.8344504218176,0.9980687587473255,-0.023734499700367395,2.550394891891568
2,multiposture,front,7,thoracic_kyphotic_slouch,bad,-0.001816063420847,-0.5622847676277161,-0.371256023645401,0.0786342769861221,-0.5771343111991882,-0.2461847513914108,-0.0666070207953453,-0.5270418524742126,-0.2468876540660858,0.1959729790687561,-0.4215496480464935,-0.1122407540678978,-0.1556659638881683,-0.4667853116989136,-0.0648393779993057,0.1112030446529388,0.0025378256104886,0.0354406647384166,-0.109137125313282,-0.0052194725722074,-0.032169371843338,-172.66959536725673,0.997370592248625,-0.021969571011140897,2.4724045370270242
2,multiposture,front,7,thoracic_kyphotic_slouch,bad,-0.0034919339232146,-0.5712231397628784,-0.3525510728359222,0.0801325067877769,-0.5787991881370544,-0.2299487441778183,-0.0648352280259132,-0.5311957597732544,-0.2239722609519958,0.1964283138513565,-0.421079009771347,-0.1023852750658989,-0.1549084633588791,-0.4670150876045227,-0.051257636398077,0.11102294921875,0.0024771427270025,0.0355038046836853,-0.1089133843779563,-0.0051174000836908,-0.0322217531502246,-172.55102758450815,1.0021262280914978,-0.02425185916945331,2.5484713422906053
2,multiposture,front,7,thoracic_kyphotic_slouch,bad,-0.0191807430237531,-0.5303739905357361,-0.368679940700531,0.0702746734023094,-0.5421326160430908,-0.2739567160606384,-0.0595861040055751,-0.498063176870346,-0.2542816996574402,0.1924398839473724,-0.3997419774532318,-0.1392150521278381,-0.1445542722940445,-0.4485205113887787,-0.0687053576111793,0.1081796661019325,0.0041356864385306,0.0234439801424741,-0.1061117425560951,-0.0056604305282235,-0.0200469382107257,-171.76387043180745,1.009293186288801,-0.043123548850417054,3.0973019951588796
2,multiposture,front,7,thoracic_kyphotic_slouch,bad,-0.0049076816067099,-0.5212159156799316,-0.3778880834579468,0.0734913349151611,-0.540281355381012,-0.2790913879871368,-0.0584049373865127,-0.4961388409137726,-0.2682376503944397,0.1949213147163391,-0.4000978469848633,-0.1398380249738693,-0.1414237022399902,-0.4489999115467071,-0.0756632462143898,0.1081335842609405,0.0034891723189502,0.0253794491291046,-0.1059801653027534,-0.0047766002826392,-0.0220422148704528,-171.72758487528705,0.9828261652189625,-0.031656487844884354,3.4656536917361316
2,multiposture,front,7,thoracic_kyphotic_slouch,bad,-0.0087807020172476,-0.5204873085021973,-0.3777911961078644,0.0716137290000915,-0.5413614511489868,-0.2774439454078674,-0.0601615905761718,-0.4945215284824371,-0.2668582499027252,0.1959762275218963,-0.4010016024112701,-0.1373063921928405,-0.1397357434034347,-0.448531836271286,-0.0731904581189155,0.107978880405426,0.0033821749966591,0.0256349630653858,-0.10580475628376,-0.0046443822793662,-0.022308737039566,-171.941599574585,0.9953271554321607,-0.036900944076478405,3.646934497314937
2,multiposture,front,7,thoracic_kyphotic_slouch,bad,-0.0084209339693188,-0.5249468684196472,-0.3611696362495422,0.0715535134077072,-0.5460145473480225,-0.2648009359836578,-0.059960201382637,-0.4967386722564697,-0.2510918974876404,0.1970112919807434,-0.40245121717453,-0.1272327601909637,-0.1373421251773834,-0.4495613574981689,-0.0639846995472908,0.1078461781144142,0.0032935701310634,0.0258473493158817,-0.1056211814284324,-0.0045425612479448,-0.0225847773253917,-171.97986397591424,1.005910366998072,-0.038255517370998804,3.862789219289928
2,multiposture,front,7,thoracic_kyphotic_slouch,bad,-0.0121766719967126,-0.5199639797210693,-0.3843810558319092,0.0656142234802246,-0.5454596877098083,-0.2828096151351928,-0.0676613450050354,-0.4930272996425628,-0.276045560836792,0.1976413130760193,-0.4034092724323272,-0.1410712301731109,-0.1379666626453399,-0.4485398530960083,-0.0816940814256668,0.1080186441540718,0.0031165876425802,0.0260964296758174,-0.1057597324252128,-0.0043262667022645,-0.0228206515312194,-172.34114678814987,1.0187689925246364,-0.04201399721205229,3.8609923634368335
2,multiposture,front,7,thoracic_kyphotic_slouch,bad,-0.0064578773453831,-0.5196821093559265,-0.3820685148239136,0.0708213225007057,-0.5438945293426514,-0.281444787979126,-0.0635535195469856,-0.4928209185600281,-0.2727378904819488,0.19759002327919,-0.4030341804027557,-0.1396180540323257,-0.1383107155561447,-0.4485630989074707,-0.0775657147169113,0.1080473288893699,0.0030177747830748,0.0262739099562168,-0.1057821735739708,-0.0042125224135816,-0.0230198837816715,-172.28101230361312,0.995035935126984,-0.03609753120690576,3.835582482423678
2,multiposture,front,7,thoracic_kyphotic_slouch,bad,-0.027572376653552,-0.5385275483131409,-0.3293255865573883,0.0640764012932777,-0.5599740743637085,-0.2331097275018692,-0.072422094643116,-0.5129396915435791,-0.2173184603452682,0.1752859205007553,-0.4056185483932495,-0.1236029043793678,-0.1175842434167862,-0.4657647609710693,-0.0417536683380603,0.1063672006130218,0.0058917244896292,0.0213621407747268,-0.10503900796175,-0.0079176006838679,-0.0187142621725797,-168.39463084552335,1.025909129760627,-0.05642321519553656,3.7101505125699936
2,multiposture,front,7,thoracic_kyphotic_slouch,bad,-0.057008296251297,-0.5395060181617737,-0.3987269997596741,0.0417766198515892,-0.5557681322097778,-0.3147605657577514,-0.0854274630546569,-0.5049492120742798,-0.28280770778656,0.1762756258249282,-0.3948907256126404,-0.1885176450014114,-0.1347430795431137,-0.4372681677341461,-0.1066725328564643,0.1064809933304786,0.0057934653013944,0.0215890649706125,-0.1051817759871482,-0.0076717245392501,-0.0187129825353622,-172.24101928433495,1.0836043825250148,-0.07777456939220424,2.774240520763315
2,multiposture,front,7,thoracic_kyphotic_slouch,bad,-0.0391607843339443,-0.5264694690704346,-0.415649801492691,0.0470984578132629,-0.5461577773094177,-0.3277066051959991,-0.0797067284584045,-0.4921641051769256,-0.3047873973846435,0.1797450333833694,-0.394344687461853,-0.1953492164611816,-0.1369306594133377,-0.4353874921798706,-0.1225139051675796,0.1063704043626785,0.0057229925878345,0.0220706779509782,-0.1051267981529235,-0.0075487946160137,-0.0190890859812498,-172.61533553230953,1.0476468445076301,-0.06056797131896014,2.8745168681160918
2,multiposture,front,7,thoracic_kyphotic_slouch,bad,-0.0367093347012996,-0.5101079344749451,-0.4366246163845062,0.0472633987665176,-0.5368678569793701,-0.3524784445762634,-0.0788820832967758,-0.4788684844970703,-0.3267627954483032,0.1800070703029632,-0.392484575510025,-0.2153036594390869,-0.1398221552371978,-0.4301996529102325,-0.1369370222091674,0.1063471212983131,0.0055714761838316,0.0222541205585002,-0.1051496192812919,-0.0073640728369355,-0.0193211399018764,-173.274594774169,1.013731271540226,-0.0568017922341823,2.7191614777459017
2,multiposture,front,7,thoracic_kyphotic_slouch,bad,-0.0280234217643737,-0.5076789855957031,-0.4451251626014709,0.0542860515415668,-0.533744215965271,-0.3596943616867065,-0.0719378292560577,-0.47883141040802,-0.3376034200191498,0.1829623430967331,-0.3918906450271606,-0.2227644771337509,-0.139041781425476,-0.4299293160438537,-0.1481876969337463,0.1066874861717224,0.0053951940499246,0.0227118767797946,-0.1054813861846923,-0.0071334829553961,-0.0197224114090204,-173.2628151666321,1.0038607647274835,-0.04998370260000225,2.981591835805686
2,multiposture,front,7,thoracic_kyphotic_slouch,bad,-0.0235896129161119,-0.5082238912582397,-0.4327464401721954,0.0566834434866905,-0.5341910123825073,-0.3425394892692566,-0.070422776043415,-0.4806413650512695,-0.3274068534374237,0.183623194694519,-0.3935378789901733,-0.2081367075443267,-0.1394980251789093,-0.4340419471263885,-0.1409316211938858,0.1068095564842224,0.0052844416350126,0.0233652610331773,-0.1056142225861549,-0.0069999652914702,-0.0204050913453102,-172.855095779423,1.011680558232054,-0.04565219767391675,2.9756541421136347
2,multiposture,front,7,thoracic_kyphotic_slouch,bad,0.0875021442770958,-0.4982722699642181,-0.3282356262207031,0.1446194946765899,-0.5181890726089478,-0.2347155958414077,0.0064176260493695,-0.4620028436183929,-0.2145116776227951,0.25296750664711,-0.3688724339008331,-0.102273978292942,-0.0686370879411697,-0.4276107251644134,-0.0348733402788639,0.1046082004904747,0.012221910059452,0.0189674943685531,-0.1037298664450645,-0.0150045463815331,-0.0153514202684164,-169.6495063861189,0.9080507206975496,-0.004663065075874356,13.014520439727987
2,multiposture,front,7,thoracic_kyphotic_slouch,bad,0.0930826738476753,-0.4885073900222778,-0.3965196907520294,0.1534918546676635,-0.5099532008171082,-0.29317307472229,0.0108160646632313,-0.4577479660511017,-0.2945279777050018,0.2574374079704284,-0.3636752665042877,-0.1463353186845779,-0.0650849565863609,-0.425681322813034,-0.0901168659329414,0.1046478599309921,0.0130869038403034,0.0189547631889581,-0.103680320084095,-0.0157529078423976,-0.0152848260477185,-169.11746673575297,0.9253385452559997,-0.003093551844358458,13.673214746223007
2,multiposture,front,8,lateral_trunk_tilt_left,bad,0.1836047768592834,-0.4477230608463287,-0.381348192691803,0.2517106235027313,-0.497023344039917,-0.2847652435302734,0.0912275463342666,-0.4441714286804199,-0.282172828912735,0.3470581769943237,-0.34854257106781,-0.1290991902351379,0.0510594397783279,-0.4459863603115082,-0.0849050283432006,0.089253157377243,0.0492570251226425,0.0170139670372009,-0.0878563299775123,-0.0512688681483268,-0.0123220682144165,-161.7782796061488,0.9747086034428417,-0.015454031527042389,26.591779705447074
2,multiposture,front,8,lateral_trunk_tilt_left,bad,0.1935101002454757,-0.4629311561584472,-0.3442879617214203,0.2570756673812866,-0.4987816214561462,-0.2605520486831665,0.1124774068593978,-0.4665463864803314,-0.2576949894428253,0.3461835384368896,-0.3500010669231415,-0.1277297288179397,0.0654129534959793,-0.4649351239204407,-0.0823738723993301,0.0883550941944122,0.0467647835612297,0.0173126477748155,-0.0866568982601165,-0.0483915731310844,-0.0124762784689664,-157.73815285438442,0.9878571469662482,-0.012288145720958737,26.747562481524064
2,multiposture,front,8,lateral_trunk_tilt_left,bad,0.1704883426427841,-0.4706568419933319,-0.2637701332569122,0.2439610064029693,-0.5088809728622437,-0.1968296766281128,0.1001118123531341,-0.4748432040214538,-0.1777373403310775,0.3424474895000458,-0.3630130290985107,-0.0811373814940452,0.0627439618110656,-0.4663448631763458,-0.0118989069014787,0.0881658941507339,0.0457666330039501,0.0152283664792776,-0.086330272257328,-0.0473295859992504,-0.0096310107037425,-159.72408461482618,0.9962983999624634,-0.032107383012771606,25.978371904794674
2,multiposture,front,8,lateral_trunk_tilt_left,bad,0.1923850774765014,-0.4698953330516815,-0.3302085697650909,0.2542930841445923,-0.5003350973129272,-0.2624836266040802,0.1127824783325195,-0.4727867543697357,-0.2414687722921371,0.3428095281124115,-0.3492727875709533,-0.1266040802001953,0.0739775151014328,-0.4671890437602997,-0.0731672197580337,0.0870214998722076,0.0454732328653335,0.0165368150919675,-0.0851240754127502,-0.0470098033547401,-0.0111978091299533,-156.3165755418378,0.9908074874637173,-0.01600844413042074,26.981267978693218
2,multiposture,front,8,lateral_trunk_tilt_left,bad,0.1764160990715026,-0.4816074669361114,-0.3219694495201111,0.2557320296764374,-0.5089422464370728,-0.2550006508827209,0.1132350042462349,-0.4756360650062561,-0.2263681888580322,0.3467291891574859,-0.3457906246185303,-0.1184116452932357,0.0777960643172264,-0.4668265283107757,-0.0639217942953109,0.0864032208919525,0.045773971825838,0.0170091912150383,-0.0845123082399368,-0.0474017187952995,-0.0117575637996196,-155.76942044556495,1.0777016969590283,-0.035846527665853556,27.525562375074525
2,multiposture,front,8,lateral_trunk_tilt_left,bad,0.1941165179014206,-0.4845424294471741,-0.3203663825988769,0.2630738317966461,-0.5095643997192383,-0.2431093454360962,0.1163904815912246,-0.4788346886634826,-0.225848451256752,0.3500669598579407,-0.3466401100158691,-0.1092655807733535,0.0812624394893646,-0.4659309387207031,-0.0590596348047256,0.0860067307949066,0.0458635613322258,0.0178311094641685,-0.0840799883008003,-0.047522448003292,-0.0125947715714573,-156.06917406024328,1.0393983700756806,-0.021548181772232056,27.902580859046736
2,multiposture,front,8,lateral_trunk_tilt_left,bad,0.1383847445249557,-0.4969866275787353,-0.2774505913257599,0.2378831356763839,-0.5214360356330872,-0.2326452881097793,0.1041889265179634,-0.4804574847221374,-0.178881898522377,0.348022997379303,-0.3513649106025696,-0.1013592705130577,0.0813811123371124,-0.4679388403892517,-0.0268682967871427,0.085897609591484,0.0460783056914806,0.0177046619355678,-0.0839343070983886,-0.0478300377726554,-0.0125349080190062,-156.38539430411038,1.1990533227715061,-0.07631731033325201,27.60192307339107
2,multiposture,front,9,lateral_trunk_tilt_right,bad,-0.1701066046953201,-0.4909079670906067,-0.336250901222229,-0.1069205924868583,-0.5145659446716309,-0.2170398235321045,-0.2270610332489013,-0.4690184593200683,-0.2422932684421539,0.0100221931934356,-0.3941103219985962,-0.1152197122573852,-0.3304274082183838,-0.3998398184776306,-0.0475586652755737,0.0936801582574844,-0.0399051532149314,0.0342735052108764,-0.0933893620967865,0.0361005254089832,-0.0315871238708496,-179.03584853907836,0.8790472020184776,-0.009903997182846014,-22.09073607414958
2,multiposture,front,9,lateral_trunk_tilt_right,bad,-0.2214870601892471,-0.488125741481781,-0.3013138473033905,-0.1379778087139129,-0.5209800601005554,-0.1904362589120865,-0.2596629559993744,-0.4657524526119232,-0.1939915269613266,-0.0045032100751996,-0.4022738039493561,-0.1045579463243484,-0.3552478849887848,-0.3899671733379364,0.0015046190237626,0.0937374904751777,-0.0402652919292449,0.0254163462668657,-0.0935741290450096,0.0361328572034835,-0.0222234018146991,177.99047883198335,0.8839785808091327,-0.04161151265725491,-24.545294824204603
2,multiposture,front,9,lateral_trunk_tilt_right,bad,-0.2340905964374542,-0.4802415370941162,-0.3318720161914825,-0.1457339525222778,-0.5202091932296753,-0.2228443026542663,-0.2690859138965606,-0.4640319347381592,-0.220169723033905,-0.012147020548582,-0.4046010673046112,-0.1242097169160842,-0.3636352717876434,-0.3849401772022247,-0.016383359208703,0.0933970659971237,-0.0411019921302795,0.0205443818122148,-0.0934417471289634,0.0366298519074916,-0.0171985626220703,176.79843251518486,0.8845032865973752,-0.0461994502693415,-25.575986800281974
2,multiposture,front,9,lateral_trunk_tilt_right,bad,-0.2438173443078994,-0.4741402864456177,-0.3402759432792663,-0.1525344401597976,-0.517604410648346,-0.2315126210451126,-0.2757929861545563,-0.4582538902759552,-0.2269179672002792,-0.0150703871622681,-0.4049559831619262,-0.1352581232786178,-0.3647293448448181,-0.3802391290664673,-0.0214024856686592,0.0930998101830482,-0.0415611155331134,0.018275586888194,-0.0932732298970222,0.0369608290493488,-0.0149198146536946,175.95657529880285,0.8901725394021159,-0.05391747830435628,-25.93502298828665
2,multiposture,front,9,lateral_trunk_tilt_right,bad,-0.2436523288488388,-0.4749600887298584,-0.2906045317649841,-0.1593130528926849,-0.5197359323501587,-0.1793069094419479,-0.2798154950141907,-0.4559231996536255,-0.1796874105930328,-0.0153932264074683,-0.4084864258766174,-0.0824121013283729,-0.3673218786716461,-0.3830418586730957,0.0170550979673862,0.0932283475995063,-0.0416066572070121,0.0185997541993856,-0.0934967994689941,0.0369440764188766,-0.0152300046756863,175.86469022771928,0.9184073902176896,-0.05229477630928159,-25.921514313663796
2,multiposture,front,9,lateral_trunk_tilt_right,bad,-0.2518192827701568,-0.4758680760860443,-0.2505326867103576,-0.1709347516298294,-0.5211594104766846,-0.1367149800062179,-0.2921613156795501,-0.4549019932746887,-0.1375095397233963,-0.0239342525601387,-0.4108851850032806,-0.0490377247333526,-0.3799130618572235,-0.3831946551799774,0.0502989627420902,0.0934232547879219,-0.0422213673591613,0.0181569214910268,-0.0937430262565612,0.0375018827617168,-0.0146474335342645,175.55208894368525,0.9152762097173882,-0.0498956255614757,-27.07649389715637
2,multiposture,front,9,lateral_trunk_tilt_right,bad,-0.2596616148948669,-0.4698933959007263,-0.2678915858268738,-0.174374908208847,-0.515531063079834,-0.1563743352890014,-0.2976642251014709,-0.4523305594921112,-0.1541710644960403,-0.0297904908657073,-0.4054306149482727,-0.0622722245752811,-0.3857161700725555,-0.3765380084514618,0.0339084677398204,0.0926427319645881,-0.0430378019809722,0.0185305494815111,-0.0930704250931739,0.0382037423551082,-0.0150288166478276,175.3591363095171,0.9263527861239537,-0.0519082844257355,-28.107328869466627
2,multiposture,front,10,neutral_spinal_alignment,good,0.0093222483992576,-0.5595491528511047,-0.1824416220188141,0.0799925923347473,-0.570266842842102,-0.0752792879939079,-0.0576240196824073,-0.5293565988540649,-0.0761023089289665,0.174501284956932,-0.4137135446071625,0.0299329869449138,-0.1264281421899795,-0.4737529158592224,0.0785095691680908,0.100108154118061,0.0027310906443744,0.0237194783985614,-0.0975504741072654,-0.007226662710309,-0.0200899466872215,-168.7168928464147,0.9987765823752076,-0.014714322984218658,2.950876149254361
2,multiposture,front,10,neutral_spinal_alignment,good,-3.246456981287338e-05,-0.5239114761352539,-0.2039520144462585,0.0747389942407608,-0.5455918312072754,-0.0974996015429496,-0.0619964674115181,-0.5075963139533997,-0.096066378057003,0.1732217669486999,-0.4044418632984161,0.0187166668474674,-0.1283062100410461,-0.4603184163570404,0.070170871913433,0.0991116538643837,0.00330590759404,0.020916074514389,-0.096552699804306,-0.007967316545546,-0.0175974294543266,-169.50153474123195,0.990702249692,-0.022490243023639778,2.819321882852957
2,multiposture,front,10,neutral_spinal_alignment,good,0.0048293257132172,-0.5361486673355103,-0.2174418717622757,0.085026666522026,-0.5468341708183289,-0.105835273861885,-0.0516650602221488,-0.5172885060310364,-0.1047502905130386,0.1728767901659011,-0.4029059112071991,0.0041277734562754,-0.1298020780086517,-0.4642687141895294,0.0591229163110256,0.0982716828584671,0.0028203118126839,0.0200908537954092,-0.0958041623234748,-0.0074251214973628,-0.016774982213974,-168.53961517714094,0.9761963455914123,-0.016708030365407498,2.69532291964319
2,multiposture,front,10,neutral_spinal_alignment,good,0.045927956700325,-0.5487934947013855,-0.1909933239221573,0.1113593950867652,-0.5588182806968689,-0.0741936936974525,-0.0306981690227985,-0.5331956148147583,-0.0846705958247184,0.1827622205018997,-0.4068116843700409,0.0347373895347118,-0.1175981685519218,-0.4820502400398254,0.0848965570330619,0.1007141470909118,0.0061737229116261,0.0260434634983539,-0.0979766100645065,-0.010571920312941,-0.0229828394949436,-165.9371060362343,0.91496748013658,0.013345930725336054,4.0373097661048
2,multiposture,front,10,neutral_spinal_alignment,good,-0.0085399411618709,-0.5850017666816711,-0.33244588971138,0.072836697101593,-0.5847868323326111,-0.2116728574037552,-0.067339576780796,-0.5352884531021118,-0.2087202072143554,0.1908590197563171,-0.419236809015274,-0.0848320573568344,-0.1559142768383026,-0.4599516689777374,-0.0318905338644981,0.1129902228713035,0.0016170539893209,0.0327281579375267,-0.1111434921622276,-0.0037594707682728,-0.0289776287972927,-173.30352683369787,1.0033631450892047,-0.02601231262087815,2.161205681035492
2,multiposture,front,10,neutral_spinal_alignment,good,-0.0092314044013619,-0.5723561644554138,-0.3513158857822418,0.0709201842546463,-0.5826428532600403,-0.2309668362140655,-0.0698481202125549,-0.5309230089187622,-0.2295958697795868,0.1902354061603546,-0.4219334721565246,-0.0987696051597595,-0.1558053195476532,-0.4621588587760925,-0.0478591658174991,0.1127313375473022,0.0014229312073439,0.0329964533448219,-0.1107361763715744,-0.0035166095476597,-0.0292323250323534,-173.3694306072952,1.0019083659331618,-0.026446447707712595,2.10606589890572
2,multiposture,front,10,neutral_spinal_alignment,good,-0.0067967008799314,-0.5715062618255615,-0.3475641906261444,0.0658183023333549,-0.5825837254524231,-0.2253554314374923,-0.0721046030521392,-0.5320340394973755,-0.227067694067955,0.1854130029678344,-0.4263229668140411,-0.0947224646806716,-0.1591190546751022,-0.464456170797348,-0.0475418455898761,0.112463504076004,0.0009776735678315,0.0347002744674682,-0.110333614051342,-0.0029946707654744,-0.0310336146503686,-173.6841439923011,0.9890171576108145,-0.019943675026297493,1.557399327953466
2,multiposture,front,10,neutral_spinal_alignment,good,-0.0006535584107041,-0.5795632600784302,-0.3270744085311889,0.0832889899611473,-0.5836541056632996,-0.2027762830257415,-0.0586622655391693,-0.543071985244751,-0.2035410851240158,0.1895821243524551,-0.4249082207679748,-0.0718069896101951,-0.1528036594390869,-0.4740995168685913,-0.0286547020077705,0.1123832762241363,0.0010732751106843,0.0352687388658523,-0.1102081835269928,-0.0030816607177257,-0.0316290147602558,-171.82414125225617,1.0078453403511782,-0.019042790867388214,2.209192862988601
2,multiposture,front,10,neutral_spinal_alignment,good,-0.0041751833632588,-0.5713593363761902,-0.3521223068237304,0.076405145227909,-0.5810011029243469,-0.2287655919790268,-0.0652604028582573,-0.5361994504928589,-0.2334973961114883,0.1900297552347183,-0.4240220785140991,-0.0911320149898529,-0.1531559824943542,-0.4725174307823181,-0.0514206103980541,0.1124859228730201,0.0011759896297007,0.0355698205530643,-0.1102704778313636,-0.0031668785959482,-0.0320084504783153,-171.95682497996592,1.0208360656047002,-0.02261206973344085,2.2187538387365087
2,multiposture,front,10,neutral_spinal_alignment,good,-0.0149253364652395,-0.565255343914032,-0.2066329419612884,0.0780027732253074,-0.5665810704231262,-0.0855515003204345,-0.0710916072130203,-0.520271360874176,-0.0711092054843902,0.1921784877777099,-0.3937594592571258,0.0170801281929016,-0.1491968333721161,-0.4483996927738189,0.0505616664886474,0.0955182090401649,-0.0121650006622076,0.0357623398303985,-0.0927736014127731,0.0098688527941703,-0.0341434478759765,-170.9064203303251,1.1183033433401017,-0.036416163668036405,2.7428896375257654
2,multiposture,front,10,neutral_spinal_alignment,good,-0.0249957498162984,-0.551764190196991,-0.2617456018924713,0.0678021982312202,-0.5604075789451599,-0.1454113572835922,-0.082348845899105,-0.5181885361671448,-0.1301086843013763,0.1854146420955658,-0.39583420753479,-0.0307502299547195,-0.1634570062160492,-0.4564688801765442,0.0033066635951399,0.0955513790249824,-0.0117696626111865,0.034602228552103,-0.0927575603127479,0.0097714820876717,-0.0326411798596382,-170.1403555721329,1.112635495731038,-0.0359745677560567,1.2910897989767443
2,multiposture,front,10,neutral_spinal_alignment,good,-0.0317777916789054,-0.557273805141449,-0.2553322911262512,0.0611810609698295,-0.564378023147583,-0.140578806400299,-0.0861609801650047,-0.522097110748291,-0.1256186664104461,0.1792711466550827,-0.4027180969715118,-0.0272910241037607,-0.1671396493911743,-0.4604114592075348,0.0063734049908816,0.095267042517662,-0.0118890330195426,0.0342321544885635,-0.0924457535147667,0.0100531820207834,-0.0321988873183727,-170.54439996231912,1.1189084109615095,-0.037843540310859604,0.619318196882899
2,multiposture,front,10,neutral_spinal_alignment,good,-0.0109813222661614,-0.5493791103363037,-0.2529439926147461,0.0644145905971527,-0.5636273622512817,-0.1317270249128341,-0.0846305713057518,-0.5151243209838867,-0.1287408173084259,0.1809858083724975,-0.4038061201572418,-0.0183476824313402,-0.1667526364326477,-0.4604873061180115,0.0116921784356236,0.0952376574277877,-0.0117524405941367,0.0336428023874759,-0.092408038675785,0.0099415695294737,-0.0315835550427436,-170.7422340768507,1.051881504943869,-0.0180979082360863,0.7575079586164676
2,multiposture,front,10,neutral_spinal_alignment,good,-0.0169468857347965,-0.550683856010437,-0.2527971267700195,0.0641759186983108,-0.5639917254447937,-0.1313417702913284,-0.0852859169244766,-0.5162914395332336,-0.1251117438077926,0.1807543933391571,-0.4052924513816833,-0.0162649750709533,-0.1675069481134414,-0.4614984095096588,0.0121333049610257,0.095217764377594,-0.0116619719192385,0.0335596166551113,-0.0923700481653213,0.0099317478016018,-0.0314637906849384,-170.8320770931098,1.0734891392767825,-0.023570608347654346,0.6887746957845745
2,multiposture,front,10,neutral_spinal_alignment,good,-0.02476910315454,-0.5478679537773132,-0.2593294382095337,0.060644943267107,-0.5622187852859497,-0.1404731720685959,-0.088274285197258,-0.5144736766815186,-0.1313534080982208,0.1786572933197021,-0.4048073887825012,-0.0244314912706613,-0.169139564037323,-0.459675669670105,0.006420602556318,0.0951578393578529,-0.0116764437407255,0.0336372479796409,-0.0922993123531341,0.0100024482235312,-0.031534407287836,-171.03492993804534,1.085897606987578,-0.029527967795729547,0.44220283040414726
2,multiposture,front,10,neutral_spinal_alignment,good,0.012550282292068,-0.5411399006843567,-0.2447050511837005,0.1028205901384353,-0.5571119785308838,-0.1179587841033935,-0.0502629727125167,-0.5144116282463074,-0.1090467721223831,0.2116774320602417,-0.3976917564868927,-0.0134462118148803,-0.135232925415039,-0.4504376947879791,0.0334398746490478,0.1022446155548095,-0.0052341194823384,0.0261036753654479,-0.0992090031504631,0.0031509287655353,-0.0241377353668212,-171.35468493816686,1.0288050428010609,-0.02567197103053335,4.958963137240635
2,multiposture,front,10,neutral_spinal_alignment,good,0.0039197267033159,-0.5353057980537415,-0.2522590458393097,0.0888618975877761,-0.5534566044807434,-0.1351994425058365,-0.062276717275381,-0.5086328983306885,-0.126898244023323,0.2017111629247665,-0.3983596563339233,-0.0171742085367441,-0.1374567747116089,-0.4526847004890442,0.0190235525369644,0.101880632340908,-0.0050792377442121,0.0252327751368284,-0.0987557917833328,0.0031540149357169,-0.0231142491102218,-170.90014125656583,1.0615132971317258,-0.028207467403262913,4.117717789168431
2,multiposture,front,10,neutral_spinal_alignment,good,0.0009384688455611,-0.5272565484046936,-0.2665160596370697,0.0856709778308868,-0.549650251865387,-0.1520972549915313,-0.0640310496091842,-0.503130316734314,-0.1405908763408661,0.1977928727865219,-0.3951982259750366,-0.0401756539940834,-0.1380393058061599,-0.4493853449821472,0.0075679537840187,0.1015846654772758,-0.0053984653204679,0.0243110731244087,-0.0984278246760368,0.0035509045701473,-0.022051602602005,-170.83422114927245,1.0338556640007979,-0.02893831464461991,3.842118360122999
2,multiposture,front,10,neutral_spinal_alignment,good,-0.0009436552063561,-0.5273579955101013,-0.2469216138124466,0.0832017436623573,-0.5503330826759338,-0.1304085701704025,-0.0660604387521743,-0.5025448203086853,-0.1179922521114349,0.1988226473331451,-0.3953171670436859,-0.0156034175306558,-0.1368385404348373,-0.4497761130332947,0.0268816854804754,0.1014131158590316,-0.0053001241758465,0.0243485495448112,-0.0982227772474289,0.003497245023027,-0.0220504850149154,-170.78441596922946,1.0557335290589736,-0.03193570865551,3.9881783913509694
2,multiposture,front,10,neutral_spinal_alignment,good,0.0019346794579178,-0.5271080732345581,-0.2392855584621429,0.0834309235215187,-0.5503363013267517,-0.1227701157331466,-0.0648539289832115,-0.5023207068443298,-0.1128435283899307,0.1977027356624603,-0.3963233530521393,-0.0168976616114377,-0.1356730610132217,-0.4492510855197906,0.0300076063722372,0.1010318845510482,-0.0052706478163599,0.0245431512594223,-0.0978371426463127,0.0034707940649241,-0.0222281944006681,-170.97884368796593,1.0370989878440475,-0.029080157866701494,3.9886789515381595
2,multiposture,front,10,neutral_spinal_alignment,good,-0.0021426666062325,-0.5315233469009399,-0.2406381517648697,0.0828355699777603,-0.5520952343940735,-0.1244342625141143,-0.0654980242252349,-0.5068202614784241,-0.1121807396411895,0.1960791498422622,-0.3991200625896454,-0.0156717579811811,-0.1357234269380569,-0.4527503550052643,0.0317420214414596,0.1009624227881431,-0.005069822538644,0.0240498539060354,-0.0977125391364097,0.003258864628151,-0.0216455403715372,-170.81851000557631,1.0457395272986538,-0.032320528058335164,3.84327801038879
2,multiposture,front,10,neutral_spinal_alignment,good,0.0121265463531017,-0.520355224609375,-0.2342317998409271,0.0865155234932899,-0.5414699912071228,-0.1087532043457031,-0.0465546324849128,-0.4902919828891754,-0.1144733875989914,0.1953465193510055,-0.4049091339111328,-0.0021353960037231,-0.1351242661476135,-0.4406288266181946,0.0708577632904052,0.0971453338861465,0.0021458128467202,0.0239954888820648,-0.0966453030705452,-0.0075830295681953,-0.0213474035263061,-173.8310037330044,0.9121190686119781,-0.017984580248594298,4.06627946426353
2,multiposture,front,10,neutral_spinal_alignment,good,-0.0443281531333923,-0.5345097780227661,-0.2300756871700287,0.0632263869047164,-0.5474786758422852,-0.1167942360043525,-0.0689618811011314,-0.5018219351768494,-0.0915477201342582,0.1857436448335647,-0.4009452760219574,-0.0165547952055931,-0.1419843435287475,-0.447700560092926,0.0829238221049308,0.0967996418476104,0.0042486162856221,0.0209536775946617,-0.0960408449172973,-0.0092743234708905,-0.0174773186445236,-171.88069176668935,1.0057311157277873,-0.0662078037858009,2.9179212048574565
2,multiposture,front,10,neutral_spinal_alignment,good,-0.0283601712435483,-0.540119469165802,-0.2151606231927871,0.0690221190452575,-0.5503513216972351,-0.0988794341683387,-0.0653779059648513,-0.508608877658844,-0.0787998661398887,0.186979591846466,-0.4006910622119903,-0.0069414302706718,-0.1395587772130966,-0.4514332711696625,0.0909195840358734,0.096170499920845,0.0053118951618671,0.0201733093708753,-0.0953117087483406,-0.0101959155872464,-0.0165667217224836,-171.16720532320198,0.9789348451848592,-0.052070578560233005,3.1456558239330557
2,multiposture,front,10,neutral_spinal_alignment,good,-0.0097450194880366,-0.5434053540229797,-0.2118022590875625,0.0784098133444786,-0.5523967146873474,-0.0871546268463134,-0.0618099085986614,-0.5121462345123291,-0.0808719098567962,0.1893733292818069,-0.4015748202800751,0.0035029901191592,-0.1392833590507507,-0.453438401222229,0.0945184752345085,0.0959735512733459,0.0054685594514012,0.0201944559812545,-0.0950408950448036,-0.0103239426389336,-0.0165924578905105,-171.03240485999308,0.94550075248978,-0.03479000460356469,3.309237364186552
2,multiposture,front,10,neutral_spinal_alignment,good,-0.0143571691587567,-0.534825325012207,-0.2462026178836822,0.0757075101137161,-0.5486655831336975,-0.1244591251015663,-0.0643125846982002,-0.5064154267311096,-0.1182178035378456,0.1891578584909439,-0.4013879895210266,-0.0194447189569473,-0.1406340450048446,-0.4518830478191376,0.0630737915635109,0.0959590151906013,0.0056232810020446,0.0211099460721015,-0.0949857160449028,-0.0104588288813829,-0.0176578201353549,-171.2949403328286,0.9663727884211962,-0.03861907590180635,3.2077826288444258
2,multiposture,front,10,neutral_spinal_alignment,good,-0.0058871717192232,-0.5309450030326843,-0.2579123377799988,0.0795125439763069,-0.5439271330833435,-0.1367863714694976,-0.0584705062210559,-0.50239497423172,-0.1331043839454651,0.1879869848489761,-0.397607684135437,-0.0269108153879642,-0.1392827183008194,-0.4502576887607574,0.0480371750891208,0.0959905162453651,0.0056180963292717,0.0228032749146223,-0.0949820056557655,-0.0104391472414135,-0.0195615384727716,-170.8607635315091,0.9602735848878139,-0.030239304993301554,3.2380924148783476
2,multiposture,front,10,neutral_spinal_alignment,good,-0.0027574938721954,-0.4803310930728912,-0.2198832333087921,0.0762911736965179,-0.5235961675643921,-0.0971598625183105,-0.0604973994195461,-0.4681943356990814,-0.0963480249047279,0.194059208035469,-0.3906096220016479,0.0157859921455383,-0.1283615082502365,-0.4363893568515777,0.1011321544647216,0.1013887971639633,0.0086551308631896,0.0137489736080169,-0.1001804694533348,-0.0144447544589638,-0.0119659900665283,-171.91872983244502,0.9205266770468162,-0.03560634376481164,4.4902085829725245
2,multiposture,front,10,neutral_spinal_alignment,good,0.0016027112724259,-0.5117385387420654,-0.2057819366455078,0.0816544741392135,-0.532329261302948,-0.0777512192726135,-0.054356176406145,-0.4846497178077698,-0.0753416642546653,0.1884701251983642,-0.3838772773742676,9.57484298851341e-05,-0.1251772493124008,-0.4328473210334778,0.1094954013824462,0.1003298312425613,0.00780112715438,0.0121151152998209,-0.0988218337297439,-0.0132575184106826,-0.0094121061265468,-171.12600284013945,0.8772483706540717,-0.030043726670555805,4.355147058042115
2,multiposture,front,10,neutral_spinal_alignment,good,0.0017255865968763,-0.5112797021865845,-0.2124463468790054,0.0824345424771308,-0.5339807868003845,-0.0866440087556839,-0.0537045411765575,-0.4856614768505096,-0.0817397385835647,0.1860134303569793,-0.3844778835773468,-0.0026044787373393,-0.1231313422322273,-0.4319355487823486,0.1029126495122909,0.099642775952816,0.0073668914847075,0.0102784279733896,-0.0980512574315071,-0.0127653097733855,-0.0071521750651299,-171.2724994416567,0.8805228209929753,-0.029715457465499695,4.321779943626828
2,multiposture,front,10,neutral_spinal_alignment,good,0.001471570925787,-0.5114427804946899,-0.213971808552742,0.082436166703701,-0.5335801243782043,-0.0846819132566452,-0.0550984442234039,-0.4866391122341156,-0.0819900706410408,0.1845110654830932,-0.3841766715049743,0.0009374190703965,-0.1241108551621437,-0.4306508004665375,0.1055916026234626,0.0994497314095497,0.0070644710212945,0.0098475208505988,-0.0978352501988411,-0.012406812980771,-0.0066655492410063,-171.43640281308953,0.8778783527576395,-0.028728534234687755,4.153593013790455
2,multiposture,front,10,neutral_spinal_alignment,good,-0.0004316324484534,-0.5128316879272461,-0.2123024314641952,0.0813096836209297,-0.5367119908332825,-0.0871105268597602,-0.0557340495288372,-0.4871554970741272,-0.080559566617012,0.1853846907615661,-0.3865308463573456,0.0004321750311646,-0.1231844872236251,-0.4339953064918518,0.1077743619680404,0.0994442477822303,0.0070133358240127,0.0094041964039206,-0.0978083238005638,-0.0123596685007214,-0.0061888578347861,-171.25523826340185,0.8796192240197389,-0.031531734217423904,4.249018229190085
2,multiposture,front,10,neutral_spinal_alignment,good,0.0028612378519028,-0.5124481320381165,-0.2135901749134063,0.0801485031843185,-0.5359874963760376,-0.0877058878540992,-0.0560376234352588,-0.485028326511383,-0.0878037884831428,0.1855724155902862,-0.3855173885822296,-0.0012844352750107,-0.1238217800855636,-0.431439071893692,0.1024684011936187,0.0993536785244941,0.0068469559773802,0.0098948534578084,-0.0977166816592216,-0.0121888732537627,-0.0067549720406532,-171.55753704129526,0.8786137570371211,-0.028014079900458497,4.235976549624062
2,multiposture,front,10,neutral_spinal_alignment,good,-0.0035619526170194,-0.5773139595985413,-0.3309158980846405,0.0772809088230133,-0.581994354724884,-0.2116713523864746,-0.0622287020087242,-0.5282791256904602,-0.206396073102951,0.1987449526786804,-0.4208230078220367,-0.0907763838768005,-0.1527836620807647,-0.4604548811912536,-0.0327820777893066,0.1124798357486724,0.0027604757342487,0.0343272686004638,-0.1108021363615989,-0.0056035779416561,-0.0310724973678588,-173.56754802357625,0.9930755427493093,-0.026542597915977253,2.885947618842966
2,multiposture,front,10,neutral_spinal_alignment,good,-0.0012849470367655,-0.5766042470932007,-0.3478755950927734,0.0810306593775749,-0.5825355052947998,-0.2237032949924469,-0.0629592016339302,-0.5330458283424377,-0.2201647311449051,0.1968612670898437,-0.4215345084667206,-0.095026709139347,-0.1531381607055664,-0.4660454392433166,-0.0471332184970378,0.1114294156432151,0.002576604951173,0.0353428684175014,-0.109391450881958,-0.0052903820760548,-0.0320851281285285,-172.75235526325457,1.0059968479853212,-0.023146500228904143,2.697151615521801
2,multiposture,front,10,neutral_spinal_alignment,good,-0.0070399632677435,-0.5727317929267883,-0.3460864722728729,0.0796922743320465,-0.5803582072257996,-0.2242734879255294,-0.0659107491374015,-0.5324785709381104,-0.2165122330188751,0.1965415477752685,-0.4209093749523163,-0.0952192246913909,-0.1546129733324051,-0.4672856032848358,-0.0437152124941349,0.1109013706445694,0.0024631423875689,0.0356280468404293,-0.1087791994214057,-0.0050896839238703,-0.032348658889532,-172.4766078498901,1.0124095258543666,-0.028004250489175205,2.5737194097393243
2,multiposture,front,10,neutral_spinal_alignment,good,-0.0055586197413504,-0.5711392164230347,-0.3368311524391174,0.0800173580646514,-0.5815166234970093,-0.214049682021141,-0.06601582467556,-0.5324143767356873,-0.2084755599498748,0.1974443793296814,-0.4229961633682251,-0.0836783722043037,-0.1543511599302292,-0.4687433838844299,-0.0324229076504707,0.1109310910105705,0.0025965387467294,0.0358024574816226,-0.1087557226419448,-0.0052068470977246,-0.0325041823089122,-172.5908776085549,1.0077694111629867,-0.027105229441076503,2.6349006672091355
2,multiposture,front,10,neutral_spinal_alignment,good,0.0067775128409266,-0.5749831199645996,-0.3458146750926971,0.0870023369789123,-0.5917516946792603,-0.2252529710531234,-0.058059811592102,-0.5408354997634888,-0.2247670441865921,0.2036530524492263,-0.4282072782516479,-0.0936644226312637,-0.1483335942029953,-0.4768645465373993,-0.0503101982176303,0.1111843660473823,0.0034300580155104,0.0341244898736476,-0.1094101518392562,-0.0057197413407266,-0.0309458505362272,-172.12953365044,1.011802395473364,-0.0208822162821889,3.3943145878327425
2,multiposture,front,10,neutral_spinal_alignment,good,-0.0008709235116839,-0.5811489224433899,-0.336436003446579,0.0784993693232536,-0.5948951244354248,-0.2184072434902191,-0.0644429177045822,-0.5422016382217407,-0.2168648242950439,0.2001934647560119,-0.4318438470363617,-0.0906206890940666,-0.1525553315877914,-0.4775091111660003,-0.0418951883912086,0.1109288856387138,0.003510063746944,0.0340463444590568,-0.1089319810271263,-0.0057925502769649,-0.0308574829250574,-172.62377030596443,1.010896292427613,-0.02468999009579416,2.8805327174296873
2,multiposture,front,10,neutral_spinal_alignment,good,0.0123468292877078,-0.585676908493042,-0.3171811103820801,0.0847039669752121,-0.6024169325828552,-0.1965071558952331,-0.0583159476518631,-0.5484441518783569,-0.2038192749023437,0.2019644528627395,-0.439265638589859,-0.0680172368884086,-0.1492481082677841,-0.4849565923213959,-0.0276898685842752,0.1103842407464981,0.0035466921981424,0.0345297381281852,-0.1082582250237464,-0.0058088665828108,-0.0312599539756774,-172.58774242121555,0.9975442954494734,-0.014011343009769908,3.1408175568847483
2,multiposture,front,10,neutral_spinal_alignment,good,0.019213180989027,-0.5885277390480042,-0.3246467411518097,0.0937610864639282,-0.6002841591835022,-0.2022390067577362,-0.0507156401872634,-0.5498237013816833,-0.2039787471294403,0.2036202847957611,-0.4363312423229217,-0.0743684098124504,-0.1456191539764404,-0.4840234816074371,-0.032153096050024,0.1101670712232589,0.0035446835681796,0.0350207984447479,-0.1079965308308601,-0.0057487804442644,-0.0317654572427272,-172.2237725031877,0.9843720748216959,-0.009787384420633354,3.479737595701788
2,multiposture,front,10,neutral_spinal_alignment,good,0.0113038755953311,-0.5831654667854309,-0.3289282023906708,0.092482253909111,-0.5957679152488708,-0.2069236934185028,-0.0525400005280971,-0.5468664169311523,-0.206273078918457,0.2050145864486694,-0.4341733157634735,-0.0789771974086761,-0.1424882709980011,-0.48296919465065,-0.0333324149250984,0.1100831478834152,0.0036643552593886,0.0349959097802639,-0.1078712940216064,-0.0058741024695336,-0.0317188650369644,-172.006865708057,1.0046551780490098,-0.019959282130003052,3.7716117333683172
2,multiposture,front,10,neutral_spinal_alignment,good,-0.0119667630642652,-0.5986363291740417,-0.3004307448863983,0.0750290155410766,-0.6056562662124634,-0.1886854767799377,-0.0686754137277603,-0.5474141836166382,-0.1714750379323959,0.2048535794019699,-0.4307213127613067,-0.0720889195799827,-0.1468095779418945,-0.475945234298706,-0.0104201091453433,0.1102731823921203,0.0040370365604758,0.03401879966259,-0.1080105379223823,-0.0062744561582803,-0.0307593867182731,-172.67197661286622,1.041758416548916,-0.040988763794302906,3.529290456113454
2,multiposture,front,10,neutral_spinal_alignment,good,0.087872177362442,-0.4968664348125458,-0.3015434145927429,0.1528822183609008,-0.5165463089942932,-0.1923668980598449,0.0087500615045428,-0.4674655795097351,-0.1869814991950988,0.2568151950836181,-0.3647906184196472,-0.062417022883892,-0.0652574375271797,-0.431344598531723,0.0018752189353108,0.1046448126435279,0.0137923313304781,0.0185128282755613,-0.1036427244544029,-0.0164843183010816,-0.014635463245213,-168.3245754116046,0.9279700292722749,-0.007906701415777193,13.504560994046276
2,multiposture,front,10,neutral_spinal_alignment,good,0.0874950736761093,-0.5046294927597046,-0.3044962584972381,0.1494686156511306,-0.5253521203994751,-0.2009903043508529,0.0057627856731414,-0.4678027629852295,-0.2010629475116729,0.2597532868385315,-0.3679858744144439,-0.0731855183839798,-0.0626848712563514,-0.430900514125824,-0.0126529289409518,0.1047616451978683,0.0155202653259038,0.0183949284255504,-0.1036802902817726,-0.0183302015066146,-0.0143696228042244,-168.95908084784583,0.9486961824206832,-0.01103913411498074,13.830671858163033
2,multiposture,front,10,neutral_spinal_alignment,good,0.0712418630719184,-0.4958629906177521,-0.2727490067481994,0.1530593484640121,-0.5196204781532288,-0.1654099524021148,0.0038740942254662,-0.4729989767074585,-0.1611056178808212,0.2594120502471924,-0.368019700050354,-0.03282056376338,-0.0625863373279571,-0.43883016705513,0.0236434582620859,0.1049352139234542,0.0167922172695398,0.0180416237562894,-0.1037629395723342,-0.0196262151002883,-0.0138323353603482,-167.59753380282817,1.0014041626674206,-0.027170993387699238,13.676824791696582
2,multiposture,front,10,neutral_spinal_alignment,good,0.0854346975684166,-0.5170093178749084,-0.2004974782466888,0.1552469730377197,-0.5351588726043701,-0.0910339429974556,0.0057175979018211,-0.4806991815567016,-0.0828616395592689,0.2601169943809509,-0.3707692921161651,0.0321937762200832,-0.0606957711279392,-0.4362009167671203,0.0910046398639679,0.1053177863359451,0.0175460204482078,0.0188735295087099,-0.1040081903338432,-0.02015171200037,-0.0144887547940015,-168.47230085448192,0.9693491627288933,-0.01427591405808927,13.836321092823143
2,multiposture,front,10,neutral_spinal_alignment,good,0.0820418372750282,-0.5134771466255188,-0.2407305985689163,0.1565644592046737,-0.5310695767402649,-0.1339258849620819,0.0062642865814268,-0.4784709215164184,-0.1236414015293121,0.2602921426296234,-0.3693049252033233,-0.0087325135245919,-0.0605885498225688,-0.4314062893390655,0.0595683455467224,0.1056243926286697,0.017521183937788,0.0190951060503721,-0.1042335331439971,-0.0200559366494417,-0.0145855080336332,-169.04672499450487,0.9524927973065268,-0.0178099591284991,13.953020155491313
3,multiposture,front,11,posterior_trunk_recline,bad,0.0016950864810496,-0.5883349180221558,-0.1042829900979995,0.0857008248567581,-0.5914704203605652,0.0004536305496003,-0.0554202236235141,-0.5526571869850159,0.0156555324792861,0.1873343586921692,-0.4339079558849334,0.090950421988964,-0.1312484294176101,-0.507034420967102,0.14580599963665,0.1028666347265243,0.0071212765760719,0.0316046699881553,-0.1007803529500961,-0.0116531774401664,-0.0287587381899356,-167.07244551832014,1.0538186532530582,-0.026347878156229937,3.3004000033972183
3,multiposture,front,11,posterior_trunk_recline,bad,0.0208471044898033,-0.5060201287269592,-0.1194030791521072,0.0924081653356552,-0.5413779020309448,0.013969930820167,-0.0606440976262092,-0.5052893757820129,0.0159891285002231,0.1759135276079177,-0.4166386127471924,0.0952594652771949,-0.1311482638120651,-0.4710151851177215,0.1155546978116035,0.0993603840470314,-0.0072299437597393,0.0346363112330436,-0.0966227650642395,0.0044385325163602,-0.030728155747056,-169.9577869760661,0.9910425781285895,-0.0015355274081230025,2.71929106523294
3,multiposture,front,11,posterior_trunk_recline,bad,0.0038367214147001,-0.4976011514663696,-0.1147658973932266,0.0875266790390014,-0.540459394454956,0.0245248265564441,-0.0641417875885963,-0.5016606450080872,0.0212548673152923,0.1763408482074737,-0.4177067875862121,0.1082198172807693,-0.128681942820549,-0.466490089893341,0.1232536509633064,0.0994265079498291,-0.0073599172756075,0.0340169630944728,-0.0966130644083023,0.0045248363167047,-0.0296609215438365,-170.91344921506456,1.0686757707791161,-0.019992731278762242,2.9128125588318445
3,multiposture,front,12,thoracic_kyphotic_slouch,bad,-0.0182228274643421,-0.0950977131724357,-0.6513782739639282,0.0506395883858203,-0.2181280553340912,-0.5888876914978027,-0.0681137517094612,-0.1337001174688339,-0.6000577807426453,0.1859724074602127,-0.2394913733005523,-0.4047308564186096,-0.1554857641458511,-0.2447930872440338,-0.3643450736999511,0.1079160198569297,0.0037638638168573,0.0228053927421569,-0.1080717071890831,-0.0066604353487491,-0.0209002494812011,-179.11045787883788,0.9989572504605135,-0.0334661491215229,3.6421994893502188
3,multiposture,front,12,thoracic_kyphotic_slouch,bad,0.0268434733152389,-0.1242046579718589,-0.6444238424301147,0.1172474771738052,-0.2080298811197281,-0.5666607022285461,-0.0146030988544225,-0.1663370728492736,-0.5753582715988159,0.1968567967414856,-0.2312581688165664,-0.3651081025600433,-0.1211583837866783,-0.2662434577941894,-0.330112487077713,0.1087491363286972,0.0001887507532956,0.0287590250372886,-0.1084223538637161,-0.0029262388125061,-0.0263191256672143,-173.72205726141436,0.916710508218413,-0.011005733162164747,8.661758699599464
3,multiposture,front,12,thoracic_kyphotic_slouch,bad,-0.0098334923386573,-0.1322228610515594,-0.6499760150909424,0.088311105966568,-0.2166321575641632,-0.562735378742218,-0.0440160073339939,-0.1678152084350586,-0.5629228949546814,0.1824166774749755,-0.2330882996320724,-0.3650187253952026,-0.138100266456604,-0.2698137760162353,-0.3260326385498047,0.1083167940378189,-0.0007906222599558,0.0291845388710498,-0.1079411506652832,-0.0018261491786688,-0.0264312885701656,-173.46344106487075,0.9563295451529233,-0.031991697847843045,5.0194886253363515
3,multiposture,front,12,thoracic_kyphotic_slouch,bad,0.0282766446471214,-0.1089790537953376,-0.6483229398727417,0.1189378499984741,-0.1998749822378158,-0.563363790512085,-0.0166095849126577,-0.1584747284650802,-0.5758467316627502,0.2036103755235672,-0.2130996435880661,-0.3623625040054321,-0.1203600466251373,-0.2726392149925232,-0.3340244889259338,0.1095828264951706,-0.0006347789312712,0.0300133135169744,-0.1091178804636001,-0.001924580312334,-0.0273187290877103,-169.58633510365868,0.9140034992126844,-0.013348519802093547,9.72234992921678
3,multiposture,front,12,thoracic_kyphotic_slouch,bad,-0.053401943296194,-0.1272039115428924,-0.6403234601020813,0.0482081063091754,-0.2275398820638656,-0.5738412141799927,-0.0794326066970825,-0.164503201842308,-0.5605970621109009,0.1760899424552917,-0.2472033500671386,-0.3803203999996185,-0.1623139381408691,-0.2670312225818634,-0.3246900141239166,0.1090582311153411,-0.0012498098658397,0.0271778516471385,-0.1086240038275718,-0.0014331090496852,-0.0243919603526592,-176.64674047434846,1.0137563397655076,-0.06028994545340529,1.4939923545829823
3,multiposture,front,12,thoracic_kyphotic_slouch,bad,-0.0595117099583148,-0.1311208754777908,-0.638044536113739,0.0407380759716033,-0.2362279742956161,-0.5751380920410156,-0.0872136801481247,-0.16579170525074,-0.5585035681724548,0.1700496226549148,-0.2548991739749908,-0.3829706013202667,-0.172597050666809,-0.2712792158126831,-0.3222364485263824,0.108304738998413,-0.0017580026760697,0.0227845404297113,-0.1080024540424346,-0.0010290252976119,-0.0200088825076818,-177.26308934550667,1.003454699249088,-0.0582379959523677,-0.3119556882062841
3,multiposture,front,12,thoracic_kyphotic_slouch,bad,-0.0016707198228687,-0.4873259663581848,-0.4868669211864471,0.0865821689367294,-0.5174925923347473,-0.3757529258728027,-0.0605928525328636,-0.484104573726654,-0.3705615997314453,0.1913244128227234,-0.3939037322998047,-0.2203612625598907,-0.1488713920116424,-0.4478048086166382,-0.1765370368957519,0.1102244034409523,0.0030120993033051,0.0327714085578918,-0.1087232530117034,-0.0051607363857328,-0.0298484563827514,-170.99682016776498,0.9893416560362892,-0.022897230228409195,2.792547730888338
3,multiposture,front,12,thoracic_kyphotic_slouch,bad,0.0125827649608254,-0.4889487326145172,-0.4786109924316406,0.0839483216404914,-0.5249205231666565,-0.3671621084213257,-0.0590255931019783,-0.4797095954418182,-0.3693758547306061,0.1902728974819183,-0.4000861048698425,-0.2191144526004791,-0.148108422756195,-0.4483612775802612,-0.176366239786148,0.1100919842720031,0.0030047679319977,0.032723918557167,-0.1086181625723838,-0.005115729290992,-0.0298696067184209,-171.88068645597988,0.9481064764430929,-0.008499472402036247,2.75258009562136
3,multiposture,front,12,thoracic_kyphotic_slouch,bad,-0.0032079939264804,-0.4911639988422394,-0.4730353355407715,0.0771276876330375,-0.527219295501709,-0.3679557144641876,-0.062847301363945,-0.4808385968208313,-0.3621079623699188,0.1865395158529281,-0.401150494813919,-0.2191018462181091,-0.1483046561479568,-0.4484826624393463,-0.1730275601148605,0.1098799630999565,0.0029996142257004,0.0324332937598228,-0.1084156930446624,-0.0050408071838319,-0.0295338444411754,-171.95421519991717,0.9808104457224369,-0.022325423778966055,2.484071919771433
3,multiposture,front,12,thoracic_kyphotic_slouch,bad,0.0048674815334379,-0.4820843338966369,-0.500184953212738,0.08407012373209,-0.5188853144645691,-0.3908046185970306,-0.0566905215382576,-0.4777884185314178,-0.3893112242221832,0.1879747807979583,-0.3965827822685241,-0.2358247637748718,-0.1463751345872879,-0.4461383521556854,-0.1922280639410019,0.1095829680562019,0.0029069604352116,0.032460082322359,-0.1081231459975242,-0.0048769610002636,-0.0295970942825078,-171.56930018923842,0.9645893628043642,-0.015932341571897296,2.7333861419552616
3,multiposture,front,12,thoracic_kyphotic_slouch,bad,0.0345507897436618,-0.4838733971118927,-0.4623616337776184,0.0837664753198623,-0.5272704362869263,-0.3524619340896606,-0.0507395565509796,-0.4771823585033417,-0.376359224319458,0.1873162388801574,-0.4032763242721557,-0.2130711078643798,-0.1476775854825973,-0.445171058177948,-0.1811357885599136,0.1095599457621574,0.0025755264796316,0.0326244942843914,-0.108088694512844,-0.0045334175229072,-0.0297623910009861,-172.87153040782948,0.8990551918912341,0.014731463044881751,2.5816633601035903
3,multiposture,front,12,thoracic_kyphotic_slouch,bad,0.0231171064078807,-0.4677956700325012,-0.3985286653041839,0.0844978615641594,-0.5237205624580383,-0.2981957495212555,-0.06250761449337,-0.4606437385082245,-0.2771645784378052,0.1941560059785843,-0.4061709940433502,-0.1359119415283203,-0.1475204676389694,-0.4403513669967651,-0.0970246940851211,0.1102636530995369,0.0022086587268859,0.0293155293911695,-0.1089579910039901,-0.0042558722198009,-0.025702366605401,-174.28729404218444,0.9190791697589471,-0.00020066276192674815,3.072583508086641
3,multiposture,front,12,thoracic_kyphotic_slouch,bad,-0.0215759128332138,-0.1493945568799972,-0.6690454483032227,0.0673198401927948,-0.2338576167821884,-0.5598690509796143,-0.0870255976915359,-0.1681704670190811,-0.5629523992538452,0.1872445940971374,-0.2040049135684967,-0.3476144969463348,-0.1426600515842437,-0.2387686073780059,-0.3022618293762207,0.1085471883416175,0.0044298968277871,0.0284009575843811,-0.1079401969909668,-0.006989240180701,-0.0267213582992553,-173.9846576747598,0.9765894402816135,-0.04386818408966065,5.704940183354067
3,multiposture,front,12,thoracic_kyphotic_slouch,bad,-0.0332351587712764,-0.1491965353488922,-0.6727891564369202,0.0658549442887306,-0.2389004528522491,-0.5742971301078796,-0.0818953439593315,-0.1813656389713287,-0.5671217441558838,0.179304152727127,-0.2213747203350067,-0.3589034080505371,-0.1458030641078949,-0.2513002157211303,-0.3210356533527374,0.1077357977628707,0.0028833299875259,0.0284575931727886,-0.107270672917366,-0.0056045963428914,-0.026501677930355,-174.74085336089593,1.0070571731707703,-0.049985703080892445,4.021061652054125
3,multiposture,front,12,thoracic_kyphotic_slouch,bad,-0.0408400259912014,-0.0928280800580978,-0.5817898511886597,0.0628673359751701,-0.1930771619081497,-0.525052011013031,-0.0686837285757064,-0.1263206899166107,-0.5391547083854675,0.1799568831920623,-0.246100902557373,-0.3434065282344818,-0.1530610620975494,-0.262727290391922,-0.3102397918701172,0.1090210229158401,0.003329730592668,0.0253658331930637,-0.1083520501852035,-0.0066853840835392,-0.0229321662336587,-177.1418011239971,1.0584967434156716,-0.05428793653845784,2.9701740407662522
3,multiposture,front,12,thoracic_kyphotic_slouch,bad,0.0111553389579057,-0.1343519836664199,-0.6542738676071167,0.0860884115099906,-0.2332969605922699,-0.5584628582000732,-0.052120815962553,-0.1607683897018432,-0.5798057913780212,0.1854299008846283,-0.2263642102479934,-0.3549472689628601,-0.143589973449707,-0.2452164888381958,-0.3252373039722442,0.1081778556108474,0.0025202871765941,0.0264115054160356,-0.1074705570936203,-0.0056078764609992,-0.024058686569333,-176.7206350746331,0.9427648468722225,-0.009764624759554946,5.017572897899774
3,multiposture,front,12,thoracic_kyphotic_slouch,bad,0.0252176970243453,-0.0717564523220062,-0.6457335948944092,0.1157406568527221,-0.1808316707611084,-0.5655044913291931,-0.0243138782680034,-0.1147354170680046,-0.5773809552192688,0.1871903240680694,-0.2028208076953888,-0.3639765083789825,-0.1427929401397705,-0.2343766093254089,-0.3259763717651367,0.1080927103757858,0.0020685400813817,0.0265077762305736,-0.1074719056487083,-0.0052253548055887,-0.024328114464879,-174.5375018150892,0.8846336946214253,0.0030190050601958535,5.759276693043161
3,multiposture,front,12,thoracic_kyphotic_slouch,bad,0.0166513547301292,-0.1074843034148216,-0.6289704442024231,0.1110072880983352,-0.1971358060836792,-0.5450252294540405,-0.0236118454486131,-0.1506379395723343,-0.564551591873169,0.1940479427576065,-0.2155378311872482,-0.3493241965770721,-0.1205237060785293,-0.262994110584259,-0.3219591379165649,0.1074926629662513,0.0008713470306247,0.0307527892291545,-0.1066766083240509,-0.0038810211699455,-0.0286325383931398,-171.42105030631146,0.9402616198713081,-0.0201107636094094,8.693294955118409
3,multiposture,front,12,thoracic_kyphotic_slouch,bad,0.006494780536741,-0.4934767782688141,-0.4588856101036072,0.0760076567530632,-0.5321623682975769,-0.3499901294708252,-0.0607293173670768,-0.4748804271221161,-0.3501502871513366,0.2052240073680877,-0.4122221767902374,-0.189984917640686,-0.1419868320226669,-0.4462471008300781,-0.131416916847229,0.1089834421873092,0.0057060713879764,0.0256960988044738,-0.1067106053233146,-0.0073562865145504,-0.022887110710144,-174.40317028236643,0.9488489264544748,-0.025123807135969404,4.069847109996815
3,multiposture,front,12,thoracic_kyphotic_slouch,bad,0.0038947549182921,-0.4921088814735412,-0.4651117622852325,0.078727126121521,-0.5323609113693237,-0.35331591963768,-0.0613085888326168,-0.4764593839645386,-0.3499042689800262,0.2062419801950454,-0.4107355177402496,-0.189296156167984,-0.1399146616458892,-0.4506025612354278,-0.13123519718647,0.1090432703495025,0.0062233968637883,0.0253642611205577,-0.1067499741911888,-0.0077907475642859,-0.0224397052079439,-173.43016073388358,0.9610062109427003,-0.029268904356285996,4.259412269299223
3,multiposture,front,12,thoracic_kyphotic_slouch,bad,-0.0027201930060982,-0.4965739250183105,-0.4564699232578277,0.0734280198812484,-0.536742627620697,-0.345267117023468,-0.0668505430221557,-0.4793740510940552,-0.3421564102172851,0.2021386474370956,-0.411587506532669,-0.1846411675214767,-0.1428098380565643,-0.452397882938385,-0.1262208521366119,0.109002023935318,0.0063624419271945,0.0252970829606056,-0.1067054867744445,-0.0079394048079848,-0.0223542992025613,-173.25277934641957,0.970633105634277,-0.03238459769636384,3.783540641704009
3,multiposture,front,12,thoracic_kyphotic_slouch,bad,-0.006037357263267,-0.4966183006763458,-0.455876737833023,0.0729241892695427,-0.5365470051765442,-0.3447299301624298,-0.0674348399043083,-0.4797308444976806,-0.3382144272327423,0.2021218538284301,-0.4110101759433746,-0.1836798042058944,-0.1425032764673233,-0.4525067508220672,-0.1237306147813797,0.1089848279953002,0.0064240559004247,0.0252060759812593,-0.1066928058862686,-0.0080146510154008,-0.0222605764865875,-173.13402682404788,0.9762648123991344,-0.03584664594382039,3.8051271966699436
3,multiposture,front,12,thoracic_kyphotic_slouch,bad,-0.0023693214170634,-0.4919414222240448,-0.470311164855957,0.0786026641726493,-0.532489001750946,-0.3592606782913208,-0.0644281581044197,-0.4773693382740021,-0.3507263362407684,0.2047874331474304,-0.4085615277290344,-0.1931162476539611,-0.1398520469665527,-0.451991856098175,-0.1315007954835891,0.1090640872716903,0.0066966344602406,0.0250155683606863,-0.1067726388573646,-0.0083031868562102,-0.0220022294670343,-172.81763468418444,0.9677450342664909,-0.03483701450750224,4.17125915321339
3,multiposture,front,12,thoracic_kyphotic_slouch,bad,0.0012731226161122,-0.4908395409584045,-0.4696382582187652,0.0766791999340057,-0.532249391078949,-0.3584741353988647,-0.0657771527767181,-0.4769209027290344,-0.3523848950862884,0.2041291147470474,-0.4087771773338318,-0.1919275522232055,-0.1410603672266006,-0.4518962800502777,-0.1324239522218704,0.1090932115912437,0.0068818978033959,0.0248762629926204,-0.1067986637353897,-0.0084739737212657,-0.0218254085630178,-172.87981837405437,0.9605436147478267,-0.0302612511441112,4.046547562232247
3,multiposture,front,12,thoracic_kyphotic_slouch,bad,-0.0090553369373083,-0.4277425408363342,-0.5409295558929443,0.0722958371043205,-0.471744567155838,-0.4222016334533691,-0.0712912529706955,-0.4165529608726501,-0.4189725816249847,0.1827444583177566,-0.3519766628742218,-0.2729884088039398,-0.1457657068967819,-0.3873682618141174,-0.2250930070877075,0.106971800327301,0.0028773101512342,0.0408188998699188,-0.1061687171459198,-0.0068232952617108,-0.0394957065582275,-173.8510328057969,0.9757519456720142,-0.02754471264779565,2.8162178963010653
3,multiposture,front,12,thoracic_kyphotic_slouch,bad,-0.0068457666784524,-0.4489892721176147,-0.4612322151660919,0.0697346925735473,-0.497269868850708,-0.3478767871856689,-0.0686147734522819,-0.4465794563293457,-0.345996081829071,0.1788845062255859,-0.3831803798675537,-0.2054380923509597,-0.1475411802530288,-0.4265578687191009,-0.1633737832307815,0.104897141456604,0.0028631535824388,0.0402313247323036,-0.1033603399991989,-0.0065755965188145,-0.038417674601078,-172.4305260524448,0.977921149377677,-0.022517429664730963,2.11781089470349
3,multiposture,front,12,thoracic_kyphotic_slouch,bad,-0.0066064838320016,-0.4515097737312317,-0.4589321911334991,0.0698707699775695,-0.4992168843746185,-0.3433952033519745,-0.068862996995449,-0.4515532255172729,-0.3436299860477447,0.1782018691301345,-0.3867596089839935,-0.200294479727745,-0.1522372364997863,-0.4307697117328644,-0.159872829914093,0.1044767200946807,0.0028920427430421,0.039541121572256,-0.1027477234601974,-0.0064854295924305,-0.0375142134726047,-172.41361002499875,0.9733805717474429,-0.019588800147175702,1.705526735784302
3,multiposture,front,12,thoracic_kyphotic_slouch,bad,-0.0045871478505432,-0.4605538249015808,-0.4448310136795044,0.0748240575194358,-0.5061995387077332,-0.3277164995670318,-0.0654101893305778,-0.460454910993576,-0.3281091153621673,0.1781870871782302,-0.3901263177394867,-0.1868446320295334,-0.1497542709112167,-0.4377070069313049,-0.1430408209562301,0.104216493666172,0.0030777950305491,0.039104126393795,-0.1023725047707557,-0.0065838666632771,-0.0370008051395416,-171.7446175763515,0.9649986282327574,-0.018803555984049945,1.847445406443647
3,multiposture,front,12,thoracic_kyphotic_slouch,bad,0.000754194043111,-0.4648015797138214,-0.4316585958003998,0.067943625152111,-0.5164653658866882,-0.3178337812423706,-0.0663546696305275,-0.4644232988357544,-0.3258414268493652,0.1724707782268524,-0.3975411057472229,-0.1809906065464019,-0.1511665284633636,-0.4406584501266479,-0.140660360455513,0.1038301512598991,0.0028942415956407,0.0387124270200729,-0.1019037216901779,-0.0062801716849207,-0.0365330874919891,-172.41132240928394,0.9454501088562471,-0.009897930838633398,1.3297195181551942
3,multiposture,front,12,thoracic_kyphotic_slouch,bad,-0.007626530714333,-0.4594557583332062,-0.4857786297798157,0.0673111453652381,-0.5057408809661865,-0.3738185167312622,-0.070073552429676,-0.4547941982746124,-0.3670222461223602,0.1740134954452514,-0.3889829516410827,-0.2210462838411331,-0.1514419168233871,-0.4310595095157623,-0.1732321083545684,0.1037091165781021,0.0027789380401372,0.0384818837046623,-0.1018014401197433,-0.0061060613952577,-0.0362893715500831,-172.6333676962445,0.952151422489305,-0.01891232002526516,1.4493444501873969
3,multiposture,front,12,thoracic_kyphotic_slouch,bad,-0.0253671817481517,-0.3989780843257904,-0.5113178491592407,0.049783669412136,-0.4703015387058258,-0.3995649814605713,-0.0936021730303764,-0.4035284519195556,-0.3936169147491455,0.1821494698524475,-0.3841221928596496,-0.2140769958496093,-0.1653317362070083,-0.4104277491569519,-0.1597546339035034,0.1032075807452201,0.0046846414916217,0.0323425233364105,-0.1008252948522567,-0.0079169487580657,-0.0304207801818847,-175.6707645607352,0.9583786564062304,-0.0337760485708713,1.0450904502729808
3,multiposture,front,12,thoracic_kyphotic_slouch,bad,-0.0234088078141212,-0.4183409214019775,-0.5067189931869507,0.0512210205197334,-0.4814516901969909,-0.3941110074520111,-0.0896601006388664,-0.4214780330657959,-0.3903241455554962,0.1798602938652038,-0.3869231939315796,-0.2125232815742492,-0.1651922315359115,-0.4214009344577789,-0.1590821146965026,0.1031841188669204,0.0044535030610859,0.0324943624436855,-0.1007832661271095,-0.0076445727609097,-0.030500503256917,-174.29393002154004,0.9560930291114406,-0.03074283897876735,0.8729053512681669
3,multiposture,front,12,thoracic_kyphotic_slouch,bad,-0.0179259218275547,-0.4210747480392456,-0.5055311918258667,0.0540228709578514,-0.483496218919754,-0.3892354667186737,-0.0867038071155548,-0.4234298467636108,-0.3913957476615906,0.1803178340196609,-0.3880378007888794,-0.2059275805950164,-0.1641745716333389,-0.4232008755207062,-0.159592255949974,0.1032261103391647,0.0042612352408468,0.0327091664075851,-0.1008148863911628,-0.0074246893636882,-0.0306602977216243,-174.1718821393794,0.960542791876671,-0.025997553020715696,0.97356298283368
3,multiposture,front,12,thoracic_kyphotic_slouch,bad,-0.0162415001541376,-0.4259672164916992,-0.4915054738521576,0.0541947148740291,-0.4876703917980194,-0.3731003403663635,-0.0856557339429855,-0.4262840151786804,-0.3780931830406189,0.1782523393630981,-0.3899234533309936,-0.1943938434123993,-0.1647927612066269,-0.4246708750724792,-0.1516138762235641,0.1031900644302368,0.0039700507186353,0.0335114561021328,-0.1007636114954948,-0.0071368780918419,-0.0314005203545093,-174.2161730869132,0.96224712817607,-0.0229712892323732,0.7790129808027106
3,multiposture,front,12,thoracic_kyphotic_slouch,bad,0.0121179856359958,-0.4935558438301086,-0.4346373975276947,0.0800856873393058,-0.5202572345733643,-0.3239622116088867,-0.0614032857120037,-0.4670647084712982,-0.2987042963504791,0.1784688532352447,-0.3901043236255646,-0.1654161661863327,-0.1642179787158966,-0.4369891881942749,-0.0972026139497757,0.1037830561399459,0.0037074431311339,0.0338285826146602,-0.1011838763952255,-0.0067192735150456,-0.0315960459411144,-172.2094192096971,0.8650022527638597,0.004992548376321756,0.8100513197204186
3,multiposture,front,12,thoracic_kyphotic_slouch,bad,0.0273861791938543,-0.4737110137939453,-0.4622436463832855,0.0952362045645713,-0.5079262256622314,-0.337538868188858,-0.0456024855375289,-0.4692857563495636,-0.3442314267158508,0.1813999265432357,-0.3864771425724029,-0.1747742295265197,-0.1593348532915115,-0.4468832612037658,-0.126129999756813,0.1035634502768516,0.0036017664242535,0.034645851701498,-0.1008584424853324,-0.006438560783863,-0.0323844961822032,-169.94694408469013,0.8758834857008679,0.016353642567992207,1.3353614241921508
3,multiposture,front,12,thoracic_kyphotic_slouch,bad,-0.0298595055937767,-0.4465663731098175,-0.4648511409759521,0.0521314963698387,-0.4996283054351806,-0.3692233562469482,-0.0815205201506614,-0.4399492144584656,-0.3515008985996246,0.1793935596942901,-0.3948497772216797,-0.2051279842853546,-0.1449362337589264,-0.4206161797046661,-0.1417164802551269,0.1041625663638114,0.0019937758333981,0.0221714973449707,-0.1032277792692184,-0.0039552468806505,-0.0194233655929565,-175.45767319865888,0.9811696439583478,-0.04708816856145856,2.3596845216817983
3,multiposture,front,12,thoracic_kyphotic_slouch,bad,-0.033969908952713,-0.4417692124843597,-0.4705139994621277,0.0499360933899879,-0.4983355700969696,-0.3844921290874481,-0.0826488584280014,-0.4423377811908722,-0.3644826114177704,0.1775782108306884,-0.393814355134964,-0.2246164828538894,-0.1436639726161956,-0.4327618479728699,-0.1578523963689804,0.1038838103413581,0.0022849990054965,0.0223091393709182,-0.1027863100171089,-0.0041644871234893,-0.019643448293209,-173.08718276776258,0.9892324868359292,-0.0509270280599594,2.2787396360372516
3,multiposture,front,12,thoracic_kyphotic_slouch,bad,-0.032832246273756,-0.4467978775501251,-0.446248322725296,0.0493434742093086,-0.5060726404190063,-0.3615625202655792,-0.0827544182538986,-0.4472580254077911,-0.342457115650177,0.1792491525411605,-0.3978354930877685,-0.2022397369146347,-0.1425356864929199,-0.4384868741035461,-0.1385589838027954,0.1040722131729126,0.0028404449112713,0.0232612490653991,-0.1028922796249389,-0.0046804752200841,-0.0206759981811046,-172.79991196605548,1.0006524175227904,-0.0511889792978763,2.438268838931769
3,multiposture,front,12,thoracic_kyphotic_slouch,bad,-0.0279469341039657,-0.4454448521137237,-0.4563921093940735,0.054435558617115,-0.5039253234863281,-0.3653180599212646,-0.0792240872979164,-0.449998140335083,-0.3515778481960296,0.1786166280508041,-0.3967316150665283,-0.2038147896528244,-0.1412790566682815,-0.4399811625480652,-0.1463077366352081,0.104154996573925,0.0031242514960467,0.0242363438010215,-0.1029071360826492,-0.0048615322448313,-0.0217328052967786,-172.30035988060447,0.9991302923899443,-0.04661571979522701,2.4749251905617715
3,multiposture,front,12,thoracic_kyphotic_slouch,bad,-0.0273040030151605,-0.4432239532470703,-0.4717289209365845,0.0552884228527545,-0.4998498260974884,-0.3792436420917511,-0.0798259899020195,-0.4474274814128876,-0.3681543171405792,0.1764900982379913,-0.3918334543704986,-0.2177385836839676,-0.1418335139751434,-0.434632658958435,-0.1628757119178772,0.1042497679591178,0.0033344044350087,0.0241943802684545,-0.1029271706938743,-0.0050570825114846,-0.0216846391558647,-172.3423979431456,1.0004740950956426,-0.044632295146584455,2.3144868146858952
3,multiposture,front,12,thoracic_kyphotic_slouch,bad,-0.0286548230797052,-0.4370279014110565,-0.4772649705410003,0.0517960302531719,-0.4975726008415222,-0.3870150744915008,-0.0817957296967506,-0.4429554939270019,-0.3717173933982849,0.1752219498157501,-0.3938511610031128,-0.2243958115577697,-0.1424944251775741,-0.4337362349033355,-0.1625677347183227,0.1039425134658813,0.0031238833907991,0.0241668596863746,-0.1025988459587097,-0.0048119914717972,-0.0216766782104969,-172.84470656047878,0.9791045753215601,-0.04501858539879319,2.176170673425238
3,multiposture,front,12,thoracic_kyphotic_slouch,bad,0.032913401722908,-0.4710607230663299,-0.4237790405750274,0.098737858235836,-0.5153321027755737,-0.3069202899932861,-0.04274458065629,-0.4810523092746734,-0.3220600485801697,0.193996250629425,-0.4093815684318542,-0.1400519013404846,-0.1329336315393448,-0.4699676632881164,-0.092566967010498,0.1059357896447181,0.0056489421986043,0.0245777368545532,-0.1031939163804054,-0.0070260623469948,-0.0214709043502807,-169.501148302491,0.896408290167401,0.0023820921778678963,3.800383501683271
3,multiposture,front,12,thoracic_kyphotic_slouch,bad,0.0414530485868454,-0.4740707576274872,-0.4068767130374908,0.1048235669732093,-0.5171030163764954,-0.2908640205860138,-0.0358555875718593,-0.4796222150325775,-0.3026250600814819,0.2024826854467392,-0.4069383144378662,-0.1268036663532257,-0.1299174427986145,-0.4692567586898803,-0.0791389495134353,0.1066668927669525,0.0063384738750755,0.0245253015309572,-0.1040453985333442,-0.0077118049375712,-0.0215171873569488,-169.38144036766752,0.89211858469155,0.0051704272627830505,4.571188573469208
3,multiposture,front,12,thoracic_kyphotic_slouch,bad,0.0420939289033412,-0.4994666278362274,-0.4184095561504364,0.0978943482041359,-0.5257872343063354,-0.2982670366764068,-0.0439825989305973,-0.491684228181839,-0.3126775324344635,0.1969838738441467,-0.4083880186080932,-0.1307251155376434,-0.1328859627246856,-0.4661597609519958,-0.0820495933294296,0.1069277748465538,0.0062187118455767,0.024258429184556,-0.1043178960680961,-0.0074858041480183,-0.0212071035057306,-170.06625151372822,0.8911654033935441,0.01004497334361066,4.027571137320024
3,multiposture,front,12,thoracic_kyphotic_slouch,bad,0.0471416935324668,-0.4897321462631225,-0.4212762415409088,0.1073365584015846,-0.5216003060340881,-0.2976014018058777,-0.0329742208123207,-0.4920869171619415,-0.3195359706878662,0.1958576440811157,-0.4085034132003784,-0.1307356506586074,-0.1331513077020645,-0.4704219698905945,-0.0808251947164535,0.1073773577809333,0.0062285275198519,0.0243556722998619,-0.1046458035707473,-0.0074161519296467,-0.0213781781494617,-169.34176080792602,0.8719782622212583,0.015788525342941194,3.908877064303249
3,multiposture,front,12,thoracic_kyphotic_slouch,bad,0.0475542284548282,-0.4853502213954925,-0.4139948487281799,0.1074801012873649,-0.5238525867462158,-0.2905645668506622,-0.032051458954811,-0.4934172630310058,-0.316033124923706,0.1933378726243972,-0.4116632342338562,-0.1255967170000076,-0.1346451044082641,-0.473082572221756,-0.0765867605805397,0.107631117105484,0.00617111986503,0.0244562905281782,-0.1048406288027763,-0.0072888019494712,-0.0215127114206552,-169.39341903158527,0.8639150544343435,0.018207844346761655,3.619963728554056
3,multiposture,front,12,thoracic_kyphotic_slouch,bad,-0.0238863974809646,-0.447154700756073,-0.4407671391963959,0.0507771931588649,-0.5178553462028503,-0.3441513776779175,-0.0854987725615501,-0.4514632821083069,-0.3368273973464966,0.1919354349374771,-0.4209089279174804,-0.1601518541574478,-0.1398008167743683,-0.4640933275222778,-0.0963041558861732,0.107685774564743,0.0066461628302931,0.023107735440135,-0.1049311831593513,-0.0079519562423229,-0.020267080515623,-172.58312045368086,0.9756628858198874,-0.04995370656251902,3.1983016759254284
3,multiposture,front,12,thoracic_kyphotic_slouch,bad,0.0295222643762826,-0.4863218069076538,-0.4154333472251892,0.0901858285069465,-0.5281916856765747,-0.2949997782707214,-0.051149271428585,-0.4896367192268371,-0.3154879510402679,0.1909740269184112,-0.4187753796577453,-0.1318554580211639,-0.1404454857110977,-0.4693400859832763,-0.0794853344559669,0.1078243255615234,0.0064613842405378,0.023456247523427,-0.1050432845950126,-0.0076797157526016,-0.020607691258192,-171.32527375150025,0.8841942279672611,0.004257993772625843,3.0816333362350594
3,multiposture,front,13,lateral_trunk_tilt_left,bad,0.2248319089412689,-0.4866878986358642,-0.2719943821430206,0.3064441084861755,-0.4952751398086548,-0.1586825847625732,0.1623932272195816,-0.5024848580360413,-0.1661423593759536,0.3528662621974945,-0.3314468562602997,-0.0118634104728698,0.0823758542537689,-0.5041773319244385,0.0106663703918457,0.0932491943240165,0.0404384359717369,0.0386135578155517,-0.0904651284217834,-0.0422662980854511,-0.0363930463790893,-147.43840567807422,1.0374300174032622,0.007210850715637179,27.414031285576385
3,multiposture,front,13,lateral_trunk_tilt_left,bad,0.0991100743412971,-0.5217251181602478,-0.3217591047286987,0.2008350640535354,-0.5480720400810242,-0.2161487340927124,0.0431440472602844,-0.5168766975402832,-0.1931826323270797,0.3043443262577057,-0.3902870714664459,-0.0707191675901413,-0.0054017617367208,-0.474521666765213,-0.0120059438049793,0.0949375033378601,0.037145372480154,0.0287845190614461,-0.091633640229702,-0.0389913357794284,-0.0258038211613893,-164.78648773929848,1.0592893421541536,-0.05036120791919535,18.910726347958583
3,multiposture,front,13,lateral_trunk_tilt_left,bad,0.1808025985956192,-0.4696665108203888,-0.2750356495380401,0.2645971477031708,-0.5067551732063293,-0.1729893684387207,0.1081298887729644,-0.4791085422039032,-0.1718147099018097,0.3365769684314728,-0.351279467344284,-0.0494813844561576,0.0654501467943191,-0.4719956517219543,0.0226937290281057,0.0919586047530174,0.0374963395297527,0.0246138423681259,-0.0882952138781547,-0.0392062254250049,-0.022305492311716,-155.9995157006955,0.9351299931024052,-0.020210959017276736,25.86799800002866
3,multiposture,front,13,lateral_trunk_tilt_left,bad,0.1771692335605621,-0.4349280595779419,-0.3173835277557373,0.2561278939247131,-0.4766122102737427,-0.2182575166225433,0.1009070947766304,-0.456555038690567,-0.2225574553012848,0.3393497467041015,-0.3357634842395782,-0.0791764557361602,0.0669738948345184,-0.4588006138801574,-0.0191492978483438,0.0913747102022171,0.0378035530447959,0.0243856012821197,-0.0876386910676956,-0.039528202265501,-0.0222321581095457,-155.6904398743079,0.9558514994542686,-0.025992587208747836,26.920526646124525
3,multiposture,front,13,lateral_trunk_tilt_left,bad,0.1711659282445907,-0.4387924373149872,-0.3115302920341491,0.2529783546924591,-0.4870272874832153,-0.2132472395896911,0.0954514518380165,-0.4585135579109192,-0.2170883268117904,0.3395118117332458,-0.3402540385723114,-0.0759385749697685,0.0648367702960968,-0.4576214849948883,-0.0193434953689575,0.0909686163067817,0.0377418249845504,0.0242753606289625,-0.0871949419379234,-0.0394720844924449,-0.0221966877579689,-156.86319282932328,0.9819046279912516,-0.031008362770080594,26.708933979072256
3,multiposture,front,13,lateral_trunk_tilt_left,bad,0.199576735496521,-0.4288489520549774,-0.3353243172168731,0.2775368988513946,-0.4692988097667694,-0.2320245057344436,0.1291935294866562,-0.4605016112327575,-0.2453574240207672,0.3461214601993561,-0.3310807049274444,-0.0860584527254104,0.0751500725746154,-0.4690084159374237,-0.0401295125484466,0.0906949564814567,0.0378721803426742,0.0254151280969381,-0.0869439989328384,-0.0395151004195213,-0.0233964193612337,-153.0233561006618,0.9454223067561792,-0.011059030890464727,27.605803783095553
3,multiposture,front,13,lateral_trunk_tilt_left,bad,0.2064326703548431,-0.4260163009166717,-0.3191738426685333,0.2791459560394287,-0.4715111255645752,-0.2149252891540527,0.1268161237239837,-0.4569600820541382,-0.2323835492134094,0.3495188355445862,-0.3294035494327545,-0.0778178721666336,0.0780561119318008,-0.4652256071567535,-0.0265585537999868,0.0905206575989723,0.0381052121520042,0.025619126856327,-0.0867730006575584,-0.0397099554538726,-0.0235850159078836,-153.41963681621468,0.9217712743122852,-0.007354803383350372,28.12201656897948
3,multiposture,front,14,lateral_trunk_tilt_right,bad,-0.1892917454242706,-0.442839115858078,-0.3930433690547943,-0.1172917261719703,-0.5018850564956665,-0.2833113670349121,-0.2452431172132492,-0.4324349164962768,-0.2733900547027588,0.0035360306501388,-0.4197424650192261,-0.1332380175590515,-0.3222373127937317,-0.3817828595638275,-0.0808418989181518,0.09520223736763,-0.0344482772052288,0.0315175652503967,-0.0945655405521392,0.030783474445343,-0.0276939868927001,173.35377965608498,0.9408023743294363,-0.029941104352474157,-21.813404157503342
3,multiposture,front,14,lateral_trunk_tilt_right,bad,-0.1762822866439819,-0.4437825977802276,-0.3498919606208801,-0.1199835836887359,-0.5041764378547668,-0.2460738718509674,-0.2333794236183166,-0.4329645931720733,-0.2458157986402511,0.0001458490587538,-0.4245967268943786,-0.1116507053375244,-0.325201541185379,-0.3773359656333923,-0.0622565113008022,0.0945670828223228,-0.0351136997342109,0.0267567411065101,-0.0942042768001556,0.0311030130833387,-0.0231959149241447,171.73488530281438,0.8984722415106835,-0.013754440580669325,-22.187229837416634
3,multiposture,front,14,lateral_trunk_tilt_right,bad,-0.1766200065612793,-0.438920259475708,-0.3705872893333435,-0.1130587086081504,-0.4991055727005005,-0.2732347548007965,-0.2283699363470077,-0.4335185587406158,-0.2638752460479736,0.0048733763396739,-0.4232224225997925,-0.1279157847166061,-0.3252100646495819,-0.3805661797523498,-0.0770439952611923,0.0943919196724891,-0.0351971834897995,0.0281707849353551,-0.0940277427434921,0.0311204269528388,-0.0245351549237966,172.63655184563143,0.9081123271767991,-0.016451662406325285,-21.851798504712562
3,multiposture,front,14,lateral_trunk_tilt_right,bad,-0.1779608279466629,-0.4357562661170959,-0.3814852833747864,-0.1157231405377388,-0.4976144433021545,-0.280355155467987,-0.231772094964981,-0.4314270615577698,-0.2738024294376373,0.0007967277197167,-0.4229767322540283,-0.1333143264055252,-0.3278758525848388,-0.3788976073265075,-0.0825685635209083,0.0939739644527435,-0.0355439931154251,0.0281520895659923,-0.093616709113121,0.0313994921743869,-0.024523090571165,172.36149392050572,0.9024539072402022,-0.014421265514101833,-22.316200420945943
3,multiposture,front,14,lateral_trunk_tilt_right,bad,-0.2341202348470688,-0.3940408229827881,-0.4101249575614929,-0.1467673182487487,-0.4807381331920624,-0.3153094947338104,-0.2687668204307556,-0.4062850773334503,-0.2876719832420349,-0.0111903930082917,-0.4209832549095154,-0.1547885239124298,-0.3401334881782532,-0.3652076125144958,-0.0949029847979545,0.0941646918654441,-0.0358248576521873,0.0279179122298955,-0.0939123481512069,0.031631264835596,-0.0242864899337291,170.37644983287856,1.0186057452533805,-0.05845829425379634,-24.208089343006243
3,multiposture,front,14,lateral_trunk_tilt_right,bad,-0.2446945458650589,-0.376722127199173,-0.4165304899215698,-0.1598083674907684,-0.4644650220870971,-0.3387100100517273,-0.2731817066669464,-0.3913195431232452,-0.2885833084583282,-0.0122116031125187,-0.4157493412494659,-0.1700065582990646,-0.3332100808620453,-0.3580863177776336,-0.0976552590727806,0.0941973328590393,-0.0355386286973953,0.0304353255778551,-0.0940385535359382,0.0313497558236122,-0.0270238760858774,169.81620433881224,1.0290764565792656,-0.07198370387777692,-24.180641348275962
3,multiposture,front,14,lateral_trunk_tilt_right,bad,-0.245389923453331,-0.3786370158195495,-0.3843585550785064,-0.1638616025447845,-0.4679100215435028,-0.3046405613422394,-0.2745906710624695,-0.3905093669891357,-0.2585985958576202,-0.0145984878763556,-0.4192563891410827,-0.1502480804920196,-0.3380204141139984,-0.3574095964431762,-0.0720483511686325,0.0942657887935638,-0.0356192849576473,0.02829828299582,-0.0942307263612747,0.0313771292567253,-0.0249927919358015,169.17423198941972,1.0146884669491931,-0.06908047245815399,-24.539305661205777
3,multiposture,front,15,neutral_spinal_alignment,good,0.0035395137965679,-0.5118359923362732,-0.3307031989097595,0.0904583483934402,-0.5546448826789856,-0.2182633876800537,-0.0573760382831096,-0.5191091299057007,-0.2127687036991119,0.1909321844577789,-0.431694895029068,-0.0587256550788879,-0.1278707981109619,-0.5058148503303528,-0.0073891878128051,0.1015596613287925,0.0080711487680673,0.032099962234497,-0.0996286645531654,-0.0130015332251787,-0.0298218727111816,-166.91156357279345,0.9736909739858896,-0.02799117937684061,3.7503614782280437
3,multiposture,front,15,neutral_spinal_alignment,good,0.0093341106548905,-0.5157172679901123,-0.2690284550189972,0.0943083390593528,-0.5551416277885437,-0.1539011150598526,-0.0511113181710243,-0.5225803256034851,-0.1487301737070083,0.1899193078279495,-0.4320474863052368,-0.0055969879031181,-0.1263149529695511,-0.5068075656890869,0.042797777801752,0.1017553880810737,0.0076541299931705,0.0321136005222797,-0.099741943180561,-0.0124305849894881,-0.0297135468572378,-166.69906175976206,0.9705830242321003,-0.022468066774308702,3.772485773291151
3,multiposture,front,15,neutral_spinal_alignment,good,0.006025745999068,-0.5337215065956116,-0.2266013771295547,0.0931149423122406,-0.5639841556549072,-0.1118523776531219,-0.0524083524942398,-0.5304531455039978,-0.102669283747673,0.1876487880945205,-0.4305010735988617,0.0236619357019662,-0.1263834089040756,-0.5039113759994507,0.0747145488858223,0.1018254831433296,0.0073937410488724,0.0315736941993236,-0.0997864156961441,-0.0120598655194044,-0.0288975164294242,-166.84242639246574,0.9864527279552089,-0.02460694359615446,3.644906906687331
3,multiposture,front,15,neutral_spinal_alignment,good,0.0025492003187537,-0.5316333174705505,-0.2383846938610077,0.0901694595813751,-0.5698335766792297,-0.1203384846448898,-0.0557254329323768,-0.533743679523468,-0.1118880286812782,0.1876268237829208,-0.4354148507118225,0.0252119656652212,-0.1273486614227295,-0.5097160339355469,0.0732104405760765,0.1020106971263885,0.0071608335711061,0.0315776318311691,-0.099926009774208,-0.0117430659011006,-0.0287707969546318,-166.72685540612474,0.9936429821962722,-0.02758988086134196,3.5404820594956528
3,multiposture,front,15,neutral_spinal_alignment,good,0.0141054401174187,-0.5511468648910522,-0.2340058386325836,0.0996663644909858,-0.5800891518592834,-0.1058624610304832,-0.0486584268510341,-0.5495835542678833,-0.1100773066282272,0.1873784661293029,-0.4340533316135406,0.0340808108448982,-0.1297364979982376,-0.5126692652702332,0.0773673802614212,0.1028720363974571,0.0068063177168369,0.0315177328884601,-0.1007881462574005,-0.0113244000822305,-0.0285263955593109,-166.076522321413,0.9851171681937563,-0.014715543948113943,3.3745982339078875
3,multiposture,front,15,neutral_spinal_alignment,good,-0.023203307762742,-0.5276627540588379,-0.2400468587875366,0.0677534416317939,-0.5763024091720581,-0.1354041695594787,-0.0755029767751693,-0.5273959636688232,-0.1144086048007011,0.1856166273355484,-0.4417300820350647,0.0074751456268131,-0.1290171593427658,-0.5090509057044983,0.0660898461937904,0.1025674417614936,0.0067900451831519,0.0306297987699508,-0.1005005538463592,-0.0113361943513154,-0.0276956558227539,-167.92277713491475,1.0326905111939046,-0.0515030417591333,3.298371890773453
3,multiposture,front,15,neutral_spinal_alignment,good,0.0131450267508625,-0.4958755671977997,-0.2860412895679474,0.088327944278717,-0.5303971171379089,-0.1583317518234253,-0.055005058646202,-0.4910331070423126,-0.1652864217758178,0.1768629997968673,-0.4020813405513763,-0.0079438518732786,-0.1334083080291748,-0.4570525288581848,0.0450529567897319,0.1046051159501075,0.0046606766991317,0.0309480763971805,-0.1013185009360313,-0.0088012414053082,-0.0286259427666664,-169.95308645882784,0.9228614105790561,-0.008582319132983742,2.6898108478768994
3,multiposture,front,15,neutral_spinal_alignment,good,0.0052863201126456,-0.4856127500534057,-0.3440218269824981,0.0823848694562912,-0.5272868871688843,-0.2215088605880737,-0.059551827609539,-0.4790520370006561,-0.2237422913312912,0.1753332912921905,-0.402517169713974,-0.0660542622208595,-0.1372136026620865,-0.4520045220851898,-0.0048686740919947,0.1047578454017639,0.0045078746043145,0.0302254203706979,-0.1014302298426628,-0.0086665302515029,-0.0277575086802244,-171.00272051571613,0.910337289712358,-0.013773524202406405,2.3429143188445414
3,multiposture,front,15,neutral_spinal_alignment,good,0.0143252275884151,-0.5057555437088013,-0.3298635482788086,0.0877914726734161,-0.5334883332252502,-0.1972770988941192,-0.0570182092487812,-0.4904582500457763,-0.2088355123996734,0.1749055832624435,-0.4010896980762481,-0.0529345050454139,-0.1376619338989257,-0.4511865377426147,0.0033920360729098,0.1049673333764076,0.0043649272993206,0.0301199704408645,-0.1016009747982025,-0.0085017532110214,-0.0276077445596456,-170.89434624343042,0.9094685649296725,-0.004296597093343794,2.2873533273660724
3,multiposture,front,15,neutral_spinal_alignment,good,0.015568939037621,-0.5052672624588013,-0.3194590806961059,0.0932279154658317,-0.5324753522872925,-0.1867753863334655,-0.053468145430088,-0.49148690700531,-0.1955575793981552,0.1766276061534881,-0.3988881707191467,-0.0425447113811969,-0.1365804523229599,-0.4523791670799255,0.0135660637170076,0.1050851866602897,0.0044226786121726,0.0300768297165632,-0.1017040386795997,-0.0085250195115804,-0.0274801719933748,-170.30828950316442,0.912448009039493,-0.004454637877643101,2.478262323662134
3,multiposture,front,15,neutral_spinal_alignment,good,0.0006187425460666,-0.4784882366657257,-0.3726174831390381,0.0784797668457031,-0.5211600661277771,-0.2481767535209655,-0.0633886456489563,-0.4687684774398803,-0.2504543364048004,0.1751291304826736,-0.3964893519878387,-0.0869850516319274,-0.1380056142807006,-0.4452856481075287,-0.0260284300893545,0.1045405119657516,0.0043235206976532,0.0293918512761592,-0.1011942103505134,-0.0084693199023604,-0.0269557926803827,-171.14274217830325,0.9195840475310253,-0.017943015554919894,2.3091886896685745
3,multiposture,front,15,neutral_spinal_alignment,good,0.0079007223248481,-0.4873659014701843,-0.3692989647388458,0.0847561135888099,-0.5231776237487793,-0.2383829802274704,-0.0590704679489135,-0.4768644273281097,-0.2478383034467697,0.1754645407199859,-0.3969794511795044,-0.0820334553718566,-0.1376630663871765,-0.4471705257892608,-0.0219166278839111,0.1043586283922195,0.0042899819090962,0.0289121828973293,-0.101021371781826,-0.0084246369078755,-0.0265045445412397,-170.8935494589405,0.9098233397539068,-0.011000014841556596,2.3494182843889453
3,multiposture,front,15,neutral_spinal_alignment,good,0.0087235672399401,-0.4985561072826385,-0.1952453255653381,0.0875878557562828,-0.5398343801498413,-0.0709037110209465,-0.0629966333508491,-0.5002009272575378,-0.0664061158895492,0.1759731024503708,-0.4152320027351379,0.034225046634674,-0.1341335773468017,-0.4699102342128753,0.0648448839783668,0.0991755351424217,-0.0072795446030795,0.0335684232413768,-0.0964189022779464,0.0044884290546178,-0.0296600796282291,-170.000348179333,0.9926384574221717,-0.012196195311844443,2.5362035363463984
3,multiposture,front,15,neutral_spinal_alignment,good,-0.0235866513103246,-0.4731545448303222,-0.2300569415092468,0.0527437478303909,-0.5307977199554443,-0.1025262996554374,-0.0879638791084289,-0.4767987728118896,-0.0959770604968071,0.1684021651744842,-0.4094631671905517,0.0075206328183412,-0.1516032963991165,-0.4554280638694763,0.0457538813352584,0.0991683825850486,-0.0075987293384969,0.0288019720464944,-0.0963937789201736,0.0048516388051211,-0.0250085070729255,-171.8260658119603,1.0244141262862714,-0.031986085698008454,0.9319327266751872
3,multiposture,front,15,neutral_spinal_alignment,good,-0.0048765027895569,-0.504342257976532,-0.166456401348114,0.0535322800278663,-0.5402403473854065,-0.0308488328009843,-0.0784592926502227,-0.4877810776233673,-0.0492110177874565,0.1678654700517654,-0.4067642092704773,0.0590838752686977,-0.1509967297315597,-0.4529841542243957,0.0723555907607078,0.0991114154458046,-0.0076046548783779,0.0301309078931808,-0.0963294431567192,0.0048509715124964,-0.0260347016155719,-171.75226563558934,1.0553067818375015,-0.013310872949659745,0.9417090851281348
3,multiposture,front,15,neutral_spinal_alignment,good,-0.0078036147169768,-0.4832283556461334,-0.2249585688114166,0.0699573904275894,-0.5238451361656189,-0.0939825624227523,-0.0775429606437683,-0.4865053296089172,-0.1002524644136428,0.1678410321474075,-0.398402452468872,0.0211651269346475,-0.1527107059955597,-0.4505732953548431,0.0427880398929119,0.0993135124444961,-0.0075805252417922,0.0304812546819448,-0.0965700969099998,0.0048369555734097,-0.0263138264417648,-170.75597647422197,1.0256473209070514,-0.015368777792900707,0.8386197496332217
3,multiposture,front,15,neutral_spinal_alignment,good,0.0033612763509154,-0.443434327840805,-0.3339695632457733,0.0783626735210418,-0.4950295686721802,-0.2008243203163147,-0.0655512064695358,-0.4529798328876495,-0.2076540142297744,0.1750025153160095,-0.3827002048492431,-0.0537988506257534,-0.1578538417816162,-0.4340488612651825,0.0126503938809037,0.0995205640792846,-0.0044883713126182,0.017333073541522,-0.09549380838871,0.002184493932873,-0.0141339981928467,-171.2303000496524,0.8737970125844833,-0.0052130604162812415,0.9230399770997623
3,multiposture,front,15,neutral_spinal_alignment,good,0.0077294614166021,-0.444675475358963,-0.3606683909893036,0.082011379301548,-0.4888267517089844,-0.2259479761123657,-0.0592143163084983,-0.4453265964984894,-0.2328681498765945,0.1803645342588424,-0.3736249506473541,-0.0769428685307502,-0.1508269011974334,-0.4286623895168304,-0.0122551843523979,0.0975880473852157,-0.0041617532260715,0.0163764897733926,-0.0937475934624672,0.0019289957126602,-0.0128435008227825,-170.5648024918814,0.8864726832576982,-0.007039355114102412,1.8396668712354278
3,multiposture,front,15,neutral_spinal_alignment,good,0.0079037621617317,-0.4423486888408661,-0.3387788534164428,0.0833727493882179,-0.4887794554233551,-0.2016482204198837,-0.0595505274832248,-0.4453059732913971,-0.2078334093093872,0.1817950010299682,-0.3726459443569183,-0.0519548803567886,-0.1500588357448578,-0.4274516999721527,0.0116951912641525,0.0974931493401527,-0.0039917514659464,0.0159263033419847,-0.0936792120337486,0.0017646069172769,-0.0123528661206364,-170.62223264069254,0.8904893028027299,-0.00796432048082351,2.0043016843888988
3,multiposture,front,15,neutral_spinal_alignment,good,-0.0032541488762944,-0.4518596827983856,-0.2763732969760895,0.0780888274312019,-0.4965268969535827,-0.1501072198152542,-0.0639600679278373,-0.4533638656139374,-0.1337597966194152,0.1775562018156051,-0.3852673172950744,-0.0108653828501701,-0.1497704982757568,-0.430927038192749,0.0591458640992641,0.0952746123075485,-0.0068146912381052,0.0150364255532622,-0.092341236770153,0.0042511741630733,-0.0111715449020266,-172.05889285991114,0.8945881066473244,-0.01714700064621855,1.749553784299889
3,multiposture,front,15,neutral_spinal_alignment,good,-0.0316953398287296,-0.4382166266441345,-0.3470288217067718,0.0523170866072177,-0.496848464012146,-0.2319891452789306,-0.0836191847920417,-0.434887558221817,-0.2135163098573684,0.1784861534833908,-0.3814988434314728,-0.0800741538405418,-0.1500801146030426,-0.4204412698745727,0.0001509080611867,0.0952197015285492,-0.0058114132843911,0.0138614317402243,-0.0921417698264122,0.0033146664500236,-0.0101942075416445,-173.24070578801027,0.9379923842458786,-0.045898359268903705,1.8146481003913144
3,multiposture,front,15,neutral_spinal_alignment,good,-0.0353745408356189,-0.4401211440563202,-0.3233909010887146,0.0459125787019729,-0.503782331943512,-0.2108682245016098,-0.0893499702215194,-0.4350476562976837,-0.1900181621313095,0.178339198231697,-0.3854280114173889,-0.0655263140797615,-0.1505686938762664,-0.4201445281505584,0.0271429792046546,0.0953620672225952,-0.0056382929906249,0.0109075810760259,-0.0921445712447166,0.0031176023185253,-0.0073394910432398,-173.97469005309196,0.9183636393936978,-0.049259793013334205,1.7512513601978568
3,multiposture,front,15,neutral_spinal_alignment,good,0.0307139344513416,-0.4828546345233917,-0.2833304107189178,0.0966286957263946,-0.5335708856582642,-0.1558253318071365,-0.0446426272392272,-0.4857393503189087,-0.1761611700057983,0.1854381710290908,-0.4187920987606048,-0.0481839589774608,-0.1319491118192672,-0.4649258852005005,0.0185357201844453,0.0960888937115669,0.0043786074966192,0.0271618086844682,-0.0943930372595787,-0.0090361731126904,-0.0242733228951692,-171.72970005226543,0.8407290801016299,0.003969404846429797,3.371901567840905
3,multiposture,front,15,neutral_spinal_alignment,good,0.0021222538780421,-0.4790182709693908,-0.2929975688457489,0.0880251824855804,-0.5367622375488281,-0.1838261038064956,-0.052809502929449,-0.4872687458992004,-0.1683807373046875,0.1938726603984832,-0.4240228533744812,-0.0663199052214622,-0.1192077174782753,-0.4719319939613342,0.0104641215875744,0.0958496183156967,0.0048907720483839,0.028845502063632,-0.0942251607775688,-0.0095685953274369,-0.025955768302083,-171.29980140139463,0.9237002684790281,-0.035210217582061845,4.684941462003348
3,multiposture,front,15,neutral_spinal_alignment,good,-0.0095348767936229,-0.5014866590499878,-0.2605456709861755,0.0819980129599571,-0.5502447485923767,-0.1502583920955658,-0.0560536608099937,-0.5003119111061096,-0.1351335197687149,0.1915500164031982,-0.425296813249588,-0.0455495156347751,-0.120380088686943,-0.4733933806419372,0.0396799258887767,0.0962222814559936,0.0047751609236001,0.0281552895903587,-0.0945343151688575,-0.0094838235527277,-0.0252024065703153,-171.2345817418793,0.9465013226673737,-0.045119840651750495,4.444203689437319
3,multiposture,front,15,neutral_spinal_alignment,good,0.0277588590979576,-0.5087217092514038,-0.2632252275943756,0.1096653267741203,-0.5401672720909119,-0.128935769200325,-0.0355612933635711,-0.5064714550971985,-0.1427881866693496,0.1975946873426437,-0.4088160991668701,-0.0209782347083091,-0.1186477318406105,-0.4750649929046631,0.0360186249017715,0.0985808372497558,0.0065461681224405,0.0322459228336811,-0.0964812189340591,-0.0109044602140784,-0.0296035427600145,-168.16833719755806,0.9325910244750527,-0.011714618653059002,4.993474418229234
3,multiposture,front,15,neutral_spinal_alignment,good,-0.002360904822126,-0.4628136456012726,-0.3052397668361664,0.0822667106986045,-0.5312607288360596,-0.1936023086309433,-0.0568649321794509,-0.4764509797096252,-0.1838449388742447,0.1930681318044662,-0.418751448392868,-0.06901216506958,-0.1219383105635643,-0.469984233379364,0.0091245220974087,0.0982076525688171,0.0062934551388025,0.0294147245585918,-0.0961734429001808,-0.0107451984658837,-0.0266724769026041,-170.76227457453857,0.9207011876551874,-0.03792581544257695,4.467862884492831
3,multiposture,front,15,neutral_spinal_alignment,good,-0.0070299827493727,-0.4888809025287628,-0.2785702049732208,0.0925634279847145,-0.5334035754203796,-0.1618406176567077,-0.0499396510422229,-0.4996692836284637,-0.1459282487630844,0.1876701563596725,-0.4142625033855438,-0.0508675016462802,-0.1261102259159088,-0.4736334085464477,0.0316954143345356,0.0982209295034408,0.0063449731096625,0.0282564237713813,-0.0962162613868713,-0.0109006678685545,-0.025346178561449,-169.285634314799,0.9280535793378931,-0.03780994797125454,3.8570745296355033
3,multiposture,front,15,neutral_spinal_alignment,good,0.0052102697081863,-0.4529131948947906,-0.2543818652629852,0.073921650648117,-0.5226951241493225,-0.1325270235538482,-0.0689365416765213,-0.4525148272514343,-0.1328084021806717,0.2024576216936111,-0.4052448868751526,0.0200184062123298,-0.1325229108333587,-0.445643275976181,0.0666124671697616,0.101605586707592,0.0108749577775597,0.0406293459236621,-0.0986582338809967,-0.0158916935324668,-0.037692230194807,-173.12338389677902,0.9768484830981894,-0.02975708572193989,4.527992311041294
3,multiposture,front,15,neutral_spinal_alignment,good,-0.0159641094505786,-0.4682185351848602,-0.2386448681354522,0.0611779913306236,-0.5234280824661255,-0.1233527064323425,-0.0769525095820427,-0.4532405734062195,-0.1105545163154602,0.1962054818868637,-0.3880633115768432,-0.0005742380744777,-0.1373883038759231,-0.431566447019577,0.0782088264822959,0.1009033918380737,0.0105178421363234,0.0375106558203697,-0.0979761183261871,-0.0156386494636535,-0.0343149453401565,-172.5701284165965,0.963424475188411,-0.0453726984560489,3.9253637890655675
3,multiposture,front,15,neutral_spinal_alignment,good,0.0272455550730228,-0.4940023124217987,-0.23068268597126,0.0995866134762764,-0.5196629166603088,-0.0953247547149658,-0.0436677075922489,-0.4841480553150177,-0.1061184406280517,0.1908589452505111,-0.3828358650207519,0.0243016202002763,-0.1423404365777969,-0.4466732442378998,0.0840156972408294,0.1009673401713371,0.0098526123911142,0.0380291827023029,-0.0979725420475006,-0.0148953329771757,-0.0347804464399814,-169.15418061420345,0.8949287156241802,0.002986300736665712,3.160432746015516
3,multiposture,front,15,neutral_spinal_alignment,good,0.0313045680522918,-0.4700530767440796,-0.2260792851448059,0.0996455326676368,-0.5093956589698792,-0.0932661816477775,-0.0394805036485195,-0.47671639919281,-0.1057483106851577,0.1914931535720825,-0.3807681798934936,0.0303959790617227,-0.1379275918006897,-0.449977844953537,0.0916519910097122,0.1008120030164718,0.0100284172222018,0.038417749106884,-0.0977448001503944,-0.0150720058009028,-0.0352501049637794,-168.13500552267985,0.8744889393009928,0.0045217871665954035,3.499739680126176
3,multiposture,front,15,neutral_spinal_alignment,good,0.0317557416856288,-0.4683851599693298,-0.2334049940109253,0.1001866161823272,-0.5088200569152832,-0.1026830449700355,-0.0391129367053508,-0.4734297692775726,-0.1158700063824653,0.1933361142873764,-0.3807572424411773,0.0249076951295137,-0.136158674955368,-0.4498509168624878,0.0815809294581413,0.1007513031363487,0.0101073123514652,0.0390557870268821,-0.0976499840617179,-0.0151586215943098,-0.0360148847103118,-168.15691493998025,0.886994318720391,0.003167022019624592,3.747668750887405
3,multiposture,front,15,neutral_spinal_alignment,good,-0.0096758771687746,-0.4786726832389831,-0.2108425348997116,0.0658098608255386,-0.5245694518089294,-0.0949850231409072,-0.0699716657400131,-0.4645563662052154,-0.0829818174242973,0.1941482573747635,-0.3827482163906097,0.0228995066136121,-0.1359587907791137,-0.4378234446048736,0.0996159762144088,0.1004003062844276,0.0100202662870287,0.0381479673087596,-0.0973633304238319,-0.0150830447673797,-0.03504453971982,-170.5279867875547,0.9614528235830749,-0.0387706104665995,3.868995787175571
3,multiposture,front,15,neutral_spinal_alignment,good,-0.0180073007941246,-0.484290212392807,-0.2035076767206192,0.0572388470172882,-0.5381925106048584,-0.0939436331391334,-0.0806150585412979,-0.4626579284667969,-0.0726430043578147,0.195899412035942,-0.3920848369598388,0.0237002205103635,-0.1356209367513656,-0.4363785684108734,0.1103226691484451,0.1001983135938644,0.0101198917254805,0.0376755520701408,-0.0971543714404106,-0.0152403209358453,-0.0345760844647884,-172.38990150831538,0.961132652482222,-0.0481465384364128,3.9765083997213844
4,multiposture,front,16,posterior_trunk_recline,bad,-0.0282163247466087,-0.5241747498512268,-0.1875716596841812,0.0617511123418808,-0.5451002717018127,-0.0564730279147625,-0.0986580923199653,-0.5050938725471497,-0.0412977822124958,0.1617290079593658,-0.3975147902965545,0.0641187280416488,-0.1592551618814468,-0.4567539989948272,0.0958778038620948,0.0973301902413368,-0.0126302326098084,0.0406442806124687,-0.0947097539901733,0.010315291583538,-0.0372470244765281,-169.54344096929808,1.063668083753914,-0.02945324778556819,-0.009858513086382978
4,multiposture,front,16,posterior_trunk_recline,bad,-0.0244676358997821,-0.5102163553237915,-0.1928071081638336,0.0640802457928657,-0.5392865538597107,-0.0613425113260746,-0.0942989587783813,-0.4987229108810425,-0.0527499727904796,0.1677018404006958,-0.3995204865932464,0.0612560473382473,-0.1604335308074951,-0.4579337537288666,0.0929944068193435,0.0979454964399337,-0.0125033184885978,0.0391813069581985,-0.0951980203390121,0.0103115458041429,-0.0356883183121681,-169.90618498006097,1.0512973968054309,-0.028101790696382457,0.3028570484288722
4,multiposture,front,16,posterior_trunk_recline,bad,-0.0397034510970115,-0.476058691740036,-0.1576874554157257,0.0627214387059211,-0.5023832321166992,-0.0705407038331031,-0.0721901580691337,-0.461665391921997,-0.025160452350974,0.1892675161361694,-0.383709579706192,0.0666670799255371,-0.1327502727508545,-0.4359568059444427,0.103780560195446,0.0921903699636459,-0.0099350931122899,0.0352520011365413,-0.0893759280443191,0.0072318888269364,-0.0313257277011871,-170.78409748224195,1.1896851869401432,-0.06796207278966895,3.7609081103076174
4,multiposture,front,16,posterior_trunk_recline,bad,-0.0158394388854503,-0.4806787371635437,-0.1695712804794311,0.0770628079771995,-0.5056342482566833,-0.0632961839437484,-0.0588730201125144,-0.4786336421966553,-0.0300982389599084,0.1858728677034378,-0.3910278379917145,0.0609705932438373,-0.1271553486585617,-0.459452748298645,0.1055325865745544,0.0938835144042968,-0.007556234486401,0.0384717769920825,-0.0910322442650795,0.0041929557919502,-0.035565972328186,-167.66964903654423,1.0727606748550753,-0.04519819840788835,3.7731160064222924
4,multiposture,front,16,posterior_trunk_recline,bad,0.0373307913541793,-0.4967010915279388,-0.1635289937257766,0.1032752245664596,-0.524277925491333,-0.0429062657058239,-0.0372318141162395,-0.4858393967151642,-0.0544903576374053,0.1873711049556732,-0.3809123933315277,0.0611090846359729,-0.0975930765271186,-0.4622802138328552,0.1200996562838554,0.1008495241403579,0.0160612016916275,0.018717797473073,-0.0996783003211021,-0.023101994767785,-0.0163248274475336,-164.0639950811929,0.9301860762728986,-0.007558222860097996,6.049044483038317
4,multiposture,front,16,posterior_trunk_recline,bad,0.0052206511609256,-0.4784972965717315,-0.1407531797885894,0.0936126187443733,-0.5072075724601746,-0.0117908529937267,-0.0507546290755271,-0.4782968461513519,-0.0081863310188055,0.1997412890195846,-0.3840053975582123,0.0931998565793037,-0.1235950142145156,-0.4556685388088226,0.1871057003736496,0.0994834899902343,0.0156672112643718,0.0109670488163828,-0.098388485610485,-0.0219009015709161,-0.0079290950670838,-167.50317392024107,0.9025381900449051,-0.0328524862416089,5.145604697441582
4,multiposture,front,16,posterior_trunk_recline,bad,0.0145343001931905,-0.4825907051563263,-0.1814153790473938,0.0944134071469307,-0.5099930763244629,-0.0644739046692848,-0.0458616614341735,-0.4772628843784332,-0.0548771433532238,0.193896934390068,-0.378868043422699,0.0255367532372474,-0.1160428524017334,-0.4553302824497223,0.1250781416893005,0.0994251146912574,0.0167482402175664,0.0109401959925889,-0.0979910194873809,-0.022627018392086,-0.0075320764444768,-166.14183187763132,0.8760930811354486,-0.024392740800976802,5.271133330650366
4,multiposture,front,16,posterior_trunk_recline,bad,0.085949420928955,-0.4892361760139465,-0.1623291671276092,0.1423514634370803,-0.5090233683586121,-0.0300673581659793,0.0037940090987831,-0.4868318736553192,-0.052062302827835,0.1995411217212677,-0.3613194525241852,0.0397337451577186,-0.0954119488596916,-0.4584382474422455,0.1306979805231094,0.0995181277394294,0.0164331384003162,0.0110715916380286,-0.0977882966399192,-0.0221327282488346,-0.007406813558191,-161.77490719747482,0.7652216726342332,0.03388483449816695,7.169508088392831
4,multiposture,front,16,posterior_trunk_recline,bad,0.0619608759880065,-0.4798654317855835,-0.1506158709526062,0.1506634801626205,-0.4952077269554138,-0.0183782931417226,0.0016086796531453,-0.4854243397712707,-0.0163070261478424,0.2055260986089706,-0.3436139523983001,0.0639549121260643,-0.074945367872715,-0.4612020850181579,0.1629532128572464,0.0995445474982261,0.0204572677612304,0.0089943939819931,-0.0973517373204231,-0.0259680394083261,-0.0055796355009078,-157.2540505877499,0.8519121902758233,-0.0033294893801212935,9.125155440747069
4,multiposture,front,16,posterior_trunk_recline,bad,0.030625345185399,-0.4736449122428894,-0.1077905669808387,0.138403370976448,-0.4937844276428222,0.0157973915338516,-0.0165234021842479,-0.4815431833267212,0.0356427654623985,0.2112474143505096,-0.3432149887084961,0.0976587310433387,-0.0764915272593498,-0.4614135324954986,0.1920872330665588,0.1017278507351875,0.0232904255390167,0.011178727261722,-0.0995298251509666,-0.0286258533596992,-0.0075101498514413,-157.6679275430979,0.95101806236414,-0.036752598360180896,9.416447563746633
4,multiposture,front,16,posterior_trunk_recline,bad,0.04186537489295,-0.4613541662693023,-0.143697127699852,0.1390267312526703,-0.4884603321552276,-0.0166250243782997,-0.0149384038522839,-0.4758395254611969,-0.0147020826116204,0.2111074924468994,-0.3433468341827392,0.0687053501605987,-0.0774464234709739,-0.461395263671875,0.1615956723690033,0.1017558798193931,0.0232908222824335,0.0111581357195973,-0.0995570346713066,-0.028626549988985,-0.0074825552292168,-157.7503562279523,0.9033952235389046,-0.024965159595012748,9.338694175704976
4,multiposture,front,17,thoracic_kyphotic_slouch,bad,-0.0112816262990236,-0.3256048560142517,-0.6345193982124329,0.0817428305745124,-0.3688974678516388,-0.519714891910553,-0.06342513859272,-0.3260655403137207,-0.5043061971664429,0.1904891431331634,-0.2711616456508636,-0.3432605564594269,-0.1482007205486297,-0.3254723846912384,-0.2816080152988434,0.1124736219644546,0.0008215922862291,0.0303535927087068,-0.1128968074917793,-0.0039518899284303,-0.0291310958564281,-170.88987111066774,0.9470018109374421,-0.032425837591290446,4.116205444265735
4,multiposture,front,17,thoracic_kyphotic_slouch,bad,-0.0885912477970123,-0.3392663598060608,-0.6174025535583496,0.0477179512381553,-0.3711006939411163,-0.5152193307876587,-0.0840853378176689,-0.341850221157074,-0.474863588809967,0.1741821616888046,-0.2720628976821899,-0.341080754995346,-0.1485875695943832,-0.3229410350322723,-0.2813300192356109,0.1079595908522605,0.0002267851668875,0.0294979363679885,-0.1078428998589515,-0.0029315811116248,-0.027179829776287,-171.04218292778083,1.1328909207472628,-0.101388543844223,2.463074423381583
4,multiposture,front,17,thoracic_kyphotic_slouch,bad,0.0016763006569817,-0.334484189748764,-0.6208824515342712,0.0692583993077278,-0.376557320356369,-0.510871946811676,-0.0693751275539398,-0.3435312807559967,-0.503790020942688,0.175774335861206,-0.2761599719524383,-0.341143935918808,-0.1450829356908798,-0.327059268951416,-0.2897315621376037,0.1064342409372329,0.0004969794536009,0.0300973784178495,-0.1063916981220245,-0.0030166280921548,-0.0276212822645902,-170.9859777793029,0.9236028450652641,-0.013669399428181402,2.9208089467896112
4,multiposture,front,17,thoracic_kyphotic_slouch,bad,0.0069386162795126,-0.331323891878128,-0.624797523021698,0.0776027739048004,-0.3774110078811645,-0.5080130100250244,-0.0616318136453628,-0.3316209614276886,-0.513960599899292,0.1792420744895935,-0.2772700488567352,-0.3373221158981323,-0.1432472765445709,-0.324668288230896,-0.2945875227451324,0.1063545942306518,0.0004624538414645,0.0306117534637451,-0.1062788292765617,-0.0029223994351923,-0.0281191691756248,-171.63875117429782,0.9356924603916545,-0.011058782692998707,3.4289000577432334
4,multiposture,front,17,thoracic_kyphotic_slouch,bad,0.0115174306556582,-0.1572840213775634,-0.6036741733551025,0.1087542101740837,-0.2532505989074707,-0.5221419930458069,-0.0249106120318174,-0.1955516189336776,-0.5398180484771729,0.1983651965856552,-0.2579880356788635,-0.3373880088329315,-0.136273443698883,-0.2898010909557342,-0.2903940975666046,0.1052052453160286,8.550581696908921e-05,0.0309441443532705,-0.1049520298838615,-0.0027911229990422,-0.0286551397293806,-174.56938920978436,0.9181871685210201,-0.019528445787727906,6.472408597711541
4,multiposture,front,17,thoracic_kyphotic_slouch,bad,0.0066200378350913,-0.1937818080186844,-0.6611357927322388,0.0946777462959289,-0.2692667245864868,-0.5490313172340393,-0.0542929023504257,-0.2156590223312378,-0.552242636680603,0.1980175524950027,-0.217377096414566,-0.3540979027748108,-0.1365792602300644,-0.2736034989356994,-0.3070836663246155,0.1052470132708549,0.0016115028411149,0.0305353365838527,-0.1049351319670677,-0.0042430525645613,-0.0282968245446681,-170.4610097476785,0.9292859297082171,-0.02409910829737785,7.134578962700347
4,multiposture,front,17,thoracic_kyphotic_slouch,bad,0.0558388866484165,-0.2873159945011139,-0.6478968262672424,0.1127600893378257,-0.341444730758667,-0.5251278281211853,-0.0365243926644325,-0.2830030918121338,-0.5387023091316223,0.1910416334867477,-0.2609403133392334,-0.3303144872188568,-0.1222585588693618,-0.2865810692310333,-0.2952007353305816,0.1062656790018081,-0.0034102397039532,0.037706084549427,-0.1055322363972663,0.0003457039128988,-0.03504528850317,-175.3212916538976,0.8761317316958377,0.021447349339723552,7.124241940600394
4,multiposture,front,17,thoracic_kyphotic_slouch,bad,0.0138949640095233,-0.2726797759532928,-0.6518154144287109,0.0846166312694549,-0.3285720348358154,-0.5312395095825195,-0.0589590594172477,-0.2800617516040802,-0.5399547219276428,0.1793304830789566,-0.2498863637447357,-0.3356540203094482,-0.141603022813797,-0.2880569398403168,-0.3047265708446502,0.1070634573698043,-0.0025343359448015,0.0373728536069393,-0.1064083352684974,-0.0005708450917154,-0.0346651151776313,-173.21732639722453,0.9393556292537172,-0.004968766123056504,3.9651184424978756
4,multiposture,front,17,thoracic_kyphotic_slouch,bad,0.0151452152058482,-0.266651302576065,-0.6503305435180664,0.08693378418684,-0.3237020075321197,-0.5304973125457764,-0.0552773512899875,-0.2762634456157684,-0.5389820337295532,0.1810878813266754,-0.2478499114513397,-0.3368038833141327,-0.1412011682987213,-0.2873954176902771,-0.3038003444671631,0.1074118688702583,-0.0021990917157381,0.0370772369205951,-0.1067903041839599,-0.0009767703013494,-0.0343299508094787,-173.00466100949978,0.9330197683214326,-0.004798141308128837,4.2206078479358675
4,multiposture,front,17,thoracic_kyphotic_slouch,bad,0.0089463852345943,-0.2653290629386902,-0.6554518342018127,0.0856171771883964,-0.3216724693775177,-0.5347318649291992,-0.058610551059246,-0.2762748897075653,-0.5414580702781677,0.1817720681428909,-0.2450073063373565,-0.3380486071109772,-0.144283726811409,-0.2886237502098083,-0.3067930042743683,0.1076941788196563,-0.0017395035829395,0.036740493029356,-0.1070412844419479,-0.0014054211787879,-0.033935185521841,-172.3807827719209,0.9486829784691235,-0.009797785431146653,3.9720802041649246
4,multiposture,front,17,thoracic_kyphotic_slouch,bad,0.0468152053654193,-0.2770628035068512,-0.6143144965171814,0.1101154014468193,-0.3365024328231811,-0.4978903234004974,-0.0364822149276733,-0.2866186201572418,-0.5081427097320557,0.1820798814296722,-0.2653714716434479,-0.3042017817497253,-0.1297399401664734,-0.3008603453636169,-0.2709091305732727,0.1077293381094932,-0.0017813333543017,0.0361854210495948,-0.1069758161902427,-0.0014421882806345,-0.0333452075719833,-173.50698500878448,0.8750596503803022,0.020645234733819885,5.235187776247227
4,multiposture,front,17,thoracic_kyphotic_slouch,bad,0.0190036743879318,-0.2605063021183014,-0.6385841369628906,0.0846827700734138,-0.3217389285564422,-0.5278728604316711,-0.0539527088403701,-0.2732497453689575,-0.5456210970878601,0.1823759227991104,-0.2526187896728515,-0.3380541205406189,-0.1272573322057724,-0.2977273464202881,-0.3091293275356293,0.1069701090455055,-0.0013229786418378,0.0363656803965568,-0.1060483530163765,-0.0018465295433998,-0.0335577093064785,-171.71124305332395,0.9441962021689727,-0.008555620908737207,5.656591238130383
4,multiposture,front,17,thoracic_kyphotic_slouch,bad,0.0293456800282001,-0.438879132270813,-0.4569900333881378,0.0876959487795829,-0.4929938018321991,-0.3494824171066284,-0.0534068681299686,-0.4413138031959533,-0.3442716598510742,0.2022512555122375,-0.3977439701557159,-0.1747522205114364,-0.1415313184261322,-0.4472875893115997,-0.1288026571273803,0.0976983234286308,0.004181932657957,0.0369598940014839,-0.0970275625586509,-0.007547402754426,-0.0348476432263851,-171.79938063198736,0.9011979751500432,-0.0010142885148525446,4.080887246635582
4,multiposture,front,17,thoracic_kyphotic_slouch,bad,0.065630704164505,-0.4897584617137909,-0.3621988594532013,0.1225091814994812,-0.5288689136505127,-0.240480437874794,-0.0191389247775077,-0.4843954443931579,-0.2655190229415893,0.2171745598316192,-0.400272935628891,-0.0981038957834243,-0.1171847432851791,-0.471168577671051,-0.0656696483492851,0.0989963114261627,0.003820851445198,0.0385316349565982,-0.0976547971367836,-0.0070711066946387,-0.0369817316532135,-168.02863271560165,0.9097396875642739,0.01563579589128495,6.482435501421575
4,multiposture,front,17,thoracic_kyphotic_slouch,bad,0.085212729871273,-0.4779912829399109,-0.3897583484649658,0.1503714323043823,-0.5190978050231934,-0.2701722979545593,0.013092640787363,-0.4799371361732483,-0.2972928583621979,0.2323048263788223,-0.378036618232727,-0.1206956058740615,-0.0877347141504287,-0.4701350331306457,-0.0887192487716674,0.0995581150054931,0.0051740212365984,0.0435981787741184,-0.0977214351296424,-0.0085137709975242,-0.0427602715790271,-163.94566371076067,0.9287391066545646,0.012927673757076194,9.58950393517225
4,multiposture,front,17,thoracic_kyphotic_slouch,bad,0.066703625023365,-0.4581981301307678,-0.4057106971740722,0.1398178935050964,-0.5084264278411865,-0.2844646573066711,-0.0090142833068966,-0.4730038046836853,-0.3008558452129364,0.2333765029907226,-0.3768216669559479,-0.1258129179477691,-0.0910087525844574,-0.4748807251453399,-0.08809694647789,0.099857784807682,0.0056733484379947,0.0440207049250602,-0.0978670343756675,-0.009023243561387,-0.0430286042392253,-163.18035460037225,0.9458258421013203,-0.004480250179767595,9.39560580270111
4,multiposture,front,17,thoracic_kyphotic_slouch,bad,0.05311019718647,-0.5265424251556396,-0.3422741889953613,0.1064033806324005,-0.5506330132484436,-0.2283873856067657,-0.0362077541649341,-0.4981289207935333,-0.2269443422555923,0.2121626734733581,-0.4049230813980102,-0.1032382845878601,-0.1318747252225875,-0.4831117987632751,-0.0627961680293083,0.1002445071935653,0.0049702590331435,0.0330251529812812,-0.0988267287611961,-0.0082389526069164,-0.0301237236708402,-167.19598739279675,0.9226453023334779,0.012966223061084699,5.0940180491870235
4,multiposture,front,17,thoracic_kyphotic_slouch,bad,0.06771020591259,-0.515352189540863,-0.392478734254837,0.118104837834835,-0.5363188982009888,-0.2701679766178131,-0.0194717571139335,-0.492119550704956,-0.2937588393688202,0.2099676728248596,-0.3949967622756958,-0.1355385780334472,-0.1284269988536834,-0.4604128003120422,-0.1043085232377052,0.1001036465167999,0.0051308665424585,0.0333942212164402,-0.0988185256719589,-0.0083493385463953,-0.0307178534567356,-169.05894597804428,0.8994260327500655,0.026939868927001898,5.379993106096581
4,multiposture,front,17,thoracic_kyphotic_slouch,bad,0.0197079721838235,-0.5032334327697754,-0.3973425626754761,0.0908485725522041,-0.530146062374115,-0.2893874943256378,-0.0474417880177497,-0.4836327135562897,-0.2822214663028717,0.1955576837062835,-0.3877309262752533,-0.1400471627712249,-0.1378268152475357,-0.4399844408035278,-0.0982412621378898,0.1103621572256088,0.0040731318295001,0.0291639473289251,-0.1094547510147094,-0.0062349811196327,-0.0259681362658739,-171.0921336198864,0.9664020388450859,-0.009157462045550405,3.937500732630912
4,multiposture,front,17,thoracic_kyphotic_slouch,bad,0.0632702335715293,-0.5235896110534668,-0.3628962337970733,0.0871041864156723,-0.547650933265686,-0.2589165568351745,-0.0244840625673532,-0.487961858510971,-0.2885918617248535,0.1831652969121933,-0.3881501257419586,-0.1389036178588867,-0.1383296698331833,-0.4335079789161682,-0.103523664176464,0.1085780039429664,0.0034073186106979,0.0313601158559322,-0.1077089309692382,-0.005381962750107,-0.0287659019231796,-171.96947398698578,0.8452145743088729,0.0408524200320243,3.070314807735045
4,multiposture,front,17,thoracic_kyphotic_slouch,bad,0.0262728426605463,-0.5353660583496094,-0.356640100479126,0.1018906235694885,-0.5492615103721619,-0.2405343502759933,-0.0356058925390243,-0.5085535645484924,-0.2315399348735809,0.1975290328264236,-0.3917453289031982,-0.0999627262353897,-0.1345788538455963,-0.4511782228946686,-0.059165209531784,0.1111454740166664,0.004407038912177,0.0304178223013877,-0.1094765812158584,-0.0064084874466061,-0.027427839115262,-169.85394375724616,0.9766175066945896,-0.005202246829867339,4.1680000025740025
4,multiposture,front,17,thoracic_kyphotic_slouch,bad,0.0152387050911784,-0.510068953037262,-0.3707783818244934,0.0886867195367813,-0.5387791395187378,-0.250093936920166,-0.0531980134546756,-0.4985184371471405,-0.2553129494190216,0.1910425126552581,-0.4063790142536163,-0.1026864051818847,-0.1465033888816833,-0.4620601832866668,-0.0514260530471801,0.1124614626169204,0.0048305075615644,0.028534859418869,-0.1111434176564216,-0.006957855541259,-0.0251519680023193,-170.63291258249203,0.932899345119133,-0.007030856795609001,2.856169874306372
4,multiposture,front,17,thoracic_kyphotic_slouch,bad,0.0281222127377986,-0.4968122243881225,-0.3803673088550567,0.0962355509400367,-0.5337578058242798,-0.2688930630683899,-0.042789340019226,-0.4828155636787414,-0.2743346393108368,0.1966880857944488,-0.3929122984409332,-0.1203692927956581,-0.1285097748041153,-0.4514585137367248,-0.057000920176506,0.1076752915978431,0.006718729622662,0.0191869866102933,-0.1064737662672996,-0.0088271778076887,-0.0154320430010557,-169.7942172462556,0.9024194672348126,-0.00596694275736815,4.546598713598221
4,multiposture,front,17,thoracic_kyphotic_slouch,bad,0.017560951411724,-0.4955388903617859,-0.3713789284229278,0.0948436111211776,-0.5288874506950378,-0.2600476741790771,-0.0440910831093788,-0.4801948964595794,-0.2611071765422821,0.196840226650238,-0.3921766281127929,-0.1102755889296531,-0.1279126852750778,-0.4493066668510437,-0.0472020916640758,0.1082680225372314,0.0073218829929828,0.0200921017676591,-0.1070864126086235,-0.0092463260516524,-0.0165986102074384,-170.02270117647055,0.9298103592088377,-0.01690281927585611,4.613332482098113
4,multiposture,front,17,thoracic_kyphotic_slouch,bad,0.020157728344202,-0.4888919591903686,-0.4300331771373749,0.0960062220692634,-0.5147045850753784,-0.3184528350830078,-0.0409242063760757,-0.4699572324752807,-0.3192264437675476,0.1957629173994064,-0.3830484747886657,-0.1558906137943267,-0.1224094107747078,-0.4398519694805145,-0.1066334396600723,0.1100553795695304,0.0069048888981342,0.0271993987262249,-0.1085244268178939,-0.0094248754903674,-0.0234873201698064,-169.87759571756476,0.9594196314811856,-0.016519024968147306,5.003365955934436
4,multiposture,front,17,thoracic_kyphotic_slouch,bad,0.0199406221508979,-0.4974911510944366,-0.397921472787857,0.0959612652659416,-0.5157674551010132,-0.2826553285121918,-0.0422649532556533,-0.4703572392463684,-0.2793620526790619,0.1969461590051651,-0.378277063369751,-0.1335832178592682,-0.121919147670269,-0.4356790482997894,-0.069476269185543,0.1100792735815048,0.0072773336432874,0.0262936279177665,-0.1086103171110153,-0.0099968295544385,-0.0224458631128072,-169.7949420143524,0.9357148930402114,-0.01757288351655015,5.181068332392935
4,multiposture,front,17,thoracic_kyphotic_slouch,bad,0.0136555097997188,-0.5052542686462402,-0.3683879971504211,0.0964312180876731,-0.5241491794586182,-0.2525242865085602,-0.0444442145526409,-0.4897235631942749,-0.2499970644712448,0.1933262646198272,-0.3832306861877441,-0.1012912839651107,-0.1276884824037552,-0.4529969990253448,-0.0490178242325782,0.1105900779366493,0.0079350071027874,0.0264507867395877,-0.1086227744817733,-0.0103162331506609,-0.0225725304335355,-167.73854997528775,0.9748482464248811,-0.0191633813083172,4.366492675403445
4,multiposture,front,17,thoracic_kyphotic_slouch,bad,0.0354115180671215,-0.4786066710948944,-0.4519346058368683,0.0907369032502174,-0.5199612975120544,-0.3405158519744873,-0.0463733188807964,-0.4717371463775635,-0.3560123443603515,0.1901479959487915,-0.401878297328949,-0.1792553961277008,-0.1406304538249969,-0.4410964846611023,-0.1405236721038818,0.1063108667731285,0.00072170374915,0.0303139984607696,-0.1053109392523765,-0.0022418461740016,-0.0275114774703979,-173.23838816675183,0.8973817899016955,0.010652747005224193,3.2999759317843296
4,multiposture,front,17,thoracic_kyphotic_slouch,bad,0.038181085139513,-0.4827302396297455,-0.424941748380661,0.0886458680033683,-0.5252006649971008,-0.3188216686248779,-0.0428842417895793,-0.4714927673339844,-0.3350619971752167,0.1928765326738357,-0.4008658826351166,-0.163956731557846,-0.1391891688108444,-0.4416861534118652,-0.126801535487175,0.1062462255358696,0.0015034010866656,0.0310048777610063,-0.1052418872714042,-0.003229092573747,-0.0283118560910224,-172.9918870515353,0.8995417866837304,0.01133740320801735,3.585251915647221
4,multiposture,front,17,thoracic_kyphotic_slouch,bad,0.0478862412273883,-0.4872479140758514,-0.428273469209671,0.0861817896366119,-0.5316344499588013,-0.3226355314254761,-0.0407285802066326,-0.4698010683059692,-0.3503059446811676,0.1913871616125106,-0.4021890461444855,-0.1757737547159195,-0.1398865878582,-0.4367559552192688,-0.1458072066307068,0.1061987653374672,0.0014650654047727,0.0313656739890575,-0.1051970347762107,-0.0032247833441942,-0.0286985635757446,-174.04300345379954,0.8824985548210205,0.022135954350232995,3.4518870898213647
4,multiposture,front,17,thoracic_kyphotic_slouch,bad,0.0402076840400695,-0.4889653325080871,-0.4237850904464721,0.0888585746288299,-0.5285463333129883,-0.3176377713680267,-0.0391609594225883,-0.471367597579956,-0.337597131729126,0.1929798275232315,-0.4011745154857635,-0.1702998876571655,-0.1391245424747467,-0.4392633438110351,-0.1337129324674606,0.106172502040863,0.0016297398833557,0.0314703248441219,-0.1051631718873977,-0.0034041292965412,-0.0288115572184324,-173.4573718557231,0.8957607355170897,0.013280041515827096,3.60556101738384
4,multiposture,front,17,thoracic_kyphotic_slouch,bad,0.0252613257616758,-0.4940364956855774,-0.3867998123168945,0.0899514853954315,-0.527179479598999,-0.2815012037754059,-0.0402105525135993,-0.4789409935474396,-0.2782129943370819,0.199320301413536,-0.3999952971935272,-0.1303926259279251,-0.1359049677848816,-0.4551069140434265,-0.0815459191799163,0.106177695095539,0.0020258934237062,0.0316503979265689,-0.1051433533430099,-0.0040435814298689,-0.0289517510682344,-170.66398751695522,0.9323024142146168,-0.006446341052651398,4.182255464245937
4,multiposture,front,17,thoracic_kyphotic_slouch,bad,0.0334699936211109,-0.5004186034202576,-0.459865540266037,0.0935003086924552,-0.5334219336509705,-0.3375062942504883,-0.0436896681785583,-0.4840279519557953,-0.3535960614681244,0.2012298852205276,-0.4027962684631347,-0.1773493289947509,-0.1378841549158096,-0.4527629315853119,-0.1324077993631363,0.1093639582395553,0.0024244738742709,0.0320217572152614,-0.1077160313725471,-0.0046077575534582,-0.0292678661644458,-171.6180806571916,0.9198285991187465,0.0017971284687519073,4.135204243402299
4,multiposture,front,17,thoracic_kyphotic_slouch,bad,0.0181917808949947,-0.4796830713748932,-0.3824000060558319,0.0959972664713859,-0.5202885270118713,-0.2775681018829345,-0.0443940162658691,-0.4836226105690002,-0.27064248919487,0.198607787489891,-0.4146246910095215,-0.1145122647285461,-0.1290875673294067,-0.472141295671463,-0.0588856562972068,0.1028138026595115,0.0038834079168736,0.0263450797647237,-0.1015577688813209,-0.0055711306631565,-0.0228058267384767,-170.04493066341536,0.9266539445765719,-0.016568329185247442,4.410368970170102
4,multiposture,front,17,thoracic_kyphotic_slouch,bad,0.0020784381777048,-0.5266778469085693,-0.4148922860622406,0.0709612593054771,-0.5428664088249207,-0.2976239025592804,-0.0645666942000389,-0.496080070734024,-0.3114894330501556,0.1716369986534118,-0.4050167798995971,-0.1566839516162872,-0.1573793292045593,-0.4493854939937591,-0.1119047403335571,0.1073634549975395,-0.0027477026451379,0.0355562157928943,-0.1055687740445137,-0.0004023276269435,-0.0324885509908199,-172.31984545772195,0.9458597607284903,-0.005050396546721456,0.8387944132352766
4,multiposture,front,17,thoracic_kyphotic_slouch,bad,0.0102901495993137,-0.5176420211791992,-0.4186174869537353,0.0790279433131218,-0.5354949235916138,-0.312948077917099,-0.0510603114962577,-0.4919980466365814,-0.3189383745193481,0.1730596125125885,-0.3877279758453369,-0.179280400276184,-0.1365745961666107,-0.4360626935958862,-0.1335816085338592,0.1074000969529151,-0.0023558377288281,0.0344307795166969,-0.1061009988188743,-0.0007788318325765,-0.0317066274583339,-171.12758286109803,0.9588876511713929,-0.007952358573675206,2.455073301176621
4,multiposture,front,17,thoracic_kyphotic_slouch,bad,0.018006270751357,-0.526310920715332,-0.3840495347976684,0.0766516700387001,-0.5433745384216309,-0.2678423225879669,-0.0522606708109378,-0.5002623200416565,-0.2862615585327148,0.170709490776062,-0.4038352370262146,-0.1241148859262466,-0.1487451344728469,-0.4479387104511261,-0.1059947460889816,0.1073372215032577,-0.0022708969190716,0.0339703448116779,-0.1062380746006965,-0.0007086624973453,-0.0311087351292371,-172.139511655402,0.975532102378517,0.007024092599749444,1.4081710917089767
4,multiposture,front,17,thoracic_kyphotic_slouch,bad,0.0095425453037023,-0.5309937596321106,-0.3898448646068573,0.0772921741008758,-0.5440447330474854,-0.280420184135437,-0.0543373078107833,-0.501181960105896,-0.2809037864208221,0.1692692339420318,-0.3997764587402344,-0.1457833349704742,-0.1417949050664901,-0.4450860619544983,-0.1046338081359863,0.1059659793972969,-0.0023346988018602,0.0338943339884281,-0.1047893986105918,-0.0006015814724378,-0.0309695284813642,-171.71257959472652,0.9572890472007289,-0.004194619134068557,1.7890643811506046
4,multiposture,front,17,thoracic_kyphotic_slouch,bad,0.0223522447049617,-0.5223880410194397,-0.4095772504806518,0.0798183977603912,-0.5375766158103943,-0.2987060248851776,-0.049380112439394,-0.4928187727928161,-0.3104993104934692,0.1680737733840942,-0.3859368562698364,-0.1659520715475082,-0.1416995823383331,-0.43116495013237,-0.1292229741811752,0.1077051386237144,-0.0020751566626131,0.0344949960708618,-0.1063353046774864,-0.000851180171594,-0.0316325239837169,-171.6932904062537,0.9335477604200461,0.009165149182081146,1.7590728595088592
4,multiposture,front,17,thoracic_kyphotic_slouch,bad,0.0427676811814308,-0.4936747550964355,-0.3693355917930603,0.105167917907238,-0.5336384177207947,-0.2641801238059997,-0.0344242267310619,-0.4943992495536804,-0.2791008949279785,0.2006748467683792,-0.4162233173847198,-0.1152330264449119,-0.1269140541553497,-0.4627343416213989,-0.0775515288114547,0.1045063361525535,0.0016096433391794,0.0255290605127811,-0.1031849160790443,-0.0035239930730313,-0.0217618942260742,-171.9191633496589,0.9117366263861734,0.005887284874916049,4.721626223545942
4,multiposture,front,17,thoracic_kyphotic_slouch,bad,0.0046217492781579,-0.5637684464454651,-0.3716749250888824,0.0646562650799751,-0.5753752589225769,-0.2537009716033935,-0.0693240761756897,-0.527703046798706,-0.2633481919765472,0.1632457822561264,-0.4288440644741058,-0.113024465739727,-0.1578621715307235,-0.4760457575321197,-0.0676435604691505,0.1060421839356422,-0.0030149505473673,0.041684728115797,-0.1037701219320297,-0.000281485641608,-0.0395625606179237,-171.63761832193498,0.9335168455415618,0.0019299439154564424,0.1977364791254255
4,multiposture,front,17,thoracic_kyphotic_slouch,bad,0.006145232822746,-0.5221201181411743,-0.3355805575847626,0.0768291726708412,-0.5378327369689941,-0.2252729535102844,-0.0551127716898918,-0.5003581643104553,-0.2340826392173767,0.1713189333677292,-0.3911038637161255,-0.1113310903310775,-0.1364601105451584,-0.4456820487976074,-0.0581971034407615,0.1067746430635452,-0.0024648725520819,0.0344061441719532,-0.105338454246521,-0.0006978550809435,-0.0316920913755893,-169.94432293090682,0.9584807707087748,-0.0112841785885394,2.295942346362612
4,multiposture,front,18,lateral_trunk_tilt_left,bad,0.2477211505174636,-0.4326512813568115,-0.2863698303699493,0.3082990050315857,-0.4592573046684265,-0.1868269443511963,0.1606088280677795,-0.4374080896377563,-0.2022493481636047,0.3535604774951935,-0.2871415615081787,-0.0461594462394714,0.1152090057730674,-0.4334879219532013,-0.0025031566619873,0.0906146019697189,0.0412436872720718,0.0401727259159088,-0.0862290188670158,-0.0434519425034523,-0.0391263961791992,-148.45032694297393,0.958033430580148,0.01333640888333315,32.8784258535396
4,multiposture,front,18,lateral_trunk_tilt_left,bad,0.2537683844566345,-0.4265311956405639,-0.2749093472957611,0.309108704328537,-0.4389144778251648,-0.165455013513565,0.1572340726852417,-0.4339214265346527,-0.1856815367937088,0.3424958288669586,-0.2740664482116699,-0.045463178306818,0.1071612164378166,-0.422803670167923,0.000668225751724,0.091748371720314,0.0410359725356102,0.0390537679195404,-0.0873723477125167,-0.0430534742772579,-0.0374664925038814,-147.70611369370985,0.9271190458005154,0.028939861804246902,32.65288650712573
4,multiposture,front,18,lateral_trunk_tilt_left,bad,0.221185564994812,-0.4674451351165771,-0.142420157790184,0.3006046414375305,-0.4665156006813049,-0.055187027901411,0.1459223628044128,-0.4571473300457001,-0.0375468954443931,0.3453313708305359,-0.2804650366306305,0.0542904622852802,0.1044631376862526,-0.426310271024704,0.12484011054039,0.0933175534009933,0.0410500392317771,0.0345226749777793,-0.0892661064863205,-0.0430242456495761,-0.0309179536998271,-148.80517841000082,1.013310272690993,-0.0037116892635822296,32.31081936653442
4,multiposture,front,18,lateral_trunk_tilt_left,bad,0.2140558660030365,-0.4601881206035614,-0.1797598004341125,0.2933893203735351,-0.4704983532428741,-0.0822003707289695,0.1381107717752456,-0.4610982239246368,-0.0740395113825798,0.3449254333972931,-0.2896901071071625,0.0299365520477294,0.1027600318193435,-0.4386276602745056,0.1042531132698059,0.093437448143959,0.0411990769207477,0.033076774328947,-0.0893086642026901,-0.0431363955140113,-0.0300454013049602,-148.40748327734718,0.9819469597871602,-0.009786866605281802,31.409892543023133
4,multiposture,front,18,lateral_trunk_tilt_left,bad,0.2287226468324661,-0.4400046467781067,-0.2374584823846817,0.2975148260593414,-0.4560266733169555,-0.1333647072315216,0.1419856250286102,-0.4406639039516449,-0.1379411071538925,0.341308057308197,-0.2756842076778412,-0.00742555456236,0.1046342626214027,-0.4283916652202606,0.04606444388628,0.0936535745859146,0.0415753684937953,0.0338212288916111,-0.0895197317004203,-0.0436273328959941,-0.0308479703962802,-147.16894775650192,0.9825081788083921,0.0057514868676662445,32.18365888535585
4,multiposture,front,18,lateral_trunk_tilt_left,bad,0.2005797177553177,-0.4130253493785858,-0.3193414509296417,0.2905365526676178,-0.4307871758937835,-0.2282813489437103,0.1359774321317672,-0.4244545996189117,-0.2169474065303802,0.3420568108558655,-0.2660910785198211,-0.0818939954042434,0.1073756217956543,-0.4205642342567444,-0.0176062826067209,0.0930217280983924,0.0416030436754226,0.0333285927772522,-0.0888236835598945,-0.0436225309967994,-0.030524592846632,-146.64606594770243,0.9909336914001154,-0.0241364985704422,33.036873397573125
4,multiposture,front,18,lateral_trunk_tilt_left,bad,0.2236776202917099,-0.4506803750991821,-0.0955730602145195,0.299046516418457,-0.4454887211322784,-0.0073174908757209,0.1497801542282104,-0.4417726993560791,0.0202641263604164,0.3464750349521637,-0.276710033416748,0.080470286309719,0.1082611978054046,-0.4228420555591583,0.1744839549064636,0.0938333794474601,0.0414112992584705,0.0315743349492549,-0.0897826999425888,-0.043350800871849,-0.0281142685562372,-148.47301048887923,0.9365668971634716,-0.003690496087074252,32.86407225514312
4,multiposture,front,19,lateral_trunk_tilt_right,bad,-0.095356673002243,-0.4772553145885467,-0.3637647330760956,-0.0520853027701377,-0.5184284448623657,-0.2485079765319824,-0.171340987086296,-0.454123854637146,-0.2775109112262726,0.0556015446782112,-0.4236361682415008,-0.1144822835922241,-0.2598569393157959,-0.4263350069522857,-0.0735417604446411,0.0941809192299842,-0.0245645232498645,0.023918330669403,-0.0934914052486419,0.0198365319520235,-0.0214669704437255,-179.50982996791925,0.8780743294544581,0.006771024316549343,-13.629393803041538
4,multiposture,front,19,lateral_trunk_tilt_right,bad,-0.1466215401887893,-0.4851739108562469,-0.3233807682991028,-0.0701818019151687,-0.5191392302513123,-0.2197900265455246,-0.1941289454698562,-0.4529042541980743,-0.213526114821434,0.0512943007051944,-0.4164840281009674,-0.1083377227187156,-0.269153892993927,-0.4001763761043548,-0.0479349233210086,0.0945134684443473,-0.0291338227689266,0.0199961457401514,-0.094112642109394,0.0236922279000282,-0.0166976246982812,177.0867232232127,0.9584862107469203,-0.037691744044423006,-15.058962008564842
4,multiposture,front,19,lateral_trunk_tilt_right,bad,-0.1073081642389297,-0.4647436141967773,-0.4277447462081909,-0.0517235845327377,-0.4990017414093017,-0.3201690018177032,-0.1709670573472976,-0.4429356455802917,-0.3395461142063141,0.054970845580101,-0.4034383594989776,-0.1804767400026321,-0.2749851047992706,-0.4028865694999695,-0.1364263445138931,0.0941150039434433,-0.0287390574812889,0.0227700807154178,-0.0938306897878646,0.0235042218118906,-0.0201071016490459,179.90418354749386,0.883776048210821,0.0026989653706550737,-15.376171304047933
4,multiposture,front,19,lateral_trunk_tilt_right,bad,-0.11289644241333,-0.463700532913208,-0.4255826771259308,-0.0535591840744018,-0.4991097450256347,-0.3129352629184723,-0.1736508905887603,-0.4420023560523987,-0.3312859833240509,0.0563518553972244,-0.4018281996250152,-0.1739310473203659,-0.2765822410583496,-0.4026503562927246,-0.1270869374275207,0.093917429447174,-0.0282100550830364,0.0243594292551279,-0.0936547368764877,0.0231503248214721,-0.0217669755220413,-179.85851250470296,0.8949215437826818,-0.0027812495827673894,-15.4197467227106
4,multiposture,front,19,lateral_trunk_tilt_right,bad,-0.1141021624207496,-0.4854152500629425,-0.3184451460838318,-0.0582043230533599,-0.5171096324920654,-0.2068956345319748,-0.1808498501777649,-0.4539089798927307,-0.2236076891422271,0.0531717054545879,-0.4149763286113739,-0.0997913256287574,-0.2732675671577453,-0.4039469957351684,-0.0547298528254032,0.0936620756983757,-0.0284877847880125,0.0234992410987615,-0.0934357419610023,0.0232754815369844,-0.0207926873117685,178.06489604222762,0.8918822998734339,-0.004054231569170896,-15.150271467504028
4,multiposture,front,19,lateral_trunk_tilt_right,bad,-0.1295669227838516,-0.4939841330051422,-0.2888418734073639,-0.0673069804906845,-0.5249417424201965,-0.1823793351650238,-0.1872075647115707,-0.4633736312389374,-0.192221537232399,0.0449591130018234,-0.4216057658195495,-0.0736614540219307,-0.274030476808548,-0.4039002358913421,-0.0205877721309661,0.0937579125165939,-0.0305555425584316,0.0207518748939037,-0.0935530662536621,0.0250466577708721,-0.017345393076539,176.82305531318548,0.9012926802283672,-0.015031240880489308,-15.621317188947403
4,multiposture,front,19,lateral_trunk_tilt_right,bad,-0.1259865760803222,-0.5081930756568909,-0.2888163924217224,-0.0670862197875976,-0.5333876609802246,-0.179240733385086,-0.1851158291101455,-0.464216947555542,-0.2002521604299545,0.0459838435053825,-0.4229397773742676,-0.0740647241473198,-0.2717171907424927,-0.3987189531326294,-0.0271540004760026,0.0939582288265228,-0.0311093758791685,0.0204440429806709,-0.0937747955322265,0.0256267823278903,-0.0170090720057487,175.64032985591277,0.90322829941513,-0.013119902461767127,-15.472037949738597
4,multiposture,front,20,neutral_spinal_alignment,good,0.0530198365449905,-0.5374611616134644,-0.3014297187328338,0.1060617193579673,-0.5625178217887878,-0.176003873348236,-0.0421408824622631,-0.5028865933418274,-0.1986274570226669,0.2056706249713897,-0.4023849368095398,-0.0510471761226654,-0.1396725922822952,-0.4603357017040252,-0.0006118984892964,0.1060949191451072,0.0065864981152117,0.0318892039358615,-0.1056976243853569,-0.0098536666482687,-0.0297212749719619,-170.47415856146662,0.8834075101292821,0.020020820200443254,4.364833734919942
4,multiposture,front,20,neutral_spinal_alignment,good,0.038466315716505,-0.5417192578315735,-0.3602072596549988,0.109246551990509,-0.5592573881149292,-0.235807403922081,-0.0394356362521648,-0.5121973156929016,-0.2303288578987121,0.2155454158782959,-0.4069999456405639,-0.0867069959640502,-0.1321187019348144,-0.4722307324409485,-0.0429048277437686,0.1070927083492279,0.0082578035071492,0.0334877744317054,-0.105957955121994,-0.0110198073089122,-0.0309623088687658,-169.3733773195999,0.9609794875764857,-0.0032470412552357483,5.363796996381368
4,multiposture,front,20,neutral_spinal_alignment,good,-0.0262561943382024,-0.5394771695137024,-0.3208698630332947,0.08611461520195,-0.5492669939994812,-0.2236491292715072,-0.0514242686331272,-0.5224347114562988,-0.1883840262889862,0.2006184011697769,-0.4115302562713623,-0.0912685021758079,-0.131076231598854,-0.4765341877937317,-0.0218063071370124,0.1030440703034401,0.0073226084932684,0.0340809859335422,-0.1014811024069786,-0.0104747554287314,-0.0318248979747295,-168.9119712540059,1.0746693811330776,-0.06102727912366384,4.3928495609300535
4,multiposture,front,20,neutral_spinal_alignment,good,0.0142880007624626,-0.5364416241645813,-0.3365733325481415,0.0944883972406387,-0.5493119955062866,-0.2172921448945999,-0.0498447529971599,-0.5105661749839783,-0.2137340009212494,0.2036448121070861,-0.3966665863990783,-0.0828427597880363,-0.1350499391555786,-0.468409389257431,-0.0303521770983934,0.1057560816407203,0.0078471703454852,0.0352162420749664,-0.1044030934572219,-0.010838309302926,-0.0327770747244358,-168.04030582803577,0.9961428130936327,-0.02000943571329114,4.459992079345585
4,multiposture,front,20,neutral_spinal_alignment,good,0.0125790787860751,-0.5236801505088806,-0.3347899913787842,0.0934929028153419,-0.546995997428894,-0.2208576798439026,-0.056994616985321,-0.5004317760467529,-0.2096237689256668,0.2028993964195251,-0.4013672471046448,-0.0829869136214256,-0.1353894025087356,-0.4641869068145752,-0.0341718755662441,0.1061885505914688,0.007942609488964,0.0341036580502986,-0.1048607006669044,-0.0108986813575029,-0.0310774967074394,-169.48010027373158,0.9947259032851306,-0.021175918169319644,4.387377153164569
4,multiposture,front,20,neutral_spinal_alignment,good,0.0127714481204748,-0.5294098854064941,-0.3323710560798645,0.095862790942192,-0.5490580201148987,-0.2170241475105285,-0.0524381697177886,-0.5050040483474731,-0.2068614214658737,0.206821009516716,-0.3995634317398071,-0.0791715011000633,-0.1353541761636734,-0.4689221978187561,-0.0292911231517791,0.106890745460987,0.0082559427246451,0.0339355692267417,-0.105484165251255,-0.0112079475075006,-0.0308010168373584,-168.5414195660823,1.0049594398087163,-0.0229619685560465,4.627693315467733
4,multiposture,front,20,neutral_spinal_alignment,good,-0.0085881613194942,-0.4668837487697601,-0.3021597266197204,0.0902091041207313,-0.4959527850151062,-0.1935341954231262,-0.061222031712532,-0.4617491066455841,-0.1684237867593765,0.1911382973194122,-0.3566775918006897,-0.0614515729248523,-0.1247047483921051,-0.4249479472637176,-0.0271235089749097,0.0970411896705627,-0.0099997511133551,0.0457965917885303,-0.094725102186203,0.0077054561115801,-0.0436269231140613,-167.8030030821606,1.1000184255142471,-0.04180493578314775,4.703269331552038
4,multiposture,front,20,neutral_spinal_alignment,good,-0.0308152586221694,-0.519195556640625,-0.2272073030471801,0.0505871847271919,-0.5365744829177856,-0.0987363532185554,-0.1000141873955726,-0.4876873791217804,-0.0938975661993026,0.1577102541923523,-0.3869233429431915,0.0242762900888919,-0.165584847331047,-0.4399143755435943,0.0426649264991283,0.0974423810839653,-0.0111717404797673,0.0435015223920345,-0.0949853584170341,0.0088227381929755,-0.0404855795204639,-170.6914688886392,1.093315482843342,-0.026877962052822047,-0.7179322027797959
4,multiposture,front,20,neutral_spinal_alignment,good,-0.0334025584161281,-0.5033174753189087,-0.2019597589969635,0.0477873049676418,-0.5296672582626343,-0.0878469124436378,-0.1017187908291816,-0.4782165586948395,-0.0793451815843582,0.1492070853710174,-0.3913339078426361,0.0445000678300857,-0.1610432118177414,-0.4375175833702087,0.0534733720123767,0.0964124202728271,-0.012968199327588,0.0423695966601371,-0.0940723791718483,0.0105040678754448,-0.0390734672546386,-171.53315813122754,1.114352173378592,-0.027484495192766106,-0.9827775095270783
4,multiposture,front,20,neutral_spinal_alignment,good,-0.0284347478300333,-0.5127078890800476,-0.1946918666362762,0.0620772317051887,-0.5395696759223938,-0.0691501721739769,-0.0963357239961624,-0.4993374347686767,-0.0555162392556667,0.1647150814533233,-0.3967474699020386,0.0546769984066486,-0.1595777720212936,-0.4539963901042938,0.0935849547386169,0.0977853685617446,-0.0126120410859584,0.0392979383468627,-0.0951001942157745,0.0103532448410987,-0.0357932969927787,-169.98846151004474,1.0433473653182548,-0.031003402546048147,0.16558523664959332
4,multiposture,front,20,neutral_spinal_alignment,good,-0.0050387233495712,-0.4534899294376373,-0.2718792855739593,0.0788460075855255,-0.4991540908813476,-0.1675243377685547,-0.0683761686086654,-0.462006002664566,-0.1535967290401458,0.188717782497406,-0.3865962922573089,-0.0215337872505188,-0.1342733502388,-0.4499906599521637,-0.0014166831970214,0.0901588127017021,-0.010563232935965,0.0413258373737335,-0.0872960537672042,0.0077755823731422,-0.039691686630249,-168.89555426697189,1.0793403942144948,-0.03226093947887421,3.5400013021485277
4,multiposture,front,20,neutral_spinal_alignment,good,-0.0009411499486304,-0.4793572127819061,-0.2034891992807388,0.0853891298174858,-0.5036405920982361,-0.0942209884524345,-0.0574950091540813,-0.473811388015747,-0.077464111149311,0.1914539784193039,-0.3821097612380981,0.0420651473104953,-0.131951630115509,-0.4496417939662933,0.0663586482405662,0.0934206768870353,-0.0085039837285876,0.0344109907746315,-0.090613730251789,0.0057838982902467,-0.0302241928875446,-168.20524875002582,1.0839942830277614,-0.030692324100527843,3.9122245753770293
4,multiposture,front,20,neutral_spinal_alignment,good,0.0006553779821842,-0.4823194444179535,-0.2160263061523437,0.0898254439234733,-0.50747150182724,-0.1075926944613456,-0.053923949599266,-0.4790012240409851,-0.0903859585523605,0.1927799135446548,-0.3851094245910644,0.029645649716258,-0.1320114582777023,-0.453451007604599,0.0531091466546058,0.0938919335603714,-0.0082658156752586,0.0352454483509063,-0.0909968838095665,0.0055327941663563,-0.031314305961132,-168.1173468839889,1.0837035751234925,-0.029728849651292043,3.9608870116210495
4,multiposture,front,20,neutral_spinal_alignment,good,0.0111094200983643,-0.4772088229656219,-0.2205325961112976,0.0836815312504768,-0.5063456296920776,-0.1041790097951889,-0.0565230436623096,-0.4744141697883606,-0.0951466783881187,0.1876848936080932,-0.3837190270423889,0.0251578353345394,-0.1309773325920105,-0.4531123042106628,0.045609176158905,0.0938914865255355,-0.0076587698422372,0.037626139819622,-0.0910552665591239,0.0045278747566044,-0.0345113351941108,-167.7148176485062,1.04631930037379,-0.017244360409677056,3.697149683792377
4,multiposture,front,20,neutral_spinal_alignment,good,0.0075187678448855,-0.4827945828437805,-0.2301599383354187,0.0859409570693969,-0.5094143748283386,-0.1111171394586563,-0.057645846158266,-0.4763166904449463,-0.103619247674942,0.1885259002447128,-0.383339911699295,0.0218697804957628,-0.1325637698173523,-0.4494234025478363,0.0403021536767482,0.0939314216375351,-0.0076905768364667,0.0373036451637744,-0.0910944566130638,0.0046672420576214,-0.034055158495903,-168.37033857731547,1.0634255381311057,-0.020462297368794753,3.663435242873573
4,multiposture,front,20,neutral_spinal_alignment,good,0.0354303568601608,-0.4762851893901825,-0.2754635810852051,0.1096179038286209,-0.4980912804603576,-0.1507956385612487,-0.0295903943479061,-0.4694288074970245,-0.1605037152767181,0.189629927277565,-0.3612838089466095,-0.0288264919072389,-0.0967188477516174,-0.441840261220932,0.0496673844754695,0.1018645763397216,0.0173192452639341,0.0181436222046613,-0.1008674129843711,-0.0246351063251495,-0.0162020586431026,-164.28749443865453,0.88695499924858,-0.011025182902813,6.588331494712653
4,multiposture,front,20,neutral_spinal_alignment,good,0.0408040434122085,-0.4792863726615906,-0.2815447747707367,0.1107709109783172,-0.496072381734848,-0.1716830432415008,-0.0166492573916912,-0.4666996598243713,-0.1649830639362335,0.1907290518283844,-0.3539772033691406,-0.0419977493584156,-0.0916368663311004,-0.4383154511451721,0.0426501855254173,0.1016720235347747,0.0178150590509176,0.0178039688616991,-0.1007399633526802,-0.0250825844705104,-0.0157846510410308,-163.36994397944653,0.8767400927375856,-0.0087420493364335,7.127314818222329
4,multiposture,front,20,neutral_spinal_alignment,good,0.0624573044478893,-0.4888672232627868,-0.2803741991519928,0.1181224808096885,-0.498770147562027,-0.1589138656854629,-0.008772948756814,-0.4656797051429748,-0.173497125506401,0.1918768584728241,-0.3493451476097107,-0.0429605767130851,-0.0928808152675628,-0.4349652230739593,0.0301901493221521,0.1014560982584953,0.0181060060858726,0.0187294445931911,-0.1005262657999992,-0.0252886433154344,-0.0167250968515872,-163.2651773419121,0.865870514369276,0.01295928284525865,7.192173044117292
4,multiposture,front,20,neutral_spinal_alignment,good,0.0832127779722213,-0.4882668554782867,-0.2742345631122589,0.1196634992957115,-0.5003917813301086,-0.1481280773878097,-0.0080984979867935,-0.4600487649440765,-0.1803679913282394,0.190593421459198,-0.3511812388896942,-0.0417566373944282,-0.0943445861339569,-0.4283099770545959,0.0338318794965744,0.1012629270553588,0.0180866066366434,0.018577966839075,-0.1002607941627502,-0.0251743253320455,-0.0165450386703014,-164.85379532018084,0.8055191090653124,0.035088360309600754,7.029775319475426
4,multiposture,front,20,neutral_spinal_alignment,good,0.1113347336649894,-0.4672660231590271,-0.2928096652030945,0.127583160996437,-0.5000808835029602,-0.169363796710968,0.005353027023375,-0.4461536407470703,-0.2016974240541458,0.2049531489610672,-0.369196742773056,-0.0394165180623531,-0.0868706256151199,-0.4258511662483215,0.0049751629121601,0.1012300699949264,0.0191126707941293,0.0224624648690223,-0.1002106219530105,-0.0261430367827415,-0.0205415077507495,-169.01331419360733,0.7980562879422208,0.052293471992015755,8.449715984571043
4,multiposture,front,20,neutral_spinal_alignment,good,0.0639751553535461,-0.4792884588241577,-0.1905123889446258,0.1403364837169647,-0.4975203275680542,-0.0610793940722942,-0.00394993647933,-0.4852011203765869,-0.0633379817008972,0.1954448223114013,-0.3498723804950714,0.017593290656805,-0.0889991968870163,-0.4591728448867798,0.1240872666239738,0.0984817370772361,0.0176091436296701,0.005976571701467,-0.0965032279491424,-0.0229981504380702,-0.0019155639456585,-158.98022817248352,0.7936749155212722,0.010752342641353593,7.406337786127298
4,multiposture,front,20,neutral_spinal_alignment,good,0.0300542414188385,-0.5402949452400208,-0.3500086069107055,0.1020542904734611,-0.5493988394737244,-0.2256049662828445,-0.0324119664728641,-0.5117356181144714,-0.229495957493782,0.1976009607315063,-0.3887762129306793,-0.0923967286944389,-0.1350864022970199,-0.4596908092498779,-0.0387722924351692,0.1111313328146934,0.0052759060636162,0.0306860152631998,-0.1094057559967041,-0.0071807354688644,-0.0279102120548486,-167.96709580554275,0.9479602531978506,-0.0012030377984046936,4.107181105551699
4,multiposture,front,20,neutral_spinal_alignment,good,0.016097093001008,-0.5438765287399292,-0.3459568619728088,0.0994880646467208,-0.556901752948761,-0.2269123941659927,-0.0455101020634174,-0.5128986835479736,-0.222846120595932,0.2032301723957061,-0.3965819180011749,-0.0903809741139411,-0.1298614740371704,-0.4622056782245636,-0.0328754447400569,0.1120560020208358,0.0059078885242342,0.0301536116749048,-0.1101245209574699,-0.0078545110300183,-0.0270687919110059,-168.85465953622256,0.9841575478574408,-0.020587256178259843,4.765886442852855
4,multiposture,front,20,neutral_spinal_alignment,good,0.0267068967223167,-0.5399448871612549,-0.2522107362747192,0.1131659522652626,-0.5528919696807861,-0.129594087600708,-0.0334879346191883,-0.5206993818283081,-0.1227656602859497,0.2005727440118789,-0.409051239490509,-0.004240334033966,-0.1175505593419075,-0.4707471430301666,0.0740646123886108,0.1062261313199997,0.0065325791947543,0.0168830156326293,-0.1047148630023002,-0.008827936835587,-0.0121262073516845,-169.02447277265503,0.9079078641947335,-0.014804195612669005,5.3069540964763116
4,multiposture,front,20,neutral_spinal_alignment,good,0.017793346196413,-0.502214789390564,-0.3646402060985565,0.0950247198343277,-0.5314165353775024,-0.251109629869461,-0.0451358705759048,-0.4838411808013916,-0.2454048842191696,0.1969945728778839,-0.3918263912200928,-0.1037729606032371,-0.1280737072229385,-0.4498438835144043,-0.035574872046709,0.1084337159991264,0.0074401465244591,0.0202240999788045,-0.1072688624262809,-0.0093364845961332,-0.0167062804102897,-169.8805236194252,0.9215119408279776,-0.016667086631059702,4.612839333574295
4,multiposture,front,20,neutral_spinal_alignment,good,0.0142275840044021,-0.5062921047210693,-0.3577718138694763,0.0949286818504333,-0.5340787768363953,-0.244016632437706,-0.0473651140928268,-0.4886224269866943,-0.2344950437545776,0.1967797875404358,-0.3925775587558746,-0.0968383327126503,-0.128348097205162,-0.4532468318939209,-0.0265740975737571,0.1086253374814987,0.007586708292365,0.0203757304698228,-0.1074765846133232,-0.0094436286017298,-0.0168376732617616,-169.43009793522228,0.9277908805078762,-0.0199882611632348,4.558104958455651
4,multiposture,front,20,neutral_spinal_alignment,good,0.0287064835429191,-0.5112477540969849,-0.2086917161941528,0.0949055030941963,-0.5436494946479797,-0.0953377783298492,-0.0453834421932697,-0.504478931427002,-0.1131395101547241,0.1822348684072494,-0.3979412317276001,0.0285807494074106,-0.12067811191082,-0.4740339815616607,0.0816778317093849,0.1071598082780838,0.0068599246442317,0.0237712115049362,-0.1054955869913101,-0.0089714135974645,-0.0211678594350814,-165.89888474314785,0.9264357882041666,-0.002071894705295601,3.9387573597598693
4,multiposture,front,20,neutral_spinal_alignment,good,0.0138670532032847,-0.5097482800483704,-0.3058396279811859,0.0961489006876945,-0.5362855792045593,-0.1916134655475616,-0.0482238084077835,-0.4896757900714874,-0.1843039989471435,0.194933146238327,-0.3906996250152588,-0.055848766118288,-0.1230721399188041,-0.4527047872543335,-0.0049389963969588,0.110698789358139,0.0073472899384796,0.026285596191883,-0.1087868139147758,-0.0098625877872109,-0.0222673453390598,-168.966809620154,0.9861563990059903,-0.02206344995647675,4.755178988166718
4,multiposture,front,20,neutral_spinal_alignment,good,0.0758677423000335,-0.5652760863304138,-0.2701165676116943,0.1006596386432647,-0.5842986702919006,-0.1536273211240768,-0.0218221433460712,-0.5190426111221313,-0.1899638324975967,0.1966929733753204,-0.4111996591091156,-0.0426365621387958,-0.1261574774980545,-0.4610585570335388,-0.0100377621129155,0.1112621426582336,0.0065408106893301,0.027967594563961,-0.1092517599463462,-0.0088939517736434,-0.0241254847496747,-171.22097098972756,0.8689145760575998,0.04059999436140055,4.50406491177205
4,multiposture,front,20,neutral_spinal_alignment,good,0.0233734715729951,-0.5278322100639343,-0.321805864572525,0.1045912876725196,-0.5436342358589172,-0.2046700417995453,-0.0372804254293441,-0.5032320618629456,-0.1987466365098953,0.2040220499038696,-0.3949317336082458,-0.0671892985701561,-0.1222588494420051,-0.4599789977073669,-0.0086715724319219,0.1108095720410347,0.0074148909188807,0.0266305487602949,-0.1091012433171272,-0.0100643206387758,-0.0226059667766094,-168.72534701538655,0.9640750938123214,-0.01750812865793715,5.366179384158984
4,multiposture,front,20,neutral_spinal_alignment,good,0.02281772531569,-0.4701959490776062,-0.3710467219352722,0.1011827066540718,-0.5158565044403076,-0.2621202170848846,-0.0402302257716655,-0.483181744813919,-0.2593147754669189,0.2026261091232299,-0.4165578484535217,-0.100967139005661,-0.1244134977459907,-0.4821953773498535,-0.0492327883839607,0.1023889482021331,0.00402009813115,0.0264865364879369,-0.1010150238871574,-0.0057265665382146,-0.0229153037071228,-168.65139376977018,0.9287359060844347,-0.0162885803729296,4.895856526873967
4,multiposture,front,20,neutral_spinal_alignment,good,-0.0085160052403807,-0.5002585649490356,-0.2380798757076263,0.0865449756383895,-0.5432317852973938,-0.1381102055311203,-0.0663982033729553,-0.4918916523456573,-0.1097408533096313,0.2013918459415435,-0.4288490414619446,0.0092945378273725,-0.1292683333158493,-0.4556682705879211,0.0674407556653022,0.104566641151905,0.0020598180126398,0.0250818114727735,-0.1032543405890464,-0.0040053529664874,-0.021127974614501,-175.36299685429753,1.0020106953503582,-0.0445777615532278,4.587175112103921
4,multiposture,front,20,neutral_spinal_alignment,good,0.0095343394204974,-0.5000946521759033,-0.3470277786254883,0.1005221605300903,-0.5328103303909302,-0.2394755482673645,-0.0409994348883628,-0.4972505867481231,-0.2299054712057113,0.1990112662315368,-0.4131368696689605,-0.08875722438097,-0.1266751289367675,-0.4723924696445465,-0.0372880585491657,0.1036068052053451,0.0017842637607827,0.0254011005163192,-0.1023922339081764,-0.0037029155064374,-0.0216672997921705,-169.6883603650304,0.9776598434234903,-0.026633729226887257,4.601799928667502
4,multiposture,front,20,neutral_spinal_alignment,good,0.0317040830850601,-0.5121328830718994,-0.1812039166688919,0.0957652106881141,-0.5521119832992554,-0.0806347280740737,-0.0390619821846485,-0.5110223889350891,-0.0977861061692237,0.1875604540109634,-0.4160856008529663,0.0409254394471645,-0.1117414757609367,-0.4911626577377319,0.078866496682167,0.1026895940303802,0.0016781064914539,0.0288505088537931,-0.1012933403253555,-0.0035428975243121,-0.0259488746523857,-165.9184391596914,0.9667625337739612,-0.00620540603995326,4.699161073710894
4,multiposture,front,20,neutral_spinal_alignment,good,0.0172749049961566,-0.5846450328826904,-0.2551015019416809,0.0652443096041679,-0.5938408970832825,-0.135002851486206,-0.0663689821958541,-0.5463439226150513,-0.1648270934820175,0.1627137064933776,-0.4341840744018554,-0.0311400294303894,-0.1508355587720871,-0.4891976416110992,-0.0004709959030151,0.1056687757372856,-0.0030085281468927,0.0430467426776886,-0.1033335775136947,-0.000298773869872,-0.0415635108947753,-170.04850037246553,0.9587495002545398,0.011335831135511346,0.5942466355168254
5,multiposture,front,21,thoracic_kyphotic_slouch,bad,-0.0060916580259799,-0.5052405595779419,-0.4431746304035187,0.0750140994787216,-0.5277265906333923,-0.3231704235076904,-0.0730538442730903,-0.4905737042427063,-0.3263679146766662,0.1872775256633758,-0.3963133692741394,-0.1819519996643066,-0.1582919359207153,-0.4509821236133575,-0.1172086000442504,0.1102930679917335,0.0085064433515071,0.020207941532135,-0.1084473729133606,-0.0098055452108383,-0.016382098197937,-171.0103634406321,0.942160735436092,-0.020584452897310146,1.8374408240258784
5,multiposture,front,21,thoracic_kyphotic_slouch,bad,0.021086836233735,-0.5248166918754578,-0.4298097193241119,0.0985639691352844,-0.5465394854545593,-0.307386964559555,-0.0512165613472461,-0.5163310170173645,-0.3084096312522888,0.1993809342384338,-0.4099894762039184,-0.1653888970613479,-0.1366164237260818,-0.4739871919155121,-0.1072366386651992,0.1083557829260826,0.0056891478598117,0.0231922846287488,-0.1060293093323707,-0.007231275551021,-0.0197966620326042,-169.21599521104665,0.9346967119969531,-0.010295419022441007,3.918075341295537
5,multiposture,front,21,thoracic_kyphotic_slouch,bad,0.0100382510572671,-0.5251466631889343,-0.4300955533981323,0.0958332195878028,-0.5452040433883667,-0.3111903667449951,-0.0539593137800693,-0.5138982534408569,-0.3065854609012604,0.2002485394477844,-0.4082630574703216,-0.1713803261518478,-0.1368238776922226,-0.4694885909557342,-0.1090864688158035,0.1086246147751808,0.0060025742277503,0.0234194789081811,-0.1062787696719169,-0.0074587138369679,-0.0198906566947698,-169.70508564246285,0.9562197183707666,-0.0216740798205138,3.9871340130271156
5,multiposture,front,21,thoracic_kyphotic_slouch,bad,0.0101555241271853,-0.5237475037574768,-0.4287878572940826,0.0970538482069969,-0.5428192615509033,-0.3070569336414337,-0.053911630064249,-0.5102328658103943,-0.3045240640640259,0.2014916986227035,-0.4062252640724182,-0.1660613715648651,-0.1363129168748855,-0.4664961993694305,-0.1061929985880851,0.1088656485080719,0.0060604861937463,0.0234187375754117,-0.1065289303660392,-0.0074497405439615,-0.0198067482560873,-169.88376365851798,0.9630112400900429,-0.022433866746723697,4.12513334421629
5,multiposture,front,21,thoracic_kyphotic_slouch,bad,0.0109291188418865,-0.5228762626647949,-0.4301884472370147,0.0988350436091423,-0.5411064624786377,-0.310700923204422,-0.0517653189599514,-0.5097277164459229,-0.308776319026947,0.202848270535469,-0.4054514765739441,-0.167435422539711,-0.1358731389045715,-0.4668662846088409,-0.1095331907272338,0.109019361436367,0.0062458687461912,0.0237422809004783,-0.1066779345273971,-0.0075471820309758,-0.0200709123164415,-169.72313966997956,0.9687402505288002,-0.022558446973562248,4.243850662770547
5,multiposture,front,21,thoracic_kyphotic_slouch,bad,0.0044860676862299,-0.5066115260124207,-0.4078525900840759,0.098946176469326,-0.5351574420928955,-0.3010872006416321,-0.0521016418933868,-0.4998306334018707,-0.2808544337749481,0.2046457380056381,-0.4050012230873108,-0.15828937292099,-0.1354529112577438,-0.4649039804935455,-0.0985374376177787,0.1090809628367424,0.0063568092882633,0.023475082591176,-0.1067709326744079,-0.0075700054876506,-0.0196357369422912,-170.01075302375767,0.981329886379425,-0.030110345687717244,4.402661369284729
5,multiposture,front,21,thoracic_kyphotic_slouch,bad,0.0132963340729475,-0.4729945957660675,-0.3704594671726227,0.1037306189537048,-0.5048489570617676,-0.2320711463689804,-0.0586246326565742,-0.4748150408267975,-0.2388475388288498,0.185665413737297,-0.3778832554817199,-0.0942472741007804,-0.1450683176517486,-0.4368200004100799,-0.0589526109397411,0.1056631952524185,-0.002878570696339,0.0232444144785404,-0.1021821200847625,0.0021101266611367,-0.0196698382496833,-169.89595432543305,0.96548042004464,-0.0070022139698267,2.610920587467055
5,multiposture,front,21,thoracic_kyphotic_slouch,bad,0.0530470460653305,-0.4538787305355072,-0.3701686561107635,0.1266983747482299,-0.5011373162269592,-0.240453153848648,-0.0317979827523231,-0.4480189085006714,-0.2490316927433014,0.2225113064050674,-0.3519544601440429,-0.1092245429754257,-0.0970111191272735,-0.4361481070518493,-0.042019173502922,0.1051520779728889,0.0232510119676589,0.0221855528652668,-0.1035121604800224,-0.02882638014853,-0.0181810390204191,-165.23819291320086,0.9062874919985928,-0.009703047573566444,8.99429555080903
5,multiposture,front,21,thoracic_kyphotic_slouch,bad,0.0531899854540824,-0.4709666073322296,-0.3591873347759247,0.1234029605984687,-0.5119402408599854,-0.2271024286746978,-0.0349803380668163,-0.4521151781082153,-0.233204573392868,0.2233814597129821,-0.3526187837123871,-0.1000363603234291,-0.0982032418251037,-0.4355378746986389,-0.036365408450365,0.1055760011076927,0.0235881451517343,0.0231108553707599,-0.1039288491010665,-0.0291961431503295,-0.0191595368087291,-165.5414845872456,0.9261681861145149,-0.009399123489856796,8.970537178749902
5,multiposture,front,21,thoracic_kyphotic_slouch,bad,0.0009292082977481,-0.4902050197124481,-0.475406676530838,0.0911854803562164,-0.5188455581665039,-0.3516492247581482,-0.0617191493511199,-0.4821492731571197,-0.3505167663097381,0.1987543702125549,-0.3941360116004944,-0.1924464255571365,-0.1592275649309158,-0.452392041683197,-0.1440646201372146,0.1104054972529411,0.0054057212546467,0.0302369054406881,-0.1093764081597328,-0.0078388070687651,-0.0274832043796777,-170.75702110478358,0.9686879178698292,-0.01883419434307145,2.6113520875804577
5,multiposture,front,21,thoracic_kyphotic_slouch,bad,-0.0015032647643238,-0.4715797007083893,-0.4734663665294647,0.0894302204251289,-0.5134279727935791,-0.3550467193126678,-0.0647973716259002,-0.4728582203388214,-0.3508028090000152,0.2047467678785324,-0.4059326946735382,-0.1901962757110595,-0.1537279188632965,-0.4594850242137909,-0.1411197632551193,0.1104224622249603,0.0052864709869027,0.0339041128754615,-0.1090594828128814,-0.0075152278877794,-0.0307335164397954,-171.5034506705057,0.9747035783478671,-0.02701268927194175,3.292372525568403
5,multiposture,front,21,thoracic_kyphotic_slouch,bad,-0.0054078567773103,-0.4677603244781494,-0.4713213443756103,0.0866621285676956,-0.5138211250305176,-0.3577058613300323,-0.0663346126675605,-0.4711610972881317,-0.3495561480522156,0.2077508270740509,-0.4074056446552276,-0.1906284093856811,-0.1529457420110702,-0.460627794265747,-0.1424095183610916,0.1105563342571258,0.0052742836996912,0.0348709039390087,-0.1090350523591041,-0.0074253156781196,-0.0316988043487072,-171.6063561028507,0.9917605164070701,-0.032810399308800656,3.5213697873234664
5,multiposture,front,21,thoracic_kyphotic_slouch,bad,0.0235383082181215,-0.5415340065956116,-0.4004215598106384,0.1100711673498153,-0.5453652143478394,-0.2755407691001892,-0.0375648960471153,-0.5172262787818909,-0.279793381690979,0.2073723077774047,-0.4046846628189087,-0.1481090486049652,-0.1506674289703369,-0.4654956459999084,-0.097683347761631,0.1106999665498733,0.0050679259002208,0.0354943685233593,-0.1089353710412979,-0.0071070501580834,-0.0323373489081859,-170.36062921770912,0.9535476898507953,-0.004814131185412407,3.6211322798096957
5,multiposture,front,21,thoracic_kyphotic_slouch,bad,0.0148967932909727,-0.5026363730430603,-0.4442883133888244,0.0925231277942657,-0.5400806069374084,-0.3194057941436767,-0.0608289949595928,-0.4832508265972137,-0.3238979578018188,0.2066135257482528,-0.400811105966568,-0.1678713262081146,-0.1499434560537338,-0.4557921886444092,-0.1208520606160163,0.1106938198208808,0.0054468791931867,0.0350848212838172,-0.108789175748825,-0.0074889962561428,-0.0320109575986862,-171.23403427533438,0.9602184149568338,-0.013438241556286808,3.666844086980208
5,multiposture,front,21,thoracic_kyphotic_slouch,bad,0.0102317836135625,-0.5280699729919434,-0.4040634036064148,0.0940487533807754,-0.5534918904304504,-0.2833891808986664,-0.0577713884413242,-0.5120378136634827,-0.2800603210926056,0.2039012908935547,-0.4132435321807861,-0.141712948679924,-0.1489497870206833,-0.4734436869621277,-0.0904694497585296,0.1105140671133995,0.0054422193206846,0.0326857455074787,-0.1084687262773513,-0.007342045661062,-0.0294936299324035,-170.31795271571184,0.9713932774524094,-0.0172439683228732,3.4219461317882534
5,multiposture,front,21,thoracic_kyphotic_slouch,bad,0.0062358332797884,-0.4573007822036743,-0.5300529599189758,0.0915194600820541,-0.4892695844173431,-0.4054786562919616,-0.0630121007561683,-0.4496977031230926,-0.4034395217895508,0.196782112121582,-0.37208092212677,-0.2410852313041687,-0.1545599848031997,-0.4322439730167389,-0.1786253452301025,0.1090505719184875,0.0053784628398716,0.0333158522844314,-0.1071206629276275,-0.0076455478556454,-0.0307894311845302,-170.28303963265842,0.9204555997854527,-0.014875230379402745,2.8758961562955183
5,multiposture,front,21,thoracic_kyphotic_slouch,bad,0.0378355756402015,-0.4716485440731048,-0.4868806898593902,0.093630775809288,-0.5081369876861572,-0.3621031045913696,-0.0534817799925804,-0.4522889256477356,-0.3878509700298309,0.1972220689058303,-0.3823097646236419,-0.2150765806436538,-0.1486363410949707,-0.4340499937534332,-0.1663857400417328,0.1082831844687461,0.005450792144984,0.0331956967711448,-0.1061498969793319,-0.0076447734609246,-0.0305804032832384,-171.4916803269654,0.8787592531651112,0.0135427117347717,3.2654853027133077
5,multiposture,front,21,thoracic_kyphotic_slouch,bad,0.0131544042378664,-0.4320897758007049,-0.5329976081848145,0.0860662385821342,-0.4853512644767761,-0.4127476811408996,-0.0650056079030036,-0.4353097081184387,-0.4123046398162842,0.1963662952184677,-0.3838821649551391,-0.2366821467876434,-0.1502541452646255,-0.4340076446533203,-0.1793021708726883,0.1080863997340202,0.0057902294211089,0.0326582603156566,-0.1059578210115432,-0.0078975539654493,-0.0299269575625658,-171.77138621710395,0.9026681470007375,-0.00990167073905471,3.0861601186803815
5,multiposture,front,21,thoracic_kyphotic_slouch,bad,-0.015506125986576,-0.5446617007255554,-0.4051013886928558,0.062293067574501,-0.5582318305969238,-0.2947152853012085,-0.0739893764257431,-0.4899707734584808,-0.2833829820156097,0.1942327320575714,-0.3957482874393463,-0.167739450931549,-0.14984992146492,-0.4360082745552063,-0.0960399061441421,0.1077734902501106,0.0055928910151124,0.0315330661833286,-0.1056031510233879,-0.0076846298761665,-0.0285138916224241,-173.32635299305696,0.9885018065289298,-0.03769753128290171,2.9126372962509324
5,multiposture,front,21,thoracic_kyphotic_slouch,bad,-0.020771536976099,-0.4967668950557709,-0.465975821018219,0.0649238675832748,-0.5306164622306824,-0.3581103384494781,-0.0773956179618835,-0.4721754193305969,-0.343277096748352,0.1930417567491531,-0.3921089172363281,-0.2055975645780563,-0.1483679264783859,-0.4362438023090362,-0.1317151337862014,0.1071887910366058,0.0055775824002921,0.030960438773036,-0.105059303343296,-0.0076505583710968,-0.0278519298881292,-172.63408132978338,0.9722448086191763,-0.043108452111482606,2.947501227424467
5,multiposture,front,21,thoracic_kyphotic_slouch,bad,-0.0263023562729358,-0.4831653535366058,-0.4873087108135223,0.0640743896365165,-0.5196381211280823,-0.3827652633190155,-0.0795530825853347,-0.4652796983718872,-0.3579770028591156,0.1928870528936386,-0.3888866305351257,-0.2222205698490142,-0.1473137736320495,-0.4367823600769043,-0.1434633433818817,0.1068327203392982,0.0058222636580467,0.0305321961641311,-0.104723148047924,-0.0078963264822959,-0.0274140108376741,-171.9861899384898,0.9706082235955483,-0.04908899590373035,3.0208770368772533
5,multiposture,front,21,thoracic_kyphotic_slouch,bad,0.0034215073101222,0.0505252033472061,-0.6900666356086731,0.0900246128439903,-0.074378915131092,-0.6202229261398315,-0.0765247717499733,0.0023548388853669,-0.6431271433830261,0.2302700877189636,-0.1128602921962738,-0.4096555411815643,-0.1503236591815948,-0.1716776043176651,-0.3638553321361542,0.1212420314550399,0.0119027672335505,0.0317223668098449,-0.1209547519683837,-0.0149774979799985,-0.0314938351511955,-171.21495439545347,0.9347831036396964,-0.0365517069585622,15.802469195218064
5,multiposture,front,21,thoracic_kyphotic_slouch,bad,0.0323611870408058,0.0369635187089443,-0.6686416864395142,0.1202975064516067,-0.0782386511564254,-0.5863847136497498,-0.0440580062568187,-0.0105327442288398,-0.6226887106895447,0.2300956398248672,-0.1271891593933105,-0.3756919503211975,-0.1364908814430236,-0.1904444992542266,-0.3497458100318908,0.1262755244970321,0.0089466487988829,0.0310238096863031,-0.1251896470785141,-0.0117315296083688,-0.0299921631813049,-170.20988752495026,0.9136670857432858,-0.014441192150115995,16.375520288300027
5,multiposture,front,21,thoracic_kyphotic_slouch,bad,0.000529752636794,-0.0086809964850544,-0.6683436036109924,0.0970481187105178,-0.1095287576317787,-0.577650785446167,-0.0628892108798027,-0.0567503459751606,-0.5890932679176331,0.2076241821050644,-0.158770203590393,-0.3676304519176483,-0.1461159437894821,-0.2012721300125122,-0.3277823626995086,0.1248168274760246,0.0077880686149001,0.0295860022306442,-0.1238103806972503,-0.010403761640191,-0.0270781088620424,-173.14874634232754,0.9448196871155593,-0.03022436652099715,9.607418004251103
5,multiposture,front,21,thoracic_kyphotic_slouch,bad,0.0038660338614135,-0.0223799720406532,-0.6767757534980774,0.0971355810761451,-0.1272249668836593,-0.5829123258590698,-0.0626145973801612,-0.0696789324283599,-0.5957524180412292,0.2011874616146087,-0.1737919598817825,-0.3700647056102752,-0.1506890505552292,-0.2111431509256363,-0.3304695785045624,0.1238455846905708,0.0069697257131338,0.028579156845808,-0.1229299157857894,-0.009512991644442,-0.0256917253136634,-173.94082385638018,0.9321829979696004,-0.02138317166827626,7.388022016851471
5,multiposture,front,21,thoracic_kyphotic_slouch,bad,-0.0002694930008146,0.0027515729889273,-0.6635221838951111,0.0913026928901672,-0.0998366624116897,-0.5804731249809265,-0.0642699673771858,-0.0376111268997192,-0.5943441390991211,0.1997646540403366,-0.1557986885309219,-0.3691285252571106,-0.1501573026180267,-0.1957685202360153,-0.3203851580619812,0.1230611875653266,0.0062803020700812,0.0266193989664316,-0.1221066564321518,-0.0087256394326686,-0.0236149299889802,-173.48363270751818,0.9193626655466024,-0.025073168711969553,7.933513454395656
5,multiposture,front,21,thoracic_kyphotic_slouch,bad,0.0199751984328031,0.018812658265233,-0.6623430252075195,0.117921382188797,-0.0752315521240234,-0.5753504633903503,-0.0417238399386405,-0.028200190514326,-0.5940691232681274,0.2163274735212326,-0.1335987597703933,-0.371748149394989,-0.1376304924488067,-0.193690687417984,-0.3311300277709961,0.1219541430473327,0.0060053272172808,0.0284406542778015,-0.1209816262125969,-0.0085453744977712,-0.0256724040955305,-170.3646869378652,0.9020764424455837,-0.01937329210340985,13.459795836200119
5,multiposture,front,21,thoracic_kyphotic_slouch,bad,0.0528046935796737,-0.4783506691455841,-0.4396703839302063,0.1008155792951583,-0.5182842016220093,-0.3098774254322052,-0.0449149347841739,-0.4738384485244751,-0.3471123278141022,0.1959472000598907,-0.3960890471935272,-0.1749702244997024,-0.1474103331565857,-0.4504058063030243,-0.1288335621356964,0.1110770925879478,0.0082193249836564,0.0230087526142597,-0.109373040497303,-0.0089102927595376,-0.0194095373153686,-171.01070047568896,0.8413516206773874,0.0285362601280212,3.1692753177235438
5,multiposture,front,21,thoracic_kyphotic_slouch,bad,0.059317622333765,-0.5007458329200745,-0.4213276207447052,0.1031220555305481,-0.53059321641922,-0.2939720749855041,-0.0388154499232769,-0.4852258265018463,-0.3309873342514038,0.1966371983289718,-0.397562563419342,-0.1682803779840469,-0.1470266282558441,-0.451899915933609,-0.1213306561112403,0.1113443523645401,0.0075347297824919,0.0237117819488048,-0.1094610393047332,-0.0081617720425128,-0.0200187303125858,-171.01523197445422,0.8325002727034198,0.03451233729720114,3.2181669093795877
5,multiposture,front,21,thoracic_kyphotic_slouch,bad,0.041961058974266,-0.4981420636177063,-0.4376691281795501,0.1028550118207931,-0.5257357358932495,-0.3083565533161163,-0.0456914566457271,-0.4864813983440399,-0.3238067328929901,0.1988054662942886,-0.3952661156654358,-0.1686900556087494,-0.1463716477155685,-0.4529969990253448,-0.114644855260849,0.1114200502634048,0.0073567694053053,0.0238969177007675,-0.1094607859849929,-0.0079926447942852,-0.0201466940343379,-170.50515986216428,0.8706707151813787,0.015744149684905936,3.4078280681501014
5,multiposture,front,21,thoracic_kyphotic_slouch,bad,0.0591084398329257,-0.5162411332130432,-0.409562736749649,0.1104141175746917,-0.5352129936218262,-0.2815806865692138,-0.0326203182339668,-0.4974479675292969,-0.309700459241867,0.2026128023862838,-0.3952141404151916,-0.1605563461780548,-0.141535148024559,-0.4548175632953644,-0.1078748553991317,0.1115110665559768,0.0072979051619768,0.0243709571659564,-0.1094724833965301,-0.0079385703429579,-0.0205980017781257,-170.1743380678824,0.8485800128783925,0.0285696126520633,3.976092986711035
5,multiposture,front,21,thoracic_kyphotic_slouch,bad,0.0632437840104103,-0.510560929775238,-0.4131787121295929,0.1127238050103187,-0.5346533060073853,-0.2844597995281219,-0.0308146029710769,-0.4957743287086487,-0.3189704716205597,0.2027289569377899,-0.3950094282627105,-0.1595271825790405,-0.139993280172348,-0.4564008414745331,-0.1112604960799217,0.1115708276629448,0.0071862405166029,0.0247003212571144,-0.1094627156853675,-0.0078235240653157,-0.0209594443440437,-169.84438476571765,0.8470655522455259,0.03187594562768935,4.076106549028037
5,multiposture,front,21,thoracic_kyphotic_slouch,bad,0.0109179774299263,-0.5157017111778259,-0.3721740841865539,0.113659918308258,-0.537868320941925,-0.2649252116680145,-0.0323021411895751,-0.5039121508598328,-0.2463655769824981,0.2304113507270813,-0.4018456935882568,-0.1221926212310791,-0.1008662581443786,-0.4733238220214844,-0.0481753051280975,0.1116653829813003,0.0118061546236276,0.019864585250616,-0.109185867011547,-0.0125562986359,-0.0156725719571113,-167.82422922812964,1.0181326004124807,-0.05385456886142505,8.268019685377269
5,multiposture,front,21,thoracic_kyphotic_slouch,bad,0.0654300823807716,-0.5058560967445374,-0.4313125014305115,0.1494234204292297,-0.5225823521614075,-0.3186314404010772,-0.0004544319817796,-0.4946956038475036,-0.3138246536254883,0.2449249029159546,-0.3940904438495636,-0.1697505712509155,-0.0771421119570732,-0.4700640738010406,-0.099054105579853,0.1097206026315689,0.0169762335717678,0.0196003783494234,-0.1071078553795814,-0.0186184365302324,-0.0158964544534683,-166.7269245996937,0.9257329372464326,-0.018461313098669094,10.84082520720348
5,multiposture,front,21,thoracic_kyphotic_slouch,bad,-0.0557974204421043,-0.0721330419182777,-0.7377114295959473,0.0905317440629005,-0.1828404068946838,-0.6080284118652344,-0.1167865246534347,-0.120053231716156,-0.5980059504508972,0.2158109992742538,-0.1283387839794159,-0.4023037254810333,-0.1635973304510116,-0.1991087943315506,-0.3211332857608795,0.1261436343193054,0.0147606581449508,0.0206016227602958,-0.1258512735366821,-0.0164282787591218,-0.0212434418499469,-169.4341931729595,0.970110712968692,-0.08190425485372539,9.055379339109694
5,multiposture,front,21,thoracic_kyphotic_slouch,bad,0.0379687659442424,-0.0558969378471374,-0.6985841393470764,0.1171697825193405,-0.1553197652101516,-0.5932514667510986,-0.0362463071942329,-0.0974106863141059,-0.607878565788269,0.2106069475412368,-0.1559765636920929,-0.3747519254684448,-0.1453464925289154,-0.2077518701553344,-0.3230870068073272,0.1158944219350814,0.0076432731002569,0.0235869232565164,-0.1150259971618652,-0.0090002752840518,-0.0227618794888257,-171.72406608924285,0.8555647190423518,0.005338538438081707,10.07606764835498
5,multiposture,front,21,thoracic_kyphotic_slouch,bad,0.0447877943515777,-0.0031857825815677,-0.6830534338951111,0.1361557096242904,-0.0935548022389411,-0.5855838060379028,-0.0265616085380315,-0.0526897422969341,-0.6127364635467529,0.218401551246643,-0.1432124227285385,-0.3696750402450561,-0.1383535861968994,-0.2042346894741058,-0.3356127738952636,0.119822010397911,0.0058746673166751,0.0255716387182474,-0.118517018854618,-0.0072416351176798,-0.0240392163395881,-170.2936032331305,0.8717830668150958,0.004763811826705891,12.818180910983928
5,multiposture,front,21,thoracic_kyphotic_slouch,bad,-0.0861901342868805,-0.0142145780846476,-0.6769260168075562,0.0390781871974468,-0.0989195853471756,-0.594931960105896,-0.1100888028740882,-0.058900199830532,-0.581428050994873,0.1810515075922012,-0.1326745152473449,-0.3770870268344879,-0.1674269586801529,-0.1932137161493301,-0.3172374367713928,0.1190108507871627,0.0057405256666243,0.0240005441009998,-0.1177657693624496,-0.0072906333953142,-0.0214632991701364,-170.14468639863225,1.021604647188863,-0.09300240874290465,2.18582722937088
5,multiposture,front,21,thoracic_kyphotic_slouch,bad,-0.0854420363903045,0.0177504140883684,-0.6738643646240234,0.0296353343874216,-0.0666881799697876,-0.6047521829605103,-0.1231223791837692,-0.0161781832575798,-0.5839548110961914,0.1768959909677505,-0.0955364778637886,-0.3872302174568176,-0.1741558611392974,-0.1528254300355911,-0.319405734539032,0.1198494508862495,0.0075389849953353,0.0223472900688648,-0.118875965476036,-0.0098812161013484,-0.0193875171244144,-170.7314737207065,1.003704857889204,-0.08681210130453104,0.41142859221400063
5,multiposture,front,21,thoracic_kyphotic_slouch,bad,0.0403202399611473,-0.4901743531227112,-0.4394590258598327,0.1243546605110168,-0.5097820162773132,-0.3164050579071045,-0.0285756662487983,-0.483399361371994,-0.3178579807281494,0.219684362411499,-0.3863543570041656,-0.1584028005599975,-0.1116040796041488,-0.4599800705909729,-0.0966296717524528,0.1089460551738739,0.010735647752881,0.0248110368847847,-0.1065805330872535,-0.0117008946835994,-0.0217276997864246,-167.47019358073572,0.9282432502129696,-0.013719901442527799,7.127926780610683
5,multiposture,front,21,thoracic_kyphotic_slouch,bad,0.0647390708327293,-0.5054423213005066,-0.4359537065029144,0.1443888992071151,-0.5206975340843201,-0.3180162012577057,-0.0066837659105658,-0.4911926984786987,-0.3202815949916839,0.2417098432779312,-0.3866841793060303,-0.1727700680494308,-0.0768611878156662,-0.4631996750831604,-0.1052747443318367,0.1094492301344871,0.0171127803623676,0.0182992722839117,-0.1068512946367263,-0.0187669936567544,-0.0143838366493582,-166.4943275790126,0.9350152660931698,-0.01768525689840321,10.828822006654265
5,multiposture,front,21,thoracic_kyphotic_slouch,bad,0.0173854790627956,-0.5174977779388428,-0.4067257642745971,0.1164376586675643,-0.5323982238769531,-0.3073168396949768,-0.0259221252053976,-0.4965250492095947,-0.2878035306930542,0.2387921810150146,-0.3897866010665893,-0.1611360013484954,-0.0807652398943901,-0.4643299877643585,-0.0865935534238815,0.1093688756227493,0.0170432720333337,0.0174354314804077,-0.1068063080310821,-0.0187264047563076,-0.0133771998807787,-166.8693804902497,1.045510092846922,-0.061627991497516646,10.335844385292038
5,multiposture,front,21,thoracic_kyphotic_slouch,bad,0.0621528103947639,-0.4871361553668976,-0.4562667310237884,0.1186223030090332,-0.5100723505020142,-0.3332959413528442,-0.0250058844685554,-0.4814236164093017,-0.3461846709251404,0.2151845395565033,-0.3843543827533722,-0.1794494092464447,-0.1176522150635719,-0.4567633867263794,-0.1276482045650482,0.1095632016658783,0.0101467594504356,0.02487014234066,-0.1071696430444717,-0.0111836316064,-0.0214827042073011,-167.7264837954673,0.884943913449418,0.013386648148298201,6.461191307223675
5,multiposture,front,21,thoracic_kyphotic_slouch,bad,0.0647008940577507,-0.4929278194904327,-0.448869377374649,0.1239820346236229,-0.5137643814086914,-0.3257482051849365,-0.0175962392240762,-0.4830297827720642,-0.3504021763801574,0.2153595387935638,-0.3841820955276489,-0.179449662566185,-0.1175037547945976,-0.455292671918869,-0.1339851319789886,0.1097752079367637,0.0099750692024827,0.0250422451645135,-0.1073748916387558,-0.0110094035044312,-0.0216230154037475,-167.94100487321546,0.894832530126077,0.015773002058267607,6.495091999856431
5,multiposture,front,21,thoracic_kyphotic_slouch,bad,0.0439845845103263,-0.5145688056945801,-0.4057996273040771,0.1325042694807052,-0.5357219576835632,-0.2979526817798614,-0.0163372941315174,-0.4990395605564117,-0.2867165803909302,0.2408593446016311,-0.397594541311264,-0.1516512036323547,-0.0790743082761764,-0.4717125296592712,-0.0736817046999931,0.1084000840783119,0.0163443684577941,0.0162654630839824,-0.1060032024979591,-0.0180323589593172,-0.0119226416572928,-166.95656905730962,0.9588967647522729,-0.036907933652401054,10.409598918144253
5,multiposture,front,21,thoracic_kyphotic_slouch,bad,0.0110453171655535,-0.4714899957180023,-0.4707167446613312,0.103449210524559,-0.503419816493988,-0.3534873425960541,-0.04453144967556,-0.4749625027179718,-0.3481564223766327,0.2158359140157699,-0.3878252506256103,-0.1819297820329666,-0.1176666691899299,-0.4590935707092285,-0.1233672276139259,0.1089645251631736,0.0105673344805836,0.0245055928826332,-0.1065945550799369,-0.0115845156833529,-0.0212593041360378,-167.93752659750584,0.981501855406116,-0.0380393052473665,6.461279080866268
5,multiposture,front,21,thoracic_kyphotic_slouch,bad,0.0355939343571662,-0.4708364009857178,-0.4765777587890625,0.1097882539033889,-0.498510867357254,-0.3564525842666626,-0.0383194833993911,-0.4701698422431946,-0.3616758584976196,0.2160507291555404,-0.3800093531608581,-0.1938956975936889,-0.1176269426941871,-0.4531343579292297,-0.1403957605361938,0.1093565598130226,0.0104892505332827,0.0244571100920438,-0.1070052236318588,-0.011532106436789,-0.0211086645722389,-167.63911771126232,0.9393757771743564,-0.013617958873510458,6.586077000677956
5,multiposture,front,21,thoracic_kyphotic_slouch,bad,0.0401159934699535,-0.4805495738983154,-0.4659076929092407,0.1139954105019569,-0.504281759262085,-0.3436577320098877,-0.033588457852602,-0.4756617844104767,-0.3535638749599457,0.2144461721181869,-0.3822683691978454,-0.1872296035289764,-0.118430882692337,-0.4540514349937439,-0.1346690058708191,0.1094313934445381,0.010332447476685,0.0247331839054822,-0.1070609167218208,-0.0113701941445469,-0.0213441383093595,-167.8308355368781,0.9318514121253315,-0.007891651242971448,6.396810554385691
5,multiposture,front,21,thoracic_kyphotic_slouch,bad,0.0819596871733665,-0.5034750699996948,-0.4334249496459961,0.1288607269525528,-0.5229765772819519,-0.311334878206253,-0.008156057447195,-0.4880070984363556,-0.3438915014266968,0.2158664017915725,-0.3850326836109161,-0.171481117606163,-0.1164741590619087,-0.4550262987613678,-0.1290257275104522,0.1100459098815918,0.0098922308534383,0.0251283273100852,-0.1075884401798248,-0.0109248831868171,-0.0216992832720279,-168.10685483727872,0.8651121747466464,0.03226356580853461,6.5903038962365645
5,multiposture,front,21,thoracic_kyphotic_slouch,bad,0.0836689174175262,-0.5047557353973389,-0.4260881841182709,0.1307896971702575,-0.5242676734924316,-0.3047305047512054,-0.0058121159672737,-0.4895817339420318,-0.3371981382369995,0.2164249867200851,-0.385636031627655,-0.1664267927408218,-0.1154374554753303,-0.4554463326931,-0.1254086047410965,0.1101118028163909,0.0098511204123497,0.025276968255639,-0.1076384708285331,-0.01088123396039,-0.0218641813844442,-168.12051370640526,0.8654825840989998,0.03317515179514881,6.688612497617398
5,multiposture,front,22,lateral_trunk_tilt_left,bad,0.2204458713531494,-0.3460658490657806,-0.479954183101654,0.3153695464134216,-0.3959984183311462,-0.3619706630706787,0.1462537050247192,-0.4014262557029724,-0.3694047629833221,0.3832779824733734,-0.2861191928386688,-0.1876644790172577,0.0630262419581413,-0.428089439868927,-0.1630326509475708,0.1008464694023132,0.0496308542788028,0.0249541401863098,-0.0994662344455719,-0.0510374046862125,-0.0214276313781738,-156.0918938311787,0.9357651158605423,-0.0027062408626079837,31.972001214952332
5,multiposture,front,22,lateral_trunk_tilt_left,bad,0.2635547518730163,-0.382032185792923,-0.4105264842510223,0.3208819925785064,-0.4266687035560608,-0.306312620639801,0.177673652768135,-0.4276472628116607,-0.3275209963321686,0.3828552663326263,-0.3253995180130005,-0.1535705476999282,0.1089113131165504,-0.4521903693675995,-0.1354685425758361,0.0962414592504501,0.0442817695438861,0.0262317024171352,-0.0937869250774383,-0.0449965223670005,-0.0221265647560358,-155.16364854262767,0.8937384737579389,0.017671462148427963,32.20462920576244
5,multiposture,front,22,lateral_trunk_tilt_left,bad,0.2658711075782776,-0.3908380568027496,-0.397812008857727,0.3289867639541626,-0.4286414384841919,-0.2927966713905334,0.1831790804862976,-0.4373587965965271,-0.3078998327255249,0.3825225234031677,-0.3231478929519653,-0.1392161399126052,0.1208745092153549,-0.4563585221767425,-0.1251581162214279,0.0936300307512283,0.0432223640382289,0.0275325700640678,-0.0908363386988639,-0.0438408553600311,-0.023316241800785,-153.01837737053822,0.9238723749759186,0.014172591269016266,32.729483456774986
5,multiposture,front,22,lateral_trunk_tilt_left,bad,0.2802367508411407,-0.3821827471256256,-0.3898937404155731,0.3419375419616699,-0.416810929775238,-0.283216655254364,0.2081788480281829,-0.435714989900589,-0.3094523847103119,0.3828704059123993,-0.3184167444705963,-0.1360417306423187,0.1233839616179466,-0.4612019956111908,-0.1322532445192337,0.0927998274564743,0.0431775636970996,0.0285263024270534,-0.0899565741419792,-0.0437497347593307,-0.0242520943284034,-151.17772962325643,0.9016440549708685,0.027109567075967733,32.87008897257857
5,multiposture,front,22,lateral_trunk_tilt_left,bad,0.2833972573280334,-0.3820387721061706,-0.3758354187011719,0.3464127779006958,-0.4166550040245056,-0.2661545872688293,0.2133044451475143,-0.4376984238624573,-0.2941102683544159,0.3826726078987121,-0.3195294439792633,-0.1247678995132446,0.1270737946033477,-0.4662598073482513,-0.1147116422653198,0.0925900936126709,0.0431326031684875,0.0287240594625473,-0.0897240936756134,-0.0436399430036544,-0.0244106687605381,-150.14136971091077,0.8775919370913409,0.02852405607700348,32.84126044159193
5,multiposture,front,22,lateral_trunk_tilt_left,bad,0.2829604148864746,-0.3771751224994659,-0.3855825066566467,0.3463903069496155,-0.414056122303009,-0.2792313992977142,0.212647259235382,-0.4334135055541992,-0.3140319585800171,0.3816206753253937,-0.3194576501846313,-0.1362558603286743,0.126906543970108,-0.4652954339981079,-0.1314090192317962,0.0925823673605918,0.0430318266153335,0.0288040786981582,-0.0897141769528389,-0.0435096099972724,-0.0244975425302982,-150.20650050367664,0.8819204881246127,0.028696805238723755,32.81177179365295
5,multiposture,front,22,lateral_trunk_tilt_left,bad,0.2856470644474029,-0.3805827498435974,-0.375557005405426,0.3482895195484161,-0.4147402942180633,-0.2663902938365936,0.2140837758779525,-0.4349536001682281,-0.2976055443286896,0.3825963139533996,-0.3172144591808319,-0.1257170438766479,0.1285269111394882,-0.4653624594211578,-0.1173289343714714,0.0924284979701042,0.0432451218366622,0.0288378819823265,-0.0895584151148796,-0.0437183119356632,-0.0245075561106205,-149.75351653514977,0.8771871799778022,0.030085451900959015,33.01798169307055
5,multiposture,front,23,lateral_trunk_tilt_right,bad,-0.2825950384140014,-0.3328033685684204,-0.4339982569217682,-0.1782834231853485,-0.4484388530254364,-0.3697867393493652,-0.2938495874404907,-0.370807021856308,-0.2991088032722473,-6.636977195739746e-05,-0.4244455695152282,-0.209483116865158,-0.364121526479721,-0.3798433840274811,-0.1050195693969726,0.101489320397377,-0.0331402644515037,0.0201867818832397,-0.1020916849374771,0.0314116701483726,-0.0173125267028808,173.01522077838584,1.0881081933402559,-0.1005010902881622,-24.37204806377871
5,multiposture,front,23,lateral_trunk_tilt_right,bad,-0.2975385785102844,-0.3683883249759674,-0.3132394850254059,-0.1895096898078918,-0.4740797579288482,-0.2492856085300445,-0.3027399480342865,-0.410392552614212,-0.1831270307302475,-0.0255715940147638,-0.4278624653816223,-0.1171178221702575,-0.3692364990711212,-0.3909595310688019,-0.0172203872352838,0.1009309515357017,-0.0337531268596649,0.0200599059462547,-0.1009797304868698,0.0315709561109542,-0.016686825081706,173.87103125502767,1.115010434182559,-0.10013453196734193,-25.79887382570682
5,multiposture,front,23,lateral_trunk_tilt_right,bad,-0.3038136959075928,-0.367293506860733,-0.3215131461620331,-0.1931490153074264,-0.475785881280899,-0.25627401471138,-0.3082129955291748,-0.4097860157489776,-0.190789595246315,-0.031526580452919,-0.4289000332355499,-0.1214206516742706,-0.3739267289638519,-0.3911378383636474,-0.023768313229084,0.1005987375974655,-0.0345068164169788,0.0196715556085109,-0.1004203334450721,0.0321499668061733,-0.0159459244459867,173.70646965116242,1.119468573518074,-0.10108704119920733,-26.38489389518029
5,multiposture,front,23,lateral_trunk_tilt_right,bad,-0.3111155331134796,-0.3700088262557983,-0.3197203874588012,-0.1974954009056091,-0.4781591892242431,-0.2566582560539245,-0.3114474415779114,-0.4126263558864593,-0.1908691972494125,-0.0344439819455146,-0.4301137030124664,-0.1212115511298179,-0.3755048215389251,-0.3908461332321167,-0.019419839605689,0.1004090458154678,-0.0348736979067325,0.0195883344858884,-0.1001135408878326,0.032486967742443,-0.0157516580075025,173.43224766687868,1.1232826379220753,-0.10614113137125974,-26.618656314011933
5,multiposture,front,23,lateral_trunk_tilt_right,bad,-0.294380784034729,-0.395474374294281,-0.3142433762550354,-0.1891708970069885,-0.4884766936302185,-0.2378590106964111,-0.3065276145935058,-0.4243960678577423,-0.1872135400772094,-0.0330065004527568,-0.4298113584518432,-0.1186122521758079,-0.3748282194137573,-0.3928523063659668,-0.0214342959225177,0.1001906096935272,-0.0351331569254398,0.0187161806970834,-0.0998269617557525,0.0326996035873889,-0.0147267086431384,173.8289380512889,1.0810364155268701,-0.09046342410147196,-26.45784151151311
5,multiposture,front,23,lateral_trunk_tilt_right,bad,-0.2991779744625091,-0.3889183104038238,-0.3442029356956482,-0.1875705122947693,-0.483796626329422,-0.2767273783683777,-0.3046037256717682,-0.4233650267124176,-0.218636006116867,-0.0348752550780773,-0.4259692430496216,-0.1483596265316009,-0.3776237964630127,-0.3902097642421722,-0.0460671335458755,0.1000192016363143,-0.0355953276157379,0.0185355134308338,-0.0996477678418159,0.0331119783222675,-0.0145223839208483,174.04379267904608,1.0737869277653573,-0.0929284486919641,-26.903310492847684
5,multiposture,front,23,lateral_trunk_tilt_right,bad,-0.3005938231945038,-0.3935083150863647,-0.3328619003295898,-0.1936351358890533,-0.4868862926959991,-0.2542703151702881,-0.3099521100521087,-0.4216598272323608,-0.2073158770799636,-0.0393916964530944,-0.428414911031723,-0.1261769533157348,-0.3800583481788635,-0.3880298435688019,-0.0354412943124771,0.0998571813106536,-0.0358023419976234,0.0181576218456029,-0.0994175374507904,0.0332852005958557,-0.0141057707369327,173.23930001123884,1.0877112455651075,-0.09086880087852484,-27.288343548348788
5,multiposture,front,24,neutral_spinal_alignment,good,0.0305337607860565,-0.5192715525627136,-0.3480730950832367,0.0907336696982383,-0.5477259159088135,-0.2200351506471634,-0.0539938360452652,-0.516971230506897,-0.252088189125061,0.1909058392047882,-0.4191222190856933,-0.0956862121820449,-0.1424436569213867,-0.4869416654109955,-0.0549037083983421,0.1086485162377357,0.0073031359352171,0.0214044526219367,-0.1065771877765655,-0.0086948070675134,-0.0179520323872566,-168.50021046397956,0.9222824888589736,0.006302669644355743,2.935509653105725
5,multiposture,front,24,neutral_spinal_alignment,good,-0.0046121375635266,-0.4931321144104004,-0.3140850067138672,0.0938886553049087,-0.5330073237419128,-0.1749198585748672,-0.0736171826720237,-0.4932301044464111,-0.1710698753595352,0.1975905150175094,-0.3998239040374756,-0.0552428811788558,-0.1515703648328781,-0.4437449872493744,-0.0135469390079379,0.1105535179376602,-0.0024263586383312,0.0191891472786664,-0.1073155477643013,0.0016834179405122,-0.0161142777651548,-172.83039869997597,1.0097143389442487,-0.027622212655842245,2.9058624719635944
5,multiposture,front,24,neutral_spinal_alignment,good,-0.0148866279050707,-0.4784959554672241,-0.3268757462501526,0.0940195843577385,-0.5110178589820862,-0.2000550776720047,-0.0707199499011039,-0.482976883649826,-0.1778081208467483,0.1878080666065216,-0.3804534077644348,-0.0701288804411888,-0.1460364162921905,-0.4387747049331665,-0.0146206896752119,0.1075800359249115,-0.0025292369537055,0.0196341127157211,-0.1041631624102592,0.0017580013955011,-0.0162787586450576,-170.0906554786871,1.001440130303553,-0.035772453062236254,2.6830494532579583
5,multiposture,front,24,neutral_spinal_alignment,good,-0.0107382386922836,-0.4910492300987243,-0.2931665182113647,0.098980002105236,-0.5134018063545227,-0.1571627557277679,-0.0665963441133499,-0.4932117760181427,-0.1428583860397339,0.187428668141365,-0.3816851079463959,-0.0343408472836017,-0.1434897631406784,-0.4439281821250915,0.0056702918373048,0.1062060594558715,-0.0028408872894942,0.0214593447744846,-0.10275349766016,0.002062204061076,-0.0179280694574117,-169.34758702812653,1.040740520055091,-0.0327076911926269,2.8100619767837087
5,multiposture,front,24,neutral_spinal_alignment,good,-0.0028172172605991,-0.4856550097465515,-0.3180826902389526,0.103091225028038,-0.508743405342102,-0.1821145564317703,-0.0613789893686771,-0.4895345270633697,-0.1716377288103103,0.1875653862953186,-0.3781755566596985,-0.0535879991948604,-0.143032431602478,-0.4436676204204559,-0.0101421987637877,0.1058086082339286,-0.002926432294771,0.0222979076206684,-0.1023344621062278,0.0021417292300611,-0.0186992958188056,-168.7946745833423,1.0064488923072992,-0.025083694607019404,2.8628148643276043
5,multiposture,front,24,neutral_spinal_alignment,good,0.0123449601233005,-0.4773076474666595,-0.3324513435363769,0.1041383296251297,-0.5066535472869873,-0.19186432659626,-0.0585720986127853,-0.4812156856060028,-0.1926502138376236,0.1855799555778503,-0.3785912990570068,-0.0630429983139038,-0.1451477706432342,-0.4399513900279999,-0.0265512000769376,0.105667732656002,-0.0029444866813719,0.0231911931186914,-0.1021816208958625,0.0021812918130308,-0.019610796123743,-169.4893933247566,0.9684513826685831,-0.007871132344007544,2.5867799354285004
5,multiposture,front,24,neutral_spinal_alignment,good,-0.0304244142025709,-0.4738799333572387,-0.3124399483203888,0.0490470230579376,-0.5187340378761292,-0.1738712042570114,-0.1052210628986358,-0.4563714265823364,-0.1772321611642837,0.1770298182964325,-0.3929966390132904,-0.0296123791486024,-0.163470908999443,-0.4244824647903442,0.0246672350913286,0.1031428053975105,-0.0044599249958992,0.0045351670123636,-0.0997814536094665,0.0036892904900014,-0.000281119835563,-174.71692933119215,0.9841323915139134,-0.03720386885106565,0.7153674384851081
5,multiposture,front,24,neutral_spinal_alignment,good,-0.0422183163464069,-0.4732114672660827,-0.3088700473308563,0.0374992676079273,-0.5299546718597412,-0.167094200849533,-0.1181637942790985,-0.4533142447471618,-0.173337772488594,0.1696909368038177,-0.402919203042984,-0.0292267557233572,-0.167377158999443,-0.421343982219696,0.025284145027399,0.1023591682314872,-0.0041942009702324,0.0049426481127738,-0.0989701747894287,0.0032749155070632,-0.0005961337010376,-176.87121810916247,0.9924062172694521,-0.04337520524859425,-0.07482327020340884
5,multiposture,front,24,neutral_spinal_alignment,good,-0.0344841144979,-0.4983375072479248,-0.2901023328304291,0.0360043123364448,-0.5443521738052368,-0.1492029130458831,-0.1194627583026886,-0.4632471203804016,-0.1453759670257568,0.1688300371170044,-0.4055767655372619,-0.0172505155205726,-0.1678131222724914,-0.4173519015312195,0.0353525765240192,0.1016767844557762,-0.0041520581580698,0.0055161626078188,-0.0983116701245307,0.0031571057625114,-0.0010676509700715,-177.99671956809283,0.9772199784182367,-0.0349925719201565,-0.16368905618665902
5,multiposture,front,24,neutral_spinal_alignment,good,0.0257844850420951,-0.4883280396461487,-0.2920958995819092,0.0890268459916114,-0.5182164907455444,-0.142404094338417,-0.0623384229838848,-0.4763013422489166,-0.1685286909341812,0.1784652769565582,-0.3903041481971741,-0.0089622726663947,-0.1589990407228469,-0.4341738522052765,0.0192076973617076,0.1010377034544944,-0.0036021703854203,0.0090599991381168,-0.0977216958999633,0.0026541789993643,-0.0041891331784427,-172.59319761374084,0.918691696083609,0.016051366925239452,1.1234822448362651
5,multiposture,front,24,neutral_spinal_alignment,good,0.0067289578728377,-0.5098353028297424,-0.2662571370601654,0.0648531541228294,-0.5376922488212585,-0.1128987148404121,-0.0889812856912612,-0.481506735086441,-0.134960800409317,0.1720913350582122,-0.3940548300743103,0.0138455890119075,-0.1634015589952469,-0.4343201220035553,0.0478556379675865,0.1009102612733841,-0.0033707474358379,0.0091156745329499,-0.0975576713681221,0.0024907188490033,-0.0042179562151432,-173.15619209862746,0.9456143117888627,0.0023840698413550455,0.3695418453067167
5,multiposture,front,24,neutral_spinal_alignment,good,0.0038209008052945,-0.5062289834022522,-0.2617108523845672,0.0664050057530403,-0.5380712151527405,-0.1060466691851615,-0.0921050384640693,-0.4802488684654236,-0.1294298470020294,0.1705012917518615,-0.3956327140331268,0.0179138612002134,-0.1670597493648529,-0.4322260320186615,0.0587671510875225,0.1009141653776168,-0.0034467962104827,0.0081907715648412,-0.097510889172554,0.0025948532857,-0.0033637380693107,-173.81300906429584,0.927576368385261,0.002100129611790208,0.0026511157026986396
5,multiposture,front,24,neutral_spinal_alignment,good,0.0385763198137283,-0.466515451669693,-0.3066036999225616,0.1277494430541992,-0.5057097673416138,-0.1688073128461837,-0.0323675461113452,-0.4735237061977386,-0.1722223609685897,0.2097800523042678,-0.3632339239120483,-0.0520198568701744,-0.1039845123887062,-0.4574347734451294,0.0288569461554288,0.1059288159012794,0.023265091702342,0.0172165371477603,-0.104617491364479,-0.0293965470045804,-0.0131961647421121,-163.28878146122312,0.887838033921051,-0.014321450144052505,7.30966010389596
5,multiposture,front,24,neutral_spinal_alignment,good,0.0377423763275146,-0.4556189179420471,-0.3259795606136322,0.1302805989980697,-0.4985527992248535,-0.190626785159111,-0.0327045917510986,-0.4712573587894439,-0.1911330372095108,0.2072289437055587,-0.366813063621521,-0.0462371446192264,-0.1069959998130798,-0.4585768580436706,0.0236441008746624,0.1048023998737335,0.0222284886986017,0.0168590638786554,-0.1033017262816429,-0.0277773067355155,-0.0127506852149963,-163.72049684086045,0.8956454239910991,-0.012374095618724844,6.8669773833811165
5,multiposture,front,24,neutral_spinal_alignment,good,0.0528983362019062,-0.4705885946750641,-0.352976381778717,0.1236726120114326,-0.5128306746482849,-0.2195428013801574,-0.0350272841751575,-0.4544004201889038,-0.224438264966011,0.2236612141132354,-0.3544502556324005,-0.0914036855101585,-0.0982701852917671,-0.4361057877540588,-0.0277627948671579,0.1056836247444152,0.0236088931560516,0.0232822969555854,-0.1040309891104698,-0.0292216464877128,-0.019349543377757,-165.76749420435846,0.9250168969440455,-0.009797178208827952,8.958380956299957
5,multiposture,front,24,neutral_spinal_alignment,good,0.0653255805373191,-0.4820167124271393,-0.3081725239753723,0.1179156303405761,-0.5260918736457825,-0.1723447740077972,-0.0383061803877353,-0.4650425016880035,-0.1966944932937622,0.2119906693696975,-0.3678584396839142,-0.0625341981649398,-0.1049028635025024,-0.4412712156772613,0.0092636384069919,0.1055609807372093,0.0225175414234399,0.0221387278288602,-0.1039193868637085,-0.0280823707580566,-0.0181847289204597,-166.95672652079193,0.8497394895610769,0.011781677603721556,7.475811253586904
5,multiposture,front,24,neutral_spinal_alignment,good,-0.0042220279574394,-0.4542579352855682,-0.3742510974407196,0.0721615180373191,-0.5017610788345337,-0.2546314299106598,-0.0668855011463165,-0.4413015842437744,-0.2556250095367431,0.1934807300567627,-0.3887140452861786,-0.1009544134140014,-0.1432222425937652,-0.4309814870357513,-0.012545040808618,0.1088906526565551,0.010254324413836,0.0337112881243228,-0.1072977036237716,-0.0159443505108356,-0.0330646075308322,-172.84489879469547,0.8851726234378624,-0.029351271688938148,3.421371176951141
5,multiposture,front,24,neutral_spinal_alignment,good,-0.0003637585614342,-0.4673623442649841,-0.3444187343120575,0.0750502720475196,-0.5134809613227844,-0.2146510034799575,-0.0682336390018463,-0.456754058599472,-0.2161459922790527,0.1928577572107315,-0.3927935361862182,-0.0718310326337814,-0.1374165564775467,-0.4422582983970642,0.0076011149212718,0.1065210402011871,0.0125879487022757,0.032972902059555,-0.1040298342704773,-0.0177769716829061,-0.0310852192342281,-171.48219443272444,0.9042553704550242,-0.028084358928026607,3.650849464387685
5,multiposture,front,24,neutral_spinal_alignment,good,0.0602675527334213,-0.4828122556209564,-0.3312678933143616,0.1067599579691886,-0.5156680345535278,-0.1918662637472152,-0.0346132144331932,-0.4666666388511657,-0.2312787473201751,0.1968315988779068,-0.3921832740306854,-0.0540222972631454,-0.1310302019119262,-0.4455761909484863,0.009509989991784,0.1061813309788703,0.0133676948025822,0.0334604978561401,-0.103458397090435,-0.0184880960732698,-0.0314113572239875,-170.7504712295776,0.8204125022771831,0.02736685425043099,4.33229661350218
5,multiposture,front,24,neutral_spinal_alignment,good,0.0638010799884796,-0.4932157695293426,-0.3310102224349975,0.1058679223060607,-0.5239111185073853,-0.1920970529317855,-0.0338762626051902,-0.47244793176651,-0.2368439733982086,0.1976267546415329,-0.395608127117157,-0.0560761466622352,-0.1320871859788894,-0.4474785327911377,-0.0017961004050448,0.1056973710656166,0.0133511638268828,0.0342518128454685,-0.1029070913791656,-0.0183694418519735,-0.0320614762604236,-171.05953769021346,0.8319616374389315,0.031031295657157856,4.28195785065115
5,multiposture,front,24,neutral_spinal_alignment,good,0.0644915848970413,-0.4865554869174957,-0.3598678708076477,0.1070745810866355,-0.5197943449020386,-0.2226506322622299,-0.0324324555695056,-0.4693462252616882,-0.2572661638259887,0.1987123638391494,-0.3938872516155243,-0.0874388962984085,-0.132334217429161,-0.447272390127182,-0.0241433065384626,0.1054491996765136,0.0135045200586318,0.0347588099539279,-0.1026491224765777,-0.0184636767953634,-0.0325123704969882,-170.83925065256238,0.8117750966698961,0.031302511692047105,4.347952322648012
5,multiposture,front,24,neutral_spinal_alignment,good,0.0675755739212036,-0.4729165136814117,-0.3703332245349884,0.1076744943857193,-0.5095285773277283,-0.2353427857160568,-0.0330316349864006,-0.4582206010818481,-0.2705797851085663,0.1992054134607315,-0.3906807601451874,-0.0847609937191009,-0.130540519952774,-0.4442280232906341,-0.0254027601331472,0.1054347902536392,0.0141292288899421,0.0352932997047901,-0.102588303387165,-0.0190797038376331,-0.0331712923943996,-170.77628455456286,0.8149830810447062,0.03324312716722484,4.534253160786204
5,multiposture,front,24,neutral_spinal_alignment,good,0.0030551999807357,-0.5155358910560608,-0.3483373820781708,0.1081793159246444,-0.542304277420044,-0.2460916638374328,-0.0339069180190563,-0.4991708099842071,-0.2237534672021865,0.2332756072282791,-0.4027144610881805,-0.104688674211502,-0.1010326296091079,-0.4725865721702575,-0.0188902728259563,0.1122165545821189,0.0120043028146028,0.0194700974971056,-0.109797328710556,-0.0127204796299338,-0.0153694255277514,-168.19483020883575,1.0158805874923789,-0.0630662888288499,8.44335515998693
5,multiposture,front,24,neutral_spinal_alignment,good,-0.0111476490274071,-0.5297210812568665,-0.3282188773155212,0.0905260518193245,-0.5516113638877869,-0.2210248559713363,-0.0497490242123603,-0.5119438767433167,-0.2012420445680618,0.2228347510099411,-0.4114219546318054,-0.0796414911746978,-0.1060090363025665,-0.4772425889968872,-0.0094976658001542,0.110864445567131,0.010410008020699,0.0221181716769933,-0.1081453189253807,-0.0112721715122461,-0.0179487578570842,-168.68137671086708,1.0731901994482247,-0.0695605063810944,7.323903205519795
5,multiposture,front,24,neutral_spinal_alignment,good,0.0482686012983322,-0.5682830810546875,-0.2829085886478424,0.1291636675596237,-0.565372109413147,-0.1598912626504898,-0.0182187352329492,-0.5395733714103699,-0.1606721878051757,0.2216568142175674,-0.4112981557846069,-0.0450075939297676,-0.1081446707248687,-0.4815239012241363,0.0228960048407316,0.1106028631329536,0.0100423507392406,0.0227332841604948,-0.1078487932682037,-0.0108582777902483,-0.0185760706663131,-167.97934467821443,0.9417153385442155,-0.008487470448017141,7.078040468665187
5,multiposture,front,24,neutral_spinal_alignment,good,0.0747236460447311,-0.5310245156288147,-0.3380309045314789,0.1403987556695938,-0.5488126277923584,-0.2169903665781021,-0.0030383330304175,-0.5237206220626831,-0.2348860204219818,0.2181269973516464,-0.4130538702011108,-0.0880267918109893,-0.114140085875988,-0.4837082922458648,-0.0304450895637273,0.1107780039310455,0.0092356652021408,0.0245119761675596,-0.1079488322138786,-0.0099777858704328,-0.0204789284616708,-167.9952364304088,0.855485891582078,0.022730190306901904,6.441233045017643
5,multiposture,front,24,neutral_spinal_alignment,good,0.073219709098339,-0.5337497591972351,-0.3098094761371612,0.1355190128087997,-0.553493857383728,-0.1884299367666244,-0.0068038334138691,-0.5268282294273376,-0.2152458578348159,0.212281659245491,-0.42118901014328,-0.0652759298682212,-0.1215397417545318,-0.4889562726020813,-0.0187882389873266,0.1108808666467666,0.0078074452467262,0.0264658592641353,-0.1079463586211204,-0.0085924109444022,-0.022490344941616,-168.52463675260555,0.8582613290876595,0.0278487503528594,5.515354993378532
5,multiposture,front,24,neutral_spinal_alignment,good,0.0221120659261941,-0.5202440023422241,-0.3333535492420196,0.1173485293984413,-0.5391442179679871,-0.2268321216106414,-0.0293266810476779,-0.5036724805831909,-0.2000473290681839,0.239887997508049,-0.4094867408275604,-0.0718498155474662,-0.0850800424814224,-0.4726389944553375,-0.0073744994588196,0.1092335283756256,0.0167147107422351,0.017255276441574,-0.1067117676138877,-0.0181748028844594,-0.0128536401316523,-169.00257125665763,1.0330284746118368,-0.05529191158711921,9.810665080674475
5,multiposture,front,24,neutral_spinal_alignment,good,0.0453057736158371,-0.5190758109092712,-0.3860885798931122,0.1367562264204025,-0.5385468602180481,-0.2822738587856293,-0.0126753207296133,-0.5040246248245239,-0.2641321718692779,0.2435798346996307,-0.3984227776527405,-0.1415304094552993,-0.0780696272850036,-0.4745814502239227,-0.0592333637177944,0.1081943213939666,0.0160493329167366,0.0164485573768615,-0.105817899107933,-0.0177013892680406,-0.0120438300073146,-166.67908897804747,0.9573394337007402,-0.037449330091476454,10.604107705971693
6,multiposture,front,25,posterior_trunk_recline,bad,-0.0045611727982759,-0.5385989546775818,-0.1715451627969741,0.0798187851905822,-0.5383012890815735,-0.063173659145832,-0.0524028278887271,-0.5030836462974548,-0.057159274816513,0.1901143938302993,-0.3941381573677063,0.0617456063628196,-0.1403019875288009,-0.4583445191383362,0.1035465449094772,0.0962711125612258,0.0023394029121845,0.023919666185975,-0.0951650291681289,-0.0040077692829072,-0.0210358351469039,-169.0033546632914,1.0610471923309084,-0.02946737594902509,3.2764190421779156
6,multiposture,front,25,posterior_trunk_recline,bad,-0.0006440192228183,-0.5401932597160339,-0.1643670499324798,0.0814836025238037,-0.5428804159164429,-0.0545118935406208,-0.0542259104549884,-0.5095046758651733,-0.0505886524915695,0.190709188580513,-0.3997875452041626,0.0795395001769065,-0.1379301846027374,-0.4675545394420624,0.1169657707214355,0.0980137586593627,0.0027866505552083,0.0250586662441492,-0.0967815741896629,-0.0044900034554302,-0.0220519844442605,-168.3486472104087,1.0590118516873677,-0.027033521211706102,3.4078093268189886
6,multiposture,front,25,posterior_trunk_recline,bad,-1.4835411093372386e-05,-0.5391420722007751,-0.1698407083749771,0.0814732387661933,-0.5426434278488159,-0.0627997368574142,-0.0542829968035221,-0.5086057782173157,-0.0571611188352108,0.1911652982234954,-0.3998636305332184,0.0565862320363521,-0.1375812590122223,-0.4670385420322418,0.1023875176906585,0.098228171467781,0.0028925586957484,0.0253215115517377,-0.0970026478171348,-0.0045671877451241,-0.0222256444394588,-168.45136267423467,1.044737263854675,-0.026806855016729927,3.462982821657729
6,multiposture,front,26,thoracic_kyphotic_slouch,bad,-0.0237892344594001,0.0953827574849128,-0.5526918768882751,0.07488464564085,0.0013321870937943,-0.6823921203613281,-0.0599311664700508,-0.0479464270174503,-0.6909627914428711,0.1503542810678482,-0.0170966647565364,-0.4789581894874573,-0.1742670238018036,0.0276080910116434,-0.4173470735549927,0.1105948686599731,0.0112087558954954,0.0445948243141174,-0.1132120564579963,-0.0004308801144361,-0.0480736494064331,172.15891475687508,1.0309025892631705,-0.011832863092422409,-89.28315384315172
6,multiposture,front,26,thoracic_kyphotic_slouch,bad,0.0107051907107234,-0.5588034391403198,-0.38523069024086,0.0909250304102897,-0.5507988333702087,-0.2720077633857727,-0.0442437455058097,-0.5212117433547974,-0.2709181308746338,0.1848944425582885,-0.3807738125324249,-0.1633539199829101,-0.1460649222135543,-0.4395971596240997,-0.0984552279114723,0.1059822589159011,0.0057863597758114,0.0256655216217041,-0.1047009378671646,-0.0072978325188159,-0.0226200595498085,-169.92173019936467,0.9588248597147232,-0.008709569461643696,2.6254167257791985
6,multiposture,front,26,thoracic_kyphotic_slouch,bad,0.0172201637178659,-0.5582042336463928,-0.3766260743141174,0.0934339016675949,-0.550830602645874,-0.2614645361900329,-0.0394005440175533,-0.5216555595397949,-0.2648400664329529,0.1836634427309036,-0.3799627125263214,-0.1527242511510849,-0.1441024392843246,-0.4407769739627838,-0.0903495401144027,0.1057936996221542,0.0057943779975175,0.0257186237722635,-0.104504257440567,-0.0072802742943167,-0.0226805824786424,-169.48877093599015,0.9487433174709665,-0.002560338005423605,2.6746362711984584
6,multiposture,front,26,thoracic_kyphotic_slouch,bad,0.0185112599283456,-0.5551792979240417,-0.3882947266101837,0.0933399945497512,-0.5505809187889099,-0.2736496031284332,-0.0395096018910408,-0.5197453498840332,-0.2799741327762604,0.1843327581882476,-0.3801274001598358,-0.1622707247734069,-0.1442494392395019,-0.4403824210166931,-0.1020105630159378,0.1058606803417205,0.0057839006185531,0.0257640685886144,-0.1045777425169944,-0.0072597526013851,-0.0227301828563213,-169.6086198788971,0.9476496322668758,-0.0015303995460272495,2.7122651201426313
6,multiposture,front,26,thoracic_kyphotic_slouch,bad,-0.0010054870508611,0.0326585806906223,-0.7099987268447876,0.0842175260186195,-0.0429263561964035,-0.6840357780456543,-0.0272524561733007,-0.085375115275383,-0.6880102157592773,0.1508081257343292,0.00404386036098,-0.4083367884159088,-0.1171191483736038,0.0449427478015422,-0.3409506380558014,0.0914154201745987,0.0043399133719503,0.0399182513356208,-0.095819853246212,0.0035931339953094,-0.0367207080125808,171.32084378186727,0.8755820784680711,-0.017849975731223794,137.14190265075845
6,multiposture,front,26,thoracic_kyphotic_slouch,bad,0.0060526560992002,0.1581369489431381,-0.6148324012756348,0.0717179477214813,0.0643335208296775,-0.658179759979248,-0.0503061674535274,0.0264536533504724,-0.6433176398277283,0.1438171863555908,0.0842160359025001,-0.4081172049045563,-0.1360831260681152,0.1285196840763092,-0.3399079442024231,0.0968700796365737,0.0147304506972432,0.0391305945813655,-0.09963059425354,-0.0079624857753515,-0.0360315069556236,171.00563261112745,0.8336268728899834,0.002185625955462407,177.08315844675454
6,multiposture,front,26,thoracic_kyphotic_slouch,bad,0.014148992486298,-0.5522375702857971,-0.3840276896953583,0.0900909528136253,-0.5499649047851562,-0.2704911231994629,-0.045246422290802,-0.5198878645896912,-0.2739517092704773,0.1861532926559448,-0.3829907476902008,-0.1566757559776306,-0.1480138003826141,-0.4387086927890777,-0.096219778060913,0.106417715549469,0.0058473250828683,0.0257379114627838,-0.105128638446331,-0.0074096960015594,-0.0226969718933105,-170.53376920730548,0.9491228547979826,-0.004920753650367345,2.5726847197539144
6,multiposture,front,26,thoracic_kyphotic_slouch,bad,0.0184520911425352,-0.5514323115348816,-0.3968551754951477,0.0923593267798423,-0.5492949485778809,-0.2840748727321625,-0.0401708930730819,-0.5164465308189392,-0.2893975377082824,0.185509443283081,-0.3802727162837982,-0.1703195720911026,-0.1445085555315017,-0.4392985701560974,-0.1084513366222381,0.1058490127325058,0.0058205355890095,0.0256693363189697,-0.104567714035511,-0.0073078642599284,-0.022642895579338,-169.85950221451077,0.9419625872471368,-0.002048352733254457,2.7796402858733855
6,multiposture,front,26,thoracic_kyphotic_slouch,bad,0.0170292239636182,-0.5514223575592041,-0.3869357705116272,0.0912250056862831,-0.5494981408119202,-0.2725807130336761,-0.0422323904931545,-0.516453742980957,-0.2769224643707275,0.184378519654274,-0.380349338054657,-0.1616105884313583,-0.1445360630750656,-0.439367800951004,-0.0964556038379669,0.1057209447026252,0.0059115774929523,0.0255350843071937,-0.1044539734721183,-0.007398510351777,-0.0225027631968259,-169.82744043072842,0.9370840879410449,-0.0028920043259859883,2.6992124644345923
6,multiposture,front,26,thoracic_kyphotic_slouch,bad,0.0195457730442285,-0.5495334267616272,-0.3848625123500824,0.0918311551213264,-0.5495933890342712,-0.2706755995750427,-0.0413002222776412,-0.5144985318183899,-0.2779722809791565,0.1857059001922607,-0.3804174363613128,-0.1604553759098053,-0.1437485069036483,-0.4388301074504852,-0.0984828919172287,0.1057386025786399,0.0059387134388089,0.0255966000258922,-0.104483462870121,-0.0074298623949289,-0.0225829910486936,-169.9458719391098,0.9387284066438153,-0.001432923600077695,2.8494358824880472
6,multiposture,front,26,thoracic_kyphotic_slouch,bad,-0.010266481898725,-0.0854767635464668,-0.5853271484375,0.079393945634365,-0.1850748211145401,-0.5385364294052124,-0.0456548035144805,-0.1339846402406692,-0.5388591289520264,0.1888165920972824,-0.2190993726253509,-0.3416661024093628,-0.13498055934906,-0.2699711620807647,-0.298379123210907,0.1032696962356567,0.0027956678532063,0.0276840776205062,-0.103271909058094,-0.0064381496049463,-0.0267798509448766,-171.07124383704772,0.9411506898525941,-0.0371844982728362,6.328741598079862
6,multiposture,front,26,thoracic_kyphotic_slouch,bad,-0.0097193950787186,-0.1306808739900589,-0.65487140417099,0.0844582319259643,-0.2134448140859604,-0.5626956820487976,-0.0512232705950737,-0.1594571471214294,-0.5609135627746582,0.1859583407640457,-0.2016491591930389,-0.3466660976409912,-0.1306575536727905,-0.2505783438682556,-0.3081118464469909,0.1035729944705963,0.0016188088338822,0.0301403477787971,-0.1033569425344467,-0.0052268509753048,-0.02829553745687,-171.2151188608131,0.9626967951020294,-0.037369788624346194,7.000149929996072
6,multiposture,front,26,thoracic_kyphotic_slouch,bad,-0.1059114560484886,-0.1812971085309982,-0.6556780338287354,0.010427813977003,-0.2505566477775574,-0.5828578472137451,-0.1109048649668693,-0.1915554255247116,-0.5836494565010071,0.1606270223855972,-0.1801415830850601,-0.3652902245521545,-0.1579306721687317,-0.2172268778085708,-0.3189544677734375,0.1048428937792778,0.0030878572724759,0.0256526824086904,-0.1044226139783859,-0.0068798246793448,-0.0239610094577074,-173.35973006622743,1.1504981035233577,-0.10725963115692136,0.33134035470166023
6,multiposture,front,26,thoracic_kyphotic_slouch,bad,0.0076203676871955,-0.1057735607028007,-0.6331570744514465,0.0974050015211105,-0.1903396248817443,-0.5592895746231079,-0.0330312326550483,-0.1613501906394958,-0.5643271803855896,0.1859762370586395,-0.188634991645813,-0.3553740680217743,-0.132984846830368,-0.2610018849372864,-0.3114878833293915,0.1046484783291816,0.0024452519137412,0.0292747467756271,-0.1040779054164886,-0.0059114987961947,-0.0268737487494945,-167.21696089857625,0.8866948526986912,-0.018875327426940258,6.70098982670272
6,multiposture,front,26,thoracic_kyphotic_slouch,bad,-0.0291811022907495,-0.2567408382892608,-0.6706950664520264,0.0781360268592834,-0.290810227394104,-0.5669575929641724,-0.0653988644480705,-0.2559377551078796,-0.5651670694351196,0.1921657770872116,-0.1966158896684646,-0.3671051561832428,-0.133786454796791,-0.2612680196762085,-0.3327586054801941,0.1053642407059669,0.0043334788642823,0.031021611765027,-0.1048349514603614,-0.007355554960668,-0.0288330055773258,-168.7810820093987,1.0754971999133136,-0.05837076343595981,7.2480537605870285
6,multiposture,front,26,thoracic_kyphotic_slouch,bad,-0.0626552030444145,-0.2176731079816818,-0.6790487766265869,0.0268833246082067,-0.2645739018917084,-0.5896689891815186,-0.0987212434411048,-0.2340416461229324,-0.5535513758659363,0.1697574257850647,-0.1844081431627273,-0.3736907839775085,-0.1626248210668563,-0.2573944330215454,-0.3231489062309265,0.106139063835144,0.0066521945409476,0.0284470245242118,-0.1058344170451164,-0.0093473643064498,-0.0256526656448841,-167.61524141498703,1.0359898074486253,-0.0662215054035187,0.8908564060266655
6,multiposture,front,26,thoracic_kyphotic_slouch,bad,0.0054910206235945,-0.5730988383293152,-0.368688017129898,0.0761744752526283,-0.5763771533966064,-0.2411857992410659,-0.0656825825572013,-0.5298131704330444,-0.2511109411716461,0.1838420331478119,-0.415186196565628,-0.1278222501277923,-0.1596414297819137,-0.4575254321098327,-0.0638717710971832,0.1078930124640464,0.0034825240727514,0.0201677270233631,-0.1059851050376892,-0.005266522988677,-0.015687758103013,-172.97292493727042,0.9270321642044014,-0.006609281059354594,1.466251050191424
6,multiposture,front,26,thoracic_kyphotic_slouch,bad,0.0079463059082627,-0.5719398856163025,-0.3673101663589477,0.0749450400471687,-0.5751999020576477,-0.2396048009395599,-0.0645882487297058,-0.5275485515594482,-0.255027174949646,0.1792653501033783,-0.4141483306884765,-0.1273860037326812,-0.161686360836029,-0.4539406299591064,-0.0696587711572647,0.1075658872723579,0.0030491352081298,0.0208861343562603,-0.1056532487273216,-0.004626156296581,-0.0164641793817281,-173.3431544877644,0.9228250960608494,-0.0008431887254119492,1.0357826028065742
6,multiposture,front,26,thoracic_kyphotic_slouch,bad,0.0078002572990953,-0.5692342519760132,-0.3618345856666565,0.0765769928693771,-0.5719790458679199,-0.2349067628383636,-0.0629313364624977,-0.5265586376190186,-0.2467896342277526,0.1823891252279281,-0.4117976725101471,-0.1248988807201385,-0.1605553925037384,-0.4534071981906891,-0.0649894028902053,0.1074205785989761,0.0025512755382806,0.0216059926897287,-0.1054904460906982,-0.0040650144219398,-0.0172832831740379,-173.08210572457548,0.9261663223742266,-0.003116609062999551,1.3201368385698846
6,multiposture,front,26,thoracic_kyphotic_slouch,bad,0.0107798920944333,-0.5686072111129761,-0.3627449870109558,0.0782698616385459,-0.5722121596336365,-0.2353992760181427,-0.0611403509974479,-0.5267983078956604,-0.2481946051120758,0.1844904869794845,-0.4128075540065765,-0.1225929111242294,-0.1593937575817108,-0.4544271826744079,-0.0668200552463531,0.1073668301105499,0.0024323237594217,0.021917700767517,-0.1054552718997001,-0.0039176712743937,-0.0175795257091522,-173.09916868955682,0.9302439571444792,-0.0017684726044535568,1.534040951497246
6,multiposture,front,26,thoracic_kyphotic_slouch,bad,0.0105346580967307,-0.5689209699630737,-0.36118283867836,0.0784944295883178,-0.5719255805015564,-0.2339147925376892,-0.0612744577229023,-0.5268429517745972,-0.245864138007164,0.1843609064817428,-0.4126268327236175,-0.1215520873665809,-0.15982586145401,-0.4547347128391266,-0.05924878641963,0.107347197830677,0.0025651201140135,0.0218038242310285,-0.1054151132702827,-0.0040276325307786,-0.0175135843455791,-173.02508287287225,0.9171577874131505,-0.0017328644171356964,1.4952785070601058
6,multiposture,front,26,thoracic_kyphotic_slouch,bad,0.0820730179548263,-0.4620141088962555,-0.3613470494747162,0.105772890150547,-0.4884530007839203,-0.2300641387701034,-0.0182722955942153,-0.44163978099823,-0.2674184739589691,0.182121068239212,-0.3544321358203888,-0.1061394959688186,-0.1317043900489807,-0.4168173372745514,-0.0461003668606281,0.0995090752840042,0.0156205371022224,0.0203541591763496,-0.0983423739671707,-0.021682109683752,-0.0180284697562456,-168.75677279363242,0.7677216908815433,0.05686467885971065,3.6826626421717776
6,multiposture,front,26,thoracic_kyphotic_slouch,bad,0.0631286054849624,-0.458429217338562,-0.3795102536678314,0.0982306078076362,-0.4797835946083069,-0.2525882422924042,-0.0298429038375616,-0.430929958820343,-0.2898451089859009,0.1831747144460678,-0.3486573696136474,-0.1227834671735763,-0.1327386051416397,-0.409287691116333,-0.0542402304708957,0.0991774424910545,0.0145722208544611,0.0193616952747106,-0.0982048958539962,-0.0204588398337364,-0.0167617760598659,-169.13585393015381,0.7938307489502953,0.037910550832748344,3.762975415515311
6,multiposture,front,26,thoracic_kyphotic_slouch,bad,-0.0813134163618087,-0.4765078425407409,-0.3606981635093689,0.0297530516982078,-0.4859815239906311,-0.2557859420776367,-0.1031985655426979,-0.4594716727733612,-0.226289227604866,0.1414648592472076,-0.3474065363407135,-0.1197097301483154,-0.1711176484823227,-0.4040113389492035,-0.0201843976974487,0.1036980301141738,0.0109234070405364,0.0227511227130889,-0.1028906926512718,-0.0172868501394987,-0.0200209617614746,-169.7356808930825,0.980874443722934,-0.06648702174425115,-2.3411246971967725
6,multiposture,front,26,thoracic_kyphotic_slouch,bad,0.0007876273011788,-0.4823350310325622,-0.3764632046222687,0.0731981843709945,-0.4875524342060089,-0.2448006868362426,-0.0661500915884971,-0.454133540391922,-0.255898654460907,0.1603965759277343,-0.3373206555843353,-0.11691614985466,-0.1553698629140854,-0.3944044411182403,-0.0540402941405773,0.1034094169735908,0.0093531347811222,0.0251834858208894,-0.1025656014680862,-0.0153955146670341,-0.0221078172326087,-169.7528268087919,0.9147780210329566,-0.0017257292056456516,0.33025413671275905
6,multiposture,front,26,thoracic_kyphotic_slouch,bad,0.0126624908298254,-0.4837604761123657,-0.3773366808891296,0.0747860893607139,-0.495931327342987,-0.231985256075859,-0.0671403035521507,-0.4453385472297668,-0.2635321021080017,0.1650397777557373,-0.3420148491859436,-0.1066758334636688,-0.156997948884964,-0.3884625136852264,-0.0609575361013412,0.1042844727635383,0.0082030408084392,0.0273415464907884,-0.1033926606178283,-0.0140821198001503,-0.0240061338990926,-171.79279832182013,0.9191991868219009,0.008641576394438742,0.5653511683260066
6,multiposture,front,26,thoracic_kyphotic_slouch,bad,0.0057512316852808,-0.4838704168796539,-0.3681283295154571,0.0708917379379272,-0.4983279407024383,-0.2289579361677169,-0.0685008913278579,-0.4478380084037781,-0.2557653784751892,0.1624032407999038,-0.3482798933982849,-0.1037868857383728,-0.1580658107995987,-0.3926727473735809,-0.0539420545101165,0.1044994592666626,0.0077721737325191,0.0272385738790035,-0.1035757437348365,-0.0135561730712652,-0.0238624084740877,-172.11331432953162,0.9179548300229059,0.0035825166851282536,0.26604783548783245
6,multiposture,front,26,thoracic_kyphotic_slouch,bad,0.0038575711660087,-0.4762341976165771,-0.4067828357219696,0.0699776858091354,-0.4906002283096313,-0.2737998366355896,-0.0695709139108657,-0.4442017376422882,-0.2916918396949768,0.1627588868141174,-0.3458540141582489,-0.1321935057640075,-0.1593250334262848,-0.3912544548511505,-0.0870856568217277,0.1044714152812957,0.0077280174009501,0.0290815643966197,-0.1035566478967666,-0.0135053284466266,-0.0257538091391325,-171.9765388674325,0.9298922314480544,0.002140644472092393,0.19735577218086137
6,multiposture,front,26,thoracic_kyphotic_slouch,bad,0.0011511218035593,-0.4758877456188202,-0.4001719057559967,0.069110982120037,-0.490701675415039,-0.2675808668136596,-0.0713500380516052,-0.4442076683044433,-0.2846454381942749,0.1624460220336914,-0.3462418913841247,-0.1321700364351272,-0.1597124636173248,-0.390952467918396,-0.0790283381938934,0.1046737432479858,0.0076498864218592,0.0289430785924196,-0.1037250235676765,-0.0134124057367444,-0.0255669802427291,-172.098710085528,0.9173985155347959,-0.00021565740462400245,0.13981278653556903
6,multiposture,front,26,thoracic_kyphotic_slouch,bad,-0.0217093415558338,-0.420833557844162,-0.4039283394813537,0.0690325126051902,-0.4912467896938324,-0.3018276691436767,-0.0768167078495025,-0.4225545227527618,-0.269175112247467,0.2005571722984314,-0.3965069949626922,-0.1370973587036132,-0.1616994738578796,-0.4196810126304626,-0.0628254413604736,0.104250319302082,0.0049381051212549,0.0201212167739868,-0.1044923663139343,-0.008680316619575,-0.0169646739959716,-176.33970382858973,0.9441684164372441,-0.041138190776109695,2.755289337154835
6,multiposture,front,26,thoracic_kyphotic_slouch,bad,-0.0106932101771235,-0.5105673670768738,-0.4246617555618286,0.0774180218577385,-0.5354311466217041,-0.2989729642868042,-0.0688157305121421,-0.4913404881954193,-0.2980112135410309,0.1874431520700454,-0.3953980207443237,-0.1668152809143066,-0.1576348841190338,-0.4552898108959198,-0.098394364118576,0.1026566177606582,0.0055267917923629,0.0276120286434888,-0.1019227802753448,-0.0090407505631446,-0.0252648890018463,-170.15382083588952,0.9527699542202894,-0.025597344152629285,1.9655806844728299
6,multiposture,front,26,thoracic_kyphotic_slouch,bad,-0.0067023285664618,-0.5115440487861633,-0.4482619762420654,0.0787741392850875,-0.5337158441543579,-0.3242374956607818,-0.068198412656784,-0.4892025291919708,-0.3210445344448089,0.1889920234680175,-0.3920738101005554,-0.1881178766489029,-0.1583076566457748,-0.4524718821048736,-0.1156610623002052,0.1025587990880012,0.005807879846543,0.0280840303748846,-0.1016074642539024,-0.0092550786212086,-0.0257904920727014,-170.13449288197864,0.9365226515825632,-0.022044511977583142,2.0245763972837665
6,multiposture,front,26,thoracic_kyphotic_slouch,bad,-0.0059187742881476,-0.5113227367401123,-0.4140685200691223,0.0795705020427703,-0.5363379120826721,-0.2945717573165893,-0.0670816153287887,-0.490462452173233,-0.2882080972194671,0.1912572830915451,-0.3956115543842315,-0.1611620783805847,-0.1568833142518997,-0.4546361863613128,-0.0860115960240364,0.1024190932512283,0.0060734041035175,0.028473125770688,-0.1013788804411888,-0.0095284720882773,-0.0262433383613824,-170.37743239486005,0.9326391527443625,-0.023105758707970308,2.2542683786790403
6,multiposture,front,26,thoracic_kyphotic_slouch,bad,-0.0068092020228505,-0.5091291069984436,-0.4247997999191284,0.0800665766000747,-0.5321593880653381,-0.3045408427715301,-0.0669909790158271,-0.4893318116664886,-0.2968819439411163,0.1911741197109222,-0.3910635709762573,-0.1646346002817154,-0.1556186228990554,-0.454005092382431,-0.0921400114893913,0.1019846424460411,0.0063858735375106,0.0284657143056392,-0.1009522080421447,-0.0098093328997492,-0.0262399911880493,-169.71301936770854,0.9430873218832292,-0.024586950428783907,2.348872808065735
6,multiposture,front,26,thoracic_kyphotic_slouch,bad,-0.0083120903000235,-0.5106926560401917,-0.4235208630561828,0.078911580145359,-0.5336561799049377,-0.3018641769886017,-0.0679608806967735,-0.4890984892845154,-0.298187106847763,0.190689817070961,-0.3920417129993438,-0.163411945104599,-0.1561058163642883,-0.4527777135372162,-0.094507448375225,0.1019157692790031,0.0065771248191595,0.0282401591539382,-0.1008401289582252,-0.0099978540092706,-0.0260214190930128,-170.06625803000745,0.9535452508816223,-0.02560409065335985,2.2805759266073613
6,multiposture,front,26,thoracic_kyphotic_slouch,bad,-0.0037466965150088,-0.570260226726532,-0.3423089385032654,0.0855482891201973,-0.5709535479545593,-0.2206365317106247,-0.0611631833016872,-0.5318232774734497,-0.2148440927267074,0.1896587014198303,-0.3992599844932556,-0.1104582473635673,-0.1482657045125961,-0.4649566411972046,-0.0427780039608478,0.1028501093387603,0.0070384796708822,0.033992800861597,-0.1018794551491737,-0.010111479088664,-0.0313766188919544,-168.99823450222866,0.9946778130804764,-0.024443194968625896,2.687508529382461
6,multiposture,front,26,thoracic_kyphotic_slouch,bad,-0.0096406545490026,-0.5582776665687561,-0.3594348132610321,0.0799900963902473,-0.5624223351478577,-0.2386801391839981,-0.0645355582237243,-0.5203196406364441,-0.2290017008781433,0.1873469352722168,-0.3944557309150696,-0.1254848390817642,-0.1501367539167404,-0.4590254127979278,-0.052127368748188,0.1027898415923118,0.0071765589527785,0.0327134542167186,-0.1018366515636444,-0.0103082731366157,-0.0300205461680889,-169.16867822302194,0.985160528776478,-0.028245745226740802,2.4414846502536767
6,multiposture,front,26,thoracic_kyphotic_slouch,bad,-0.0168238319456577,-0.4915187954902649,-0.3724530041217804,0.0710685402154922,-0.538441002368927,-0.2582606375217438,-0.0724899694323539,-0.4940545558929443,-0.2459102571010589,0.1832000762224197,-0.4130105674266815,-0.1226014047861099,-0.1571298241615295,-0.4659659266471863,-0.0529518648982048,0.1042074710130691,0.0063933404162526,0.0309905111789703,-0.1028707176446914,-0.009682104922831,-0.0281161237508058,-171.15569474802405,0.9418616255334833,-0.029858957976102798,1.6178694504091196
6,multiposture,front,26,thoracic_kyphotic_slouch,bad,-0.0242130421102046,-0.4855603873729706,-0.389334112405777,0.0621381886303424,-0.5342329144477844,-0.2776139080524444,-0.0788685902953147,-0.4833825826644897,-0.2663690149784088,0.1825681328773498,-0.4140650629997253,-0.1412723362445831,-0.1567635089159011,-0.4616119563579559,-0.0708365589380264,0.1044567003846168,0.0059368265792727,0.0308920200914144,-0.1030701026320457,-0.0092948209494352,-0.0280613675713539,-172.02368883343007,0.956492748111522,-0.03711535409092895,1.6034094933368281
6,multiposture,front,26,thoracic_kyphotic_slouch,bad,-0.0248970761895179,-0.4777825176715851,-0.3909362852573395,0.0603946968913078,-0.5305367708206177,-0.2788307666778564,-0.0804274380207061,-0.4780189096927643,-0.2678971290588379,0.1818315982818603,-0.4137183725833893,-0.1416350305080413,-0.1580720841884613,-0.4607298076152801,-0.0685167163610458,0.1047661378979682,0.0059658302925527,0.0299048461019992,-0.1033727824687957,-0.0094297584146261,-0.0271945837885141,-172.12548644717353,0.9452611041384978,-0.036776833236217395,1.4709851807213856
6,multiposture,front,26,thoracic_kyphotic_slouch,bad,-0.0060633518733084,-0.4361063539981842,-0.3774796724319458,0.0868052914738655,-0.49019655585289,-0.2837490439414978,-0.0485712699592113,-0.459786981344223,-0.2648372948169708,0.1967221796512603,-0.4083663523197174,-0.1137076243758201,-0.135241761803627,-0.4647377133369446,-0.0476511567831039,0.1011499911546707,0.0034722201526165,0.0218859799206256,-0.0997698530554771,-0.0047297561541199,-0.0188277959823608,-170.36244080382892,0.9394695227501239,-0.03680356079712505,3.9434158554600303
6,multiposture,front,26,thoracic_kyphotic_slouch,bad,-0.0797761380672454,-0.4846058189868927,-0.3594896197319031,0.0589754842221736,-0.4966816008090973,-0.3111056685447693,-0.0523791015148162,-0.485845685005188,-0.2362739741802215,0.1920861005783081,-0.3853223621845245,-0.1513496488332748,-0.1322496235370636,-0.4637755751609802,-0.0455833747982978,0.100167267024517,0.0040124673396348,0.020915325731039,-0.0988834276795387,-0.0052533387206494,-0.0179155729711055,-166.4019787404737,1.117738959649769,-0.10969437658786765,3.9505490606174347
6,multiposture,front,26,thoracic_kyphotic_slouch,bad,0.0166611839085817,-0.0878936126828193,-0.634268581867218,0.0993616208434104,-0.1852456182241439,-0.726859986782074,-0.0456928387284278,-0.1995553076267242,-0.7137154936790466,0.1777089834213256,-0.2150538712739944,-0.4531739354133606,-0.1010402292013168,-0.0689184069633483,-0.3647350370883941,0.1085292026400566,0.0013639600947499,0.0424946211278438,-0.111768901348114,0.0107642030343413,-0.0406769886612892,152.3340326746506,0.9286028174360172,-0.0216731932014227,15.102601305219348
6,multiposture,front,26,thoracic_kyphotic_slouch,bad,0.0098724346607923,-0.1113957837224006,-0.6124891638755798,0.107430100440979,-0.1989938169717788,-0.7187196016311646,-0.0286582615226507,-0.2285746484994888,-0.7236212491989136,0.2024454474449157,-0.1998486667871475,-0.4590729773044586,-0.0944509804248809,-0.0852711349725723,-0.3595218062400818,0.1081326007843017,-0.004846045281738,0.0398263856768608,-0.1125733256340026,0.0134133026003837,-0.0382285267114639,158.8975249922964,0.9517633470811778,-0.04412479884922509,20.94885131411286
6,multiposture,front,26,thoracic_kyphotic_slouch,bad,0.0191893950104713,-0.0054528946056962,-0.6211827993392944,0.1087079867720604,-0.0992518588900566,-0.6609718203544617,-0.005313912872225,-0.1352539956569671,-0.6724440455436707,0.1865790039300918,-0.089596226811409,-0.4187996685504913,-0.0973173156380653,-0.0078348815441131,-0.3391518592834472,0.0994019657373428,-0.0085390442982316,0.0383716225624084,-0.1033819317817688,0.015156703069806,-0.0365096889436244,163.93374757936198,0.9037528044050072,-0.025441449135541954,41.86460328424164
6,multiposture,front,26,thoracic_kyphotic_slouch,bad,-0.0100460117682814,-0.5064355731010437,-0.4252942502498626,0.0675024539232254,-0.5219668745994568,-0.3291704058647156,-0.0600380152463912,-0.4779994785785675,-0.3181646466255188,0.1736141890287399,-0.3683044910430908,-0.1948162913322448,-0.1436813771724701,-0.4201160371303558,-0.1198150441050529,0.1050866842269897,0.0012862245785072,0.0254130698740482,-0.1041739732027053,-0.0025338460691273,-0.0226691588759422,-170.72595800571932,0.9449752693251292,-0.025012417696416305,2.1113234663380607
6,multiposture,front,26,thoracic_kyphotic_slouch,bad,-0.0084758941084146,-0.5084762573242188,-0.4159162640571594,0.0702772140502929,-0.5229734182357788,-0.3179784119129181,-0.0587609857320785,-0.4818606376647949,-0.3056863844394684,0.1743323355913162,-0.3689274191856384,-0.1842254251241684,-0.143247976899147,-0.4252904951572418,-0.1084377691149711,0.1052984595298767,0.0015644342638552,0.0254709776490926,-0.1043363586068153,-0.0028130183927714,-0.0227472763508558,-169.93613009332955,0.9438670072951904,-0.024018073454499196,2.175429429843516
6,multiposture,front,26,thoracic_kyphotic_slouch,bad,-0.0055950433015823,-0.5086029767990112,-0.4123754203319549,0.0732902288436889,-0.5235584378242493,-0.3146774172782898,-0.0561534762382507,-0.4826935529708862,-0.3045426309108734,0.1773278713226318,-0.3698676824569702,-0.1816255301237106,-0.1412039548158645,-0.4279840290546417,-0.1071128696203231,0.1055594906210899,0.0019362351158633,0.0253780521452426,-0.1045475080609321,-0.0031947048846632,-0.022671764716506,-169.66007792009628,0.9472842664381421,-0.023657001554965952,2.5238279626551816
6,multiposture,front,26,thoracic_kyphotic_slouch,bad,-0.0086585730314254,-0.518004834651947,-0.412865549325943,0.0702983438968658,-0.5271316766738892,-0.3159705102443695,-0.0580008216202259,-0.4875839650630951,-0.3039501011371612,0.1694666743278503,-0.3683902323246002,-0.1831598430871963,-0.1450749635696411,-0.4214742481708526,-0.1078340262174606,0.1042930856347084,0.0005133753293193,0.0254061315208673,-0.1035220772027969,-0.0016590435989201,-0.0225988756865263,-170.42067124791723,0.9399434608092616,-0.020854428410529986,1.7153922794613203
6,multiposture,front,26,thoracic_kyphotic_slouch,bad,-0.0150054199621081,-0.5077646970748901,-0.429302304983139,0.0644194409251213,-0.5228083729743958,-0.3327818810939789,-0.0624586269259452,-0.4777154326438904,-0.3232170641422272,0.1700374186038971,-0.3679731786251068,-0.1988660097122192,-0.145375445485115,-0.4188745617866516,-0.1250806599855423,0.104532666504383,0.0006209093844518,0.0253250710666179,-0.1037263199687004,-0.0017904174746945,-0.0225392300635576,-170.83263539981243,0.953962257846946,-0.02733640652149915,1.7391431540984719
6,multiposture,front,26,thoracic_kyphotic_slouch,bad,-0.0100655881687998,-0.5072197914123535,-0.4264941215515136,0.067938432097435,-0.5227378010749817,-0.3293929100036621,-0.060196716338396,-0.4777844548225403,-0.3190325796604156,0.1740949302911758,-0.3682306110858917,-0.1946426331996917,-0.143392413854599,-0.4193661212921142,-0.1212185099720954,0.1048959419131279,0.0010952712036669,0.0252927932888269,-0.1040050536394119,-0.0023290610406547,-0.0225312486290931,-170.85033968478083,0.9494354068124912,-0.025416846387088195,2.1710876581550553
6,multiposture,front,26,thoracic_kyphotic_slouch,bad,-0.0155475502833724,-0.45953369140625,-0.4251085519790649,0.0766573846340179,-0.4969878196716308,-0.3187532722949981,-0.066864863038063,-0.4545938670635223,-0.3017832040786743,0.1830148547887802,-0.37729212641716,-0.1580855250358581,-0.1331211179494857,-0.4366959035396576,-0.0802930742502212,0.1068600043654441,0.0064178532920777,0.0194120816886425,-0.1058527082204818,-0.0082289893180131,-0.0161693505942821,-169.35788639792028,0.9390359658183447,-0.04049441870301966,3.444583769715408
6,multiposture,front,26,thoracic_kyphotic_slouch,bad,-0.0147902397438883,-0.4606899619102478,-0.4316544830799103,0.0757938548922538,-0.4983904957771301,-0.3260405659675598,-0.067252866923809,-0.4562489688396454,-0.3119847774505615,0.1829257905483245,-0.3785946071147918,-0.1641930639743805,-0.1339738816022873,-0.4383807480335235,-0.087163046002388,0.1070077046751976,0.0065812245011329,0.0195153579115867,-0.1059976145625114,-0.0083767566829919,-0.0162607058882713,-169.31617877429264,0.9380643834664725,-0.039266194216906906,3.3657647466753895
6,multiposture,front,26,thoracic_kyphotic_slouch,bad,-0.015119407325983,-0.4589565098285675,-0.4319198131561279,0.076587364077568,-0.4967510402202606,-0.3269668221473694,-0.0662590786814689,-0.4557263851165771,-0.3097942173480987,0.1838433146476745,-0.3766282498836517,-0.1648285388946533,-0.1331677287817001,-0.4380950629711151,-0.0865381732583046,0.1070882529020309,0.0068356748670339,0.0194332599639892,-0.1060613617300987,-0.0086284540593624,-0.0161588340997695,-169.02680375145687,0.9384095186674127,-0.0404572002589702,3.4949255563291084
6,multiposture,front,26,thoracic_kyphotic_slouch,bad,-0.0177103225141763,-0.4681459069252014,-0.4455859661102295,0.0742176249623298,-0.5042255520820618,-0.3484184741973877,-0.0619136914610862,-0.460035502910614,-0.3289206624031067,0.1797531098127365,-0.3742091059684753,-0.1913013160228729,-0.1317701488733291,-0.4314019381999969,-0.1150301173329353,0.1065131947398185,0.0053686290048062,0.0195409599691629,-0.1056341230869293,-0.0072359861806035,-0.0163434147834777,-169.59686580966584,0.9538378588086109,-0.04170180298388,3.3540177129047373
6,multiposture,front,26,thoracic_kyphotic_slouch,bad,-0.0207239966839551,-0.4547770917415619,-0.450810045003891,0.0715615674853324,-0.4934140145778656,-0.3511806726455688,-0.067474864423275,-0.4512618482112884,-0.3316616117954254,0.179674357175827,-0.3770710527896881,-0.1911577880382537,-0.1335470080375671,-0.4320666193962097,-0.1144182831048965,0.1064270660281181,0.0054464279673993,0.019664779305458,-0.1055114269256591,-0.007322063203901,-0.016469607129693,-170.04148532593052,0.948071111165284,-0.04378767125308504,3.2055722434487106
6,multiposture,front,26,thoracic_kyphotic_slouch,bad,-0.0167883299291133,-0.4574921429157257,-0.4369999468326568,0.0746996030211448,-0.4956497848033905,-0.3314204514026642,-0.0670225694775581,-0.4525243937969208,-0.3140333890914917,0.1825654506683349,-0.3776453137397766,-0.1674025803804397,-0.1332134157419204,-0.4348252415657043,-0.0891284570097923,0.1067132130265235,0.0059145893901586,0.0196714494377374,-0.1057372838258743,-0.007751615718007,-0.0164690688252449,-169.73633013765848,0.9377950557309014,-0.041464347392320564,3.415184827291446
6,multiposture,front,27,lateral_trunk_tilt_left,bad,0.2603836059570312,-0.409850001335144,-0.1851365864276886,0.3438947796821594,-0.4352487027645111,-0.073876142501831,0.1982129514217376,-0.4473223090171814,-0.0846863016486167,0.378257691860199,-0.2976092398166656,0.0804260969161987,0.1500454097986221,-0.4698523283004761,0.0916616916656494,0.0870463997125625,0.0315081849694252,0.0564966201782226,-0.0833076983690261,-0.03211110830307,-0.0553511381149292,-142.956340960106,1.0247169059209151,-0.0037679448723793585,34.373812051592495
6,multiposture,front,27,lateral_trunk_tilt_left,bad,0.2195559740066528,-0.3835175335407257,-0.3660319745540619,0.3162988424301147,-0.3818519711494446,-0.279603898525238,0.1733408570289611,-0.3960331380367279,-0.2606599032878876,0.3624336421489715,-0.2349064350128173,-0.1229153797030448,0.1437754929065704,-0.4003978669643402,-0.0702728256583213,0.0862695202231407,0.0332730636000633,0.0474614575505256,-0.0823507308959961,-0.0337247587740421,-0.0466542728245258,-142.8797404900352,1.0424352511567239,-0.033548593521118136,38.35076547369294
6,multiposture,front,27,lateral_trunk_tilt_left,bad,0.2165256589651107,-0.379960685968399,-0.3888738751411438,0.308685839176178,-0.385056734085083,-0.2975569665431976,0.1587595790624618,-0.3914240896701813,-0.286914587020874,0.3600294888019562,-0.2394520193338394,-0.1335572302341461,0.1326356381177902,-0.3957882821559906,-0.0896797105669975,0.0861968323588371,0.0337223932147026,0.045476596802473,-0.0821902230381965,-0.0341683514416217,-0.044629830867052,-145.490965353705,1.044055152821904,-0.029806904494762504,37.58872699731484
6,multiposture,front,27,lateral_trunk_tilt_left,bad,0.2127190232276916,-0.3796131610870361,-0.403029054403305,0.3080273270606994,-0.3835081458091736,-0.3136610388755798,0.1613112688064575,-0.390512615442276,-0.2952329814434051,0.3628565073013305,-0.2386176884174347,-0.1503955870866775,0.1353307962417602,-0.3941661715507507,-0.1040409952402114,0.0861668661236763,0.0340471938252449,0.0454328283667564,-0.0821196138858795,-0.0344827584922313,-0.0445948094129562,-145.64144500060607,1.0542336698098804,-0.03637462854385376,38.00536816217775
6,multiposture,front,27,lateral_trunk_tilt_left,bad,0.2139212191104889,-0.3738161325454712,-0.4034711718559265,0.3073869049549103,-0.3775760531425476,-0.3164921998977661,0.1598394811153412,-0.386835902929306,-0.3019777834415436,0.3612202107906341,-0.2349074035882949,-0.1499667167663574,0.1348838955163955,-0.3924614191055298,-0.1051259711384773,0.0859139263629913,0.0342483483254909,0.0450150445103645,-0.0818287283182144,-0.0346770659089088,-0.0442195199429988,-145.15800078099733,1.0492689285769043,-0.034130834043025915,38.124614433048116
6,multiposture,front,27,lateral_trunk_tilt_left,bad,0.2167448550462722,-0.3733332753181457,-0.3684295415878296,0.3095348179340362,-0.38217493891716,-0.2786261439323425,0.1602465659379959,-0.389063686132431,-0.2705362141132355,0.3630217313766479,-0.2371574491262436,-0.1185730025172233,0.1354182958602905,-0.3940998911857605,-0.0717675164341926,0.0858186036348342,0.0344440229237079,0.0446115583181381,-0.0817118361592292,-0.0348384343087673,-0.043759312480688,-145.4120522617058,1.0377674334706162,-0.03247515857219699,38.08163428364373
6,multiposture,front,27,lateral_trunk_tilt_left,bad,0.2121502608060836,-0.3769375681877136,-0.4019792675971985,0.307739645242691,-0.380369633436203,-0.3154625296592712,0.1604692637920379,-0.3889702558517456,-0.2992647588253021,0.3617060780525207,-0.2356398105621338,-0.1478603780269622,0.1350575983524322,-0.3926194906234741,-0.0992329269647598,0.0856185927987098,0.0344287678599357,0.0444854535162448,-0.0814947262406349,-0.0348103754222393,-0.0436337925493717,-145.29302357940432,1.0452919436453152,-0.03623157739639285,38.11812453334157
6,multiposture,front,28,lateral_trunk_tilt_right,bad,-0.2466489970684051,-0.3183029890060425,-0.4108323156833648,-0.201193556189537,-0.4152933657169342,-0.3283717632293701,-0.2962064743041992,-0.3101889491081238,-0.3109384179115295,-0.0782335996627807,-0.3938117623329162,-0.1897462904453277,-0.3717919290065765,-0.3050484657287597,-0.0962481498718261,0.0916170626878738,-0.029272036626935,-0.0007349848747253,-0.0925858244299888,0.0244068279862403,0.0038632154464721,163.17624672908573,0.8500082579235613,-0.0216362327337265,-32.90531078476033
6,multiposture,front,28,lateral_trunk_tilt_right,bad,-0.2688370048999786,-0.339459478855133,-0.4181272983551025,-0.2271082401275634,-0.4204147756099701,-0.3370265960693359,-0.3070785403251648,-0.3215396106243133,-0.3272300958633423,-0.1032812818884849,-0.381556749343872,-0.217733696103096,-0.384132832288742,-0.2917087078094482,-0.1151361614465713,0.0884506553411483,-0.0296521466225385,-0.0020248724613338,-0.0898391976952552,0.0248124785721302,0.0053426856175065,162.25985399436138,0.8035847901739207,-0.025129947811365128,-36.02163904678064
6,multiposture,front,28,lateral_trunk_tilt_right,bad,-0.2827146053314209,-0.3275536298751831,-0.4278511106967926,-0.2426730692386627,-0.4145246744155884,-0.3432894051074981,-0.3211343586444855,-0.3036810755729675,-0.3258748948574066,-0.1157178953289985,-0.3725865483283996,-0.2190780937671661,-0.390882134437561,-0.2788200378417969,-0.1111757904291153,0.0879352316260337,-0.0303509607911109,-0.0018766639987006,-0.0897267013788223,0.0255434736609458,0.0050113117322325,161.18265508272046,0.801706810453851,-0.029414590448141154,-37.97963426197621
6,multiposture,front,28,lateral_trunk_tilt_right,bad,-0.2741195261478424,-0.3569307923316955,-0.3667358458042145,-0.2283187955617904,-0.4201824367046356,-0.2708195447921753,-0.3154090642929077,-0.3333394229412079,-0.2759523391723633,-0.1147243455052375,-0.3667685985565185,-0.1703514903783798,-0.393161803483963,-0.2743904590606689,-0.0784375667572021,0.0872645080089569,-0.0311920940876007,-0.0020367850083857,-0.0892455503344535,0.0262968111783266,0.0053252992220222,161.64552910932363,0.7845193974226561,-0.020176451653242167,-38.488859877941366
6,multiposture,front,28,lateral_trunk_tilt_right,bad,-0.263692706823349,-0.3699148893356323,-0.3447566032409668,-0.2132760733366012,-0.4284355938434601,-0.2548922896385193,-0.3042364120483398,-0.353311151266098,-0.254817396402359,-0.1086386516690254,-0.3605069518089294,-0.1565073579549789,-0.3923873901367187,-0.2795559465885162,-0.0594970807433128,0.0857618600130081,-0.0316119045019149,-0.0013011055998504,-0.0879290997982025,0.0266294535249471,0.0048554423265159,164.0770205215112,0.7492881510118902,-0.013179685920476969,-38.14980810642836
6,multiposture,front,28,lateral_trunk_tilt_right,bad,-0.2635952830314636,-0.3678563833236694,-0.3768389821052551,-0.2100859433412552,-0.4290685653686523,-0.2790529429912567,-0.3040169775485992,-0.3486130535602569,-0.2788768708705902,-0.1026320457458496,-0.3592483401298523,-0.1700374633073806,-0.3915049433708191,-0.2790037989616394,-0.0775296092033386,0.0858383253216743,-0.0318220742046833,-0.0003831942449323,-0.0880668610334396,0.0268212687224149,0.0040147239342331,164.47550791791485,0.7771161640644667,-0.016526788473129272,-37.83999402615789
6,multiposture,front,28,lateral_trunk_tilt_right,bad,-0.2699209153652191,-0.3706398010253906,-0.3595744967460632,-0.2176584750413894,-0.4308617413043976,-0.2636864781379699,-0.3080457746982574,-0.3500535786151886,-0.2652215957641601,-0.1075961589813232,-0.3606701791286468,-0.1639061868190765,-0.3919452726840973,-0.2803578078746795,-0.0657732635736465,0.0854678526520729,-0.0319784916937351,-0.0011694711865857,-0.0877481177449226,0.0269449613988399,0.0048555773682892,164.22804706095638,0.7693780148565007,-0.020150199532508878,-38.020571668217634
6,multiposture,front,29,neutral_spinal_alignment,good,-4.862435162067413e-05,-0.5972587466239929,-0.313766747713089,0.0675071403384208,-0.5885649919509888,-0.1860303878784179,-0.0735314711928367,-0.5446557998657227,-0.1958276033401489,0.1830533742904663,-0.4172940254211426,-0.0799529552459716,-0.1684965044260025,-0.4599632322788238,-0.0240025520324707,0.1082225143909454,0.0033342777751386,0.0196670889854431,-0.1063835397362709,-0.0052707907743752,-0.0150457620620727,-173.07960156627365,0.9587272542882415,-0.007327059283852577,0.8324153801790455
6,multiposture,front,29,neutral_spinal_alignment,good,-0.0054010744206607,-0.5085824131965637,-0.2755272686481476,0.1055337116122245,-0.520081102848053,-0.1462196409702301,-0.0557092539966106,-0.499843031167984,-0.1233451887965202,0.2119228988885879,-0.3719101846218109,-0.0158473756164312,-0.1398564577102661,-0.4552125632762909,0.0313719175755977,0.1030390486121177,-0.0032040600199252,0.0243432261049747,-0.1001910269260406,0.0018005998572334,-0.0213747452944517,-166.67759468474213,1.076269481492249,-0.04143429500982159,4.791788971841195
6,multiposture,front,29,neutral_spinal_alignment,good,0.0046468977816402,-0.5045238137245178,-0.2888981699943542,0.1088589951395988,-0.5135573744773865,-0.1548048704862594,-0.0543001778423786,-0.4938502013683319,-0.1406857669353485,0.2100596278905868,-0.3666560351848602,-0.0219524055719375,-0.1382016539573669,-0.4462851881980896,0.021655773743987,0.102841630578041,-0.0030895106028765,0.0252663698047399,-0.1000099778175354,0.0017305531073361,-0.0221134312450885,-167.120843590596,1.0495881537309282,-0.031282089184969754,4.861394721724881
6,multiposture,front,29,neutral_spinal_alignment,good,0.0061492384411394,-0.5043631196022034,-0.2802531123161316,0.109790101647377,-0.5159890651702881,-0.1481159776449203,-0.0546501837670803,-0.4931707680225372,-0.1348118931055069,0.2087565213441848,-0.3698263764381408,-0.0174633525311946,-0.138373926281929,-0.4466924965381622,0.0255763139575719,0.1029522344470024,-0.0029448589775711,0.0250172968953847,-0.1001068949699401,0.0016230106120929,-0.0218378398567438,-167.514293196487,1.0434887712499625,-0.0290420590899885,4.736011718976284
6,multiposture,front,29,neutral_spinal_alignment,good,0.0049437582492828,-0.5039754509925842,-0.2695454955101013,0.1091316118836402,-0.5154699683189392,-0.13555808365345,-0.0554497800767421,-0.4925680756568908,-0.1196298897266388,0.2088626772165298,-0.369687557220459,-0.0047036507166922,-0.1390274167060852,-0.4462558329105377,0.0375331006944179,0.1030532196164131,-0.0028247060254216,0.024798534810543,-0.1002023890614509,0.0015169854741543,-0.0216108541935682,-167.58748315330453,1.0470559992398312,-0.029973872005939494,4.7006417600087875
6,multiposture,front,29,neutral_spinal_alignment,good,0.0035735743585973,-0.4983972907066345,-0.3020164668560028,0.1086347326636314,-0.5111502408981323,-0.1705823391675949,-0.0559933334589004,-0.4886004626750946,-0.1567045152187347,0.2079095840454101,-0.3683584630489349,-0.0346339643001556,-0.1383691728115081,-0.444811999797821,0.0107061900198459,0.1030122563242912,-0.00274339155294,0.0242052767425775,-0.1001751944422721,0.0014465057756751,-0.0210038311779499,-167.54962758132646,1.0379431622874082,-0.031196631258353702,4.696858944196065
6,multiposture,front,29,neutral_spinal_alignment,good,0.0034957078751176,-0.4983956515789032,-0.3037182688713074,0.1092844009399414,-0.5116902589797974,-0.1748929172754287,-0.0543885976076126,-0.4905350804328918,-0.1570638716220855,0.2084169536828994,-0.3692002296447754,-0.0402251593768596,-0.1380398124456405,-0.4467996954917907,0.0070309545844793,0.1027362570166587,-0.0027460323181003,0.0237699728459119,-0.0999291092157363,0.0015067378990352,-0.0205302685499191,-167.3752417922069,1.0364532010106944,-0.031692862743511845,4.740823306241291
6,multiposture,front,29,neutral_spinal_alignment,good,-0.0647760331630706,-0.4497475624084472,-0.2894701361656189,0.0282033830881118,-0.511313796043396,-0.1626757085323333,-0.1285328567028045,-0.4491608142852783,-0.1461540162563324,0.1598984599113464,-0.4021900296211242,-0.0216074027121067,-0.1903021186590194,-0.4192354083061218,0.030439406633377,0.1037138178944587,-0.0103636663407087,0.0211569778621196,-0.1007565781474113,0.0082796802744269,-0.0179893355816602,-177.21343088388176,1.022681868348827,-0.049574203789234106,-2.3316084348165176
6,multiposture,front,29,neutral_spinal_alignment,good,0.0437304005026817,-0.5173423886299133,-0.2881502509117126,0.0910719409584999,-0.5272496938705444,-0.1399462223052978,-0.051709808409214,-0.4926272630691528,-0.170925423502922,0.1622615903615951,-0.379565417766571,-0.0271766297519207,-0.1660473942756652,-0.426231175661087,-0.0090455617755651,0.1029635444283485,-0.0096365856006741,0.0309079829603433,-0.099704198539257,0.0078583443537354,-0.0273604672402143,-171.9101830434206,0.881337531974011,0.04562330245971675,-0.5020370719054926
6,multiposture,front,29,neutral_spinal_alignment,good,0.0243561621755361,-0.5216813087463379,-0.2676259875297546,0.0886565148830413,-0.5331611633300781,-0.1113144680857658,-0.0625233426690101,-0.4988351464271545,-0.1213945969939231,0.1688199490308761,-0.3763719201087951,0.0018949465593323,-0.1625329256057739,-0.4285373091697693,0.0296189095824956,0.1026379615068435,-0.0097173228859901,0.0346713103353977,-0.0992933139204979,0.0080450875684618,-0.0308681670576334,-171.05326962820305,0.9320177399115084,0.021212650462984997,0.20988197071500345
6,multiposture,front,29,neutral_spinal_alignment,good,0.0146681079640984,-0.5240845680236816,-0.2523680031299591,0.0900029093027114,-0.5365514159202576,-0.1006865799427032,-0.0706201493740081,-0.5019041895866394,-0.1117083057761192,0.1721299737691879,-0.3781290054321289,0.0155504355207085,-0.1641189008951187,-0.4329939484596252,0.0429695881903171,0.1032814383506774,-0.0094587644562125,0.0334599614143371,-0.0998852252960205,0.0078390734270215,-0.0296967439353466,-170.73284759875256,0.9615752980787142,0.010662571527063807,0.32663132867161715
6,multiposture,front,29,neutral_spinal_alignment,good,0.000702585093677,-0.5142861604690552,-0.2826437056064605,0.0892697274684906,-0.5305458903312683,-0.1320433914661407,-0.0746339485049247,-0.4950419664382934,-0.1343462616205215,0.174606367945671,-0.3754636943340301,-0.0108737358823418,-0.162515640258789,-0.4279673099517822,0.0238936468958854,0.1039025411009788,-0.0090493122115731,0.0321379341185092,-0.1005437150597572,0.0075053400360047,-0.0282785724848508,-171.14782867821853,0.981544100445319,-0.005342778749763996,0.6238800709775275
6,multiposture,front,29,neutral_spinal_alignment,good,0.004239379428327,-0.5187947750091553,-0.2612360715866089,0.0807264596223831,-0.537729799747467,-0.1132309883832931,-0.0812258273363113,-0.4855160117149353,-0.1301933676004409,0.1741636097431183,-0.3775302767753601,3.681413363665342e-05,-0.1604759097099304,-0.4197072982788086,0.0224028043448925,0.1038984358310699,-0.0084405383095145,0.0318040512502193,-0.1005910262465477,0.0069144926965236,-0.0279151070863008,-172.81647932367133,0.9986914404572914,-0.0026044705882669467,0.7473978650883998
6,multiposture,front,29,neutral_spinal_alignment,good,0.1042907387018203,-0.4541647732257843,-0.3249479234218597,0.1035868600010871,-0.4860872328281402,-0.1950502842664718,-0.0100981295108795,-0.432546854019165,-0.2588219940662384,0.1777209937572479,-0.3615734279155731,-0.088905930519104,-0.1372531801462173,-0.4163809716701507,-0.0284402538090944,0.0988189950585365,0.0158496350049972,0.0194379426538944,-0.0975443795323371,-0.0220443978905677,-0.0172004178166389,-170.12899741259454,0.6868860460717826,0.084056831896305,2.9072229395737472
6,multiposture,front,29,neutral_spinal_alignment,good,0.0629098713397979,-0.4702562391757965,-0.3183797895908355,0.1027968376874923,-0.4922060072422027,-0.1822905093431472,-0.0267248563468456,-0.4492017030715942,-0.2251311242580413,0.1840975880622863,-0.3607873320579529,-0.0633080303668975,-0.1322844624519348,-0.4207769632339477,-0.003911018371582,0.0995573252439498,0.0148905105888843,0.0202583987265825,-0.0984642803668975,-0.0207595806568861,-0.0177087895572185,-169.2635259757387,0.8110845587155916,0.03700330853462215,3.741051314522566
6,multiposture,front,29,neutral_spinal_alignment,good,0.0554598681628704,-0.4682700634002685,-0.3104113042354584,0.1008504554629325,-0.4914491772651672,-0.1779070049524307,-0.0305535998195409,-0.4506455659866333,-0.2077947258949279,0.183790773153305,-0.3639490604400635,-0.0533472523093223,-0.132677748799324,-0.424862265586853,0.0152339646592736,0.0993952378630638,0.0145711097866296,0.0201998185366392,-0.0983597040176391,-0.0204577781260013,-0.0174759849905967,-169.10506734944232,0.8074038967850364,0.029903355985879905,3.6597718442499643
6,multiposture,front,29,neutral_spinal_alignment,good,0.0618226788938045,-0.4660560190677643,-0.341448038816452,0.0983809381723404,-0.4903788864612579,-0.2133407294750213,-0.0310397446155548,-0.4426842927932739,-0.2522605359554291,0.1830428540706634,-0.3604423105716705,-0.090686559677124,-0.1330363899469375,-0.4179606735706329,-0.0235605221241712,0.0992957204580307,0.0144028225913643,0.0196491573005914,-0.0982938632369041,-0.0202875155955553,-0.0170029923319816,-169.68648389487927,0.7923354246259336,0.036819446831941556,3.6296876432028724
6,multiposture,front,29,neutral_spinal_alignment,good,-0.0044633108191192,-0.562930166721344,-0.3327116966247558,0.0810725763440132,-0.5655531883239746,-0.2035136222839355,-0.0642668977379798,-0.5247365832328796,-0.2041698098182678,0.1866986006498336,-0.3972713053226471,-0.1035243794322013,-0.154135376214981,-0.4610211849212646,-0.0320128947496414,0.1032995730638504,0.0070675048045814,0.0318315327167511,-0.1022434011101722,-0.0102195776998996,-0.0290626343339681,-169.40576027166497,0.9724533600934105,-0.0207449230365455,2.110068587565134
6,multiposture,front,29,neutral_spinal_alignment,good,-0.0039289356209337,-0.5667905807495117,-0.3273774981498718,0.0795740783214569,-0.5726454257965088,-0.199549987912178,-0.0656927078962326,-0.5295959115028381,-0.2011963576078415,0.1839471906423568,-0.4074521958827972,-0.0949292033910751,-0.1562645882368087,-0.4683807790279388,-0.0287599582225084,0.1034228801727294,0.0067132241092622,0.0311764553189277,-0.1023406758904457,-0.0099427765235304,-0.0282841511070728,-169.8465280622563,0.9694475481344877,-0.01777023682370775,1.746060892971673
6,multiposture,front,29,neutral_spinal_alignment,good,0.0268568452447652,-0.5212991237640381,-0.2935751378536224,0.0952795147895813,-0.5428410172462463,-0.1764225959777832,-0.0466597825288772,-0.5055325627326965,-0.1873493790626526,0.1850263625383377,-0.4056598842144012,-0.0392083525657653,-0.1444536447525024,-0.4679525792598724,0.0137144615873694,0.1034181118011474,0.0023861771915107,0.0284572392702102,-0.1020381674170494,-0.0034248584415763,-0.0252630244940519,-169.29382106722642,0.9023235442140654,0.0065704863518475515,2.5717850363265815
6,multiposture,front,29,neutral_spinal_alignment,good,0.0257028266787529,-0.5168967843055725,-0.3235330581665039,0.0952964425086975,-0.5407248139381409,-0.2103204727172851,-0.0460045374929904,-0.5034165978431702,-0.2224158644676208,0.1853798180818557,-0.4048925340175628,-0.0704725161194801,-0.1458299309015274,-0.4659421443939209,-0.0186755303293466,0.1034640446305275,0.0024313570465892,0.0270451959222555,-0.10208261013031,-0.0034938731696456,-0.0239596739411354,-169.55628601417231,0.9038391781692521,0.005927883088588756,2.512714441262941
6,multiposture,front,29,neutral_spinal_alignment,good,-0.0118408324196934,-0.4653033018112182,-0.3583320081233978,0.0836540982127189,-0.5100609660148621,-0.2720118761062622,-0.0482603944838047,-0.4784800410270691,-0.2466909289360046,0.1891877651214599,-0.4039428830146789,-0.1118686944246292,-0.1413144320249557,-0.4640790224075317,-0.0350677594542503,0.1020501852035522,0.0029665699694305,0.0237171109765768,-0.100757710635662,-0.0041275569237768,-0.0207186248153448,-169.68763055034765,0.9301770143541813,-0.035777498967945506,3.075836291013032
6,multiposture,front,29,neutral_spinal_alignment,good,0.0548745431005954,-0.4914917647838592,-0.3218124210834503,0.0871085301041603,-0.5315208435058594,-0.2115389555692672,-0.0368757955729961,-0.4803650379180908,-0.2426434457302093,0.1922540813684463,-0.410472422838211,-0.0795254632830619,-0.1387920677661895,-0.4592850804328918,-0.0357205532491207,0.1021488830447197,0.003068937221542,0.0234660841524601,-0.1008896231651306,-0.0043441578745841,-0.0204443093389272,-171.61219324318387,0.8359917599746884,0.028143536299466997,3.439797429446817
6,multiposture,front,29,neutral_spinal_alignment,good,-0.0056299772113561,-0.5318942070007324,-0.2496105730533599,0.0791704580187797,-0.5309101343154907,-0.1441388428211212,-0.0508679077029228,-0.4992890059947967,-0.1341977566480636,0.1890298277139663,-0.3924432396888733,-0.0201875660568475,-0.1419714242219925,-0.4562622010707855,0.0355172604322433,0.0943144783377647,0.0017953931819647,0.0226974543184041,-0.0932299867272377,-0.0034359984565526,-0.0199329294264316,-169.08695380009115,1.0204655659258688,-0.029159178957342997,3.1066444146578567
6,multiposture,front,29,neutral_spinal_alignment,good,-0.0040701241232454,-0.5408502221107483,-0.2000567466020584,0.0807585418224334,-0.5400833487510681,-0.0929264575242996,-0.0533898137509822,-0.5064938068389893,-0.0841574817895889,0.1904701888561248,-0.3953269720077514,0.030891265720129,-0.1392939388751983,-0.4619287848472595,0.0802783593535423,0.0967604517936706,0.0024859555996954,0.0241976175457239,-0.0956537052989006,-0.0041701095178723,-0.0212900154292583,-168.5816855105856,1.043932710440719,-0.029658249113708644,3.3492263611438244
6,multiposture,front,29,neutral_spinal_alignment,good,-0.0025373455137014,-0.5378615856170654,-0.2022464722394943,0.0813258215785026,-0.539654016494751,-0.0937733128666877,-0.0544118359684944,-0.5053556561470032,-0.0870728269219398,0.1907705962657928,-0.3966763913631439,0.0290929824113845,-0.1391592770814895,-0.4617861807346344,0.0801212787628173,0.0969174206256866,0.0023790691047906,0.0238988604396581,-0.0958028733730316,-0.0040431101806461,-0.0209379531443119,-168.83644846303804,1.0313491735087177,-0.028343005105853043,3.3729153909748977
6,multiposture,front,29,neutral_spinal_alignment,good,-0.000979768927209,-0.5392177104949951,-0.175114020705223,0.0812935158610344,-0.5427452325820923,-0.0701363906264305,-0.0545006282627582,-0.5086560845375061,-0.0616589300334453,0.1911779046058654,-0.3998425602912903,0.0473206266760826,-0.1377354264259338,-0.4670174419879913,0.0965626835823059,0.09822428971529,0.002879672916606,0.0252318140119314,-0.0970006883144378,-0.0045605790801346,-0.0221566297113895,-168.45706613433308,1.0406380595856712,-0.027701008017174792,3.4539624563763374
7,multiposture,front,30,posterior_trunk_recline,bad,-0.0142192440107464,-0.5062057971954346,-0.1591009050607681,0.0484664291143417,-0.5286608934402466,-0.0330158248543739,-0.0853802114725112,-0.480878084897995,-0.0455599948763847,0.1525433510541916,-0.4068557322025299,0.0631403252482414,-0.1717338413000106,-0.4305551946163177,0.0917967036366462,0.1061865165829658,-0.0114998891949653,0.0376249812543392,-0.104592889547348,0.0071159061044454,-0.0334679670631885,-175.82002889636016,0.9650953876876316,-0.004623998887836895,-1.4292397134801993
7,multiposture,front,30,posterior_trunk_recline,bad,-0.0073575126007199,-0.4989291429519653,-0.1456648409366607,0.0783848613500595,-0.5247921347618103,-0.002625067718327,-0.0744253620505333,-0.4920857846736908,-0.0105606829747557,0.1699912548065185,-0.3896529972553253,0.0881006643176078,-0.1686340719461441,-0.440536767244339,0.141355499625206,0.0952468812465667,-0.0133668221533298,0.0055952253751456,-0.0924315974116325,0.0097329299896955,-0.002500602742657,-171.45434676666662,0.9364405222135859,-0.008036104030907099,-0.1010735608834626
7,multiposture,front,30,posterior_trunk_recline,bad,-0.0366123132407665,-0.4839632213115692,-0.1643258333206176,0.0570730976760387,-0.5179521441459656,-0.0292647536844015,-0.0935737267136573,-0.4782356023788452,-0.0222593080252408,0.165095180273056,-0.3868832588195801,0.0734468623995781,-0.170635312795639,-0.4359676539897918,0.1322510093450546,0.092679962515831,-0.0127166118472814,-0.0008838115027174,-0.089950144290924,0.0096445214003324,0.0044762035831809,-171.68218537981582,0.9926861061240618,-0.033842246979474994,-0.5779817542674973
7,multiposture,front,30,posterior_trunk_recline,bad,-0.0500989742577075,-0.4830444157123565,-0.1591417491436004,0.0539079159498214,-0.5183722972869873,-0.0285230726003646,-0.0980027168989181,-0.4783048033714294,-0.00836000777781,0.1643957495689392,-0.3881425261497497,0.0733306407928466,-0.1712690889835357,-0.436396062374115,0.1466775238513946,0.0910542979836463,-0.0126256449148058,-0.0044146752916276,-0.0883701294660568,0.0096511747688055,0.0079981796443462,-171.81948319107318,0.9939758380982382,-0.04666230455040925,-0.6665093493947689
7,multiposture,front,30,posterior_trunk_recline,bad,-0.0471442118287086,-0.4920065701007843,-0.1796278208494186,0.051791176199913,-0.520805835723877,-0.0453117676079273,-0.1003082245588302,-0.4799472391605377,-0.0336751751601696,0.1635090857744217,-0.3882366716861725,0.0547490417957305,-0.1743069291114807,-0.4355874359607696,0.1229725778102874,0.0906867608428001,-0.0125081799924373,-0.0044385590590536,-0.0879906043410301,0.0096405148506164,0.0081985080614686,-172.02098757692656,0.9961838370004994,-0.04174529016017909,-0.9416816567618881
7,multiposture,front,30,posterior_trunk_recline,bad,-0.0391250848770141,-0.4953858554363251,-0.1336997151374817,0.0556877218186855,-0.5239683389663696,0.0040447232313454,-0.0946312323212623,-0.4833452403545379,0.012313119135797,0.1632055938243866,-0.3898437321186065,0.0977837592363357,-0.1730743944644928,-0.4344647824764251,0.1535399258136749,0.0905364453792572,-0.0131988376379013,-0.0015815143706277,-0.087867371737957,0.0104518998414278,0.0056381896138191,-172.44156628589275,1.0071796022531398,-0.034190684556961,-0.8743246269858608
7,multiposture,front,30,posterior_trunk_recline,bad,0.0265249162912368,-0.5021481513977051,-0.1755807846784591,0.1356526911258697,-0.5179333686828613,-0.0585391521453857,-0.0089563392102718,-0.4948887825012207,-0.033193003386259,0.2375350594520568,-0.3969630599021911,0.050632894039154,-0.1204117760062217,-0.4414228796958923,0.1283059120178222,0.0895338132977485,0.0028940308839082,0.0567270517349243,-0.0866847187280654,-0.0092927794903516,-0.0564311742782592,-172.91967455094192,0.9527040257344688,-0.03203672543168075,7.820692015868189
7,multiposture,front,30,posterior_trunk_recline,bad,0.0717145428061485,-0.4894627332687378,-0.179706186056137,0.1603963375091552,-0.5053755640983582,-0.0541666634380817,0.0041972612962126,-0.4778611063957214,-0.0450243353843688,0.2626236081123352,-0.3670227527618408,0.0541548654437065,-0.083228588104248,-0.4340660870075226,0.1053392365574836,0.0899546518921852,0.0154321668669581,0.0581381283700466,-0.0867775604128837,-0.0212703868746757,-0.0564193949103355,-169.02929934157433,0.9898016386292016,-0.017982967197895106,12.49417032192452
7,multiposture,front,30,posterior_trunk_recline,bad,0.0696037411689758,-0.4820948839187622,-0.1894405931234359,0.1597319990396499,-0.4984028935432434,-0.0622492954134941,0.0003897229616995,-0.4704651534557342,-0.0541614666581153,0.2635347545146942,-0.3614228665828705,0.0481156297028064,-0.0817550793290138,-0.4263083934783935,0.1000431627035141,0.0900459587574005,0.016749732196331,0.0567540302872657,-0.0866335332393646,-0.0225705169141292,-0.0544589385390281,-169.35731409940396,0.9944367360008167,-0.021286096423864406,12.850267413053436
7,multiposture,front,30,posterior_trunk_recline,bad,0.0841335952281951,-0.4785043001174927,-0.18119977414608,0.1627262234687805,-0.5004305839538574,-0.0490748323500156,-0.0001627479941817,-0.4644100666046142,-0.0501263812184333,0.2667899131774902,-0.360910564661026,0.0604348070919513,-0.0791731923818588,-0.4217312335968017,0.1081944555044174,0.09014343470335,0.0177899152040481,0.0560977235436439,-0.0865667834877967,-0.0236829873174428,-0.0539771281182765,-170.02922892718382,0.9638743353949545,-0.009674765169620597,13.329648467202098
7,multiposture,front,31,thoracic_kyphotic_slouch,bad,0.0090065263211727,-0.2178583741188049,-0.5840746164321899,0.1006867587566375,-0.3013778030872345,-0.4784419536590576,-0.0585527457296848,-0.2651445865631103,-0.5005677938461304,0.2045755535364151,-0.2855267226696014,-0.2891576290130615,-0.149178072810173,-0.3387371003627777,-0.2632895708084106,0.1109404191374778,0.0015656817704439,0.038407564163208,-0.1109868809580802,-0.0052152806892991,-0.0373181104660034,-171.44589797855568,0.9542830719406584,-0.018692214041948346,5.105092324911319
7,multiposture,front,31,thoracic_kyphotic_slouch,bad,-0.0008561364375054,-0.2131226509809494,-0.5685930252075195,0.1007553413510322,-0.2964199483394623,-0.4846017956733703,-0.0419301316142082,-0.2560325860977173,-0.4836695492267608,0.2052832394838333,-0.2899122536182403,-0.2893007397651672,-0.1375654488801956,-0.3403381109237671,-0.2533803284168243,0.1045292541384697,0.0027220994234085,0.0323484279215335,-0.1041525453329086,-0.005705707706511,-0.0310537219047546,-171.63297985893024,0.9703652458871861,-0.03471503173932426,6.127597821864306
7,multiposture,front,31,thoracic_kyphotic_slouch,bad,-0.0176924485713243,-0.2137524783611297,-0.5698102712631226,0.0933589488267898,-0.2930269539356231,-0.4875004589557647,-0.049414187669754,-0.2568971216678619,-0.4779792726039886,0.2017904967069625,-0.2878005504608154,-0.2894418239593506,-0.1389997452497482,-0.342426985502243,-0.2497035712003708,0.1022391617298126,0.0025903140194714,0.0324958562850952,-0.1017932519316673,-0.0055435323156416,-0.0309330932796001,-170.89333146845615,0.9944569742109228,-0.04908782429993145,5.6759909414107295
7,multiposture,front,31,thoracic_kyphotic_slouch,bad,-0.0126521792262792,-0.2281038165092468,-0.5674501061439514,0.0896750763058662,-0.3057940602302551,-0.4818913638591766,-0.0523950234055519,-0.2685287594795227,-0.4743344187736511,0.199563980102539,-0.2932553887367248,-0.2808665335178375,-0.1424679011106491,-0.3450659215450287,-0.2459282279014587,0.1017779633402824,0.0023716166615486,0.0325940251350402,-0.1013703197240829,-0.0053008990362286,-0.030835598707199,-171.38639542645387,0.9906287886734036,-0.04120021872222415,5.098318803799752
7,multiposture,front,31,thoracic_kyphotic_slouch,bad,-0.0048348810523748,-0.2080815136432647,-0.5787124633789062,0.0925990641117096,-0.2897337973117828,-0.489362895488739,-0.0503396466374397,-0.2505382001399994,-0.4878882467746734,0.1998374611139297,-0.2832294702529907,-0.2868898510932922,-0.1435369402170181,-0.3344383239746094,-0.2527475655078888,0.102008931338787,0.0023101125843822,0.0330266095697879,-0.1016061827540397,-0.005225624423474,-0.031167073175311,-171.51775774664193,0.9685454361484848,-0.032985141500830595,5.1954643152554905
7,multiposture,front,31,thoracic_kyphotic_slouch,bad,-0.0078596053645014,-0.2187732011079788,-0.5778695940971375,0.0922112688422203,-0.3003116548061371,-0.4895289540290832,-0.0509944558143615,-0.2586157321929931,-0.4842164814472198,0.2000420689582824,-0.2879886031150818,-0.2840968668460846,-0.1426471918821334,-0.3409364521503448,-0.2505934238433838,0.1017234325408935,0.0022041408810764,0.0333650484681129,-0.1013457030057907,-0.0051425476558506,-0.0314298532903194,-171.21685980955598,0.9787874730591465,-0.03655704390257589,5.204348157297999
7,multiposture,front,31,thoracic_kyphotic_slouch,bad,-0.0088140005245804,-0.5170348882675171,-0.4016507565975189,0.0658284798264503,-0.5307727456092834,-0.272226333618164,-0.079333946108818,-0.4868468344211578,-0.2832489013671875,0.1771389693021774,-0.3965614438056946,-0.1275595426559448,-0.1580132246017456,-0.4332489669322967,-0.1041593551635742,0.1076197549700737,0.0003821093123406,0.0360428690910339,-0.1073858886957168,-0.0036853693891316,-0.0328270196914672,-173.7529751376649,1.0269613534828501,-0.0183768728747963,1.309409663848914
7,multiposture,front,31,thoracic_kyphotic_slouch,bad,0.0011055967770516,-0.5133984088897705,-0.3809564411640167,0.073585107922554,-0.5331618785858154,-0.2595264911651611,-0.0668350458145141,-0.4897883534431457,-0.2678787112236023,0.1813819408416748,-0.4048362672328949,-0.1182314381003379,-0.1494230329990387,-0.4509878158569336,-0.0921199098229408,0.1044891104102134,0.0014516435330733,0.0360388569533824,-0.1035695523023605,-0.0046209096908569,-0.0326616168022155,-172.05776585454188,1.0150226930168431,-0.014873857144266454,2.0848281663424184
7,multiposture,front,31,thoracic_kyphotic_slouch,bad,-0.001469861366786,-0.5136581063270569,-0.38173508644104,0.0736504048109054,-0.5331479907035828,-0.2607384026050567,-0.067014068365097,-0.4911597073078155,-0.2661021053791046,0.1808669716119766,-0.4047611057758331,-0.1206396073102951,-0.1488537788391113,-0.4517801702022552,-0.0906034260988235,0.1033776775002479,0.0017308722017332,0.0357440970838069,-0.1023610532283783,-0.0048706955276429,-0.032193299382925,-171.8841859095534,1.0133619898731754,-0.017476457753218648,2.080137307646785
7,multiposture,front,31,thoracic_kyphotic_slouch,bad,-0.0029699485749006,-0.513768196105957,-0.385368674993515,0.0749623700976371,-0.531387448310852,-0.2657450735569,-0.0653664171695709,-0.4931130707263946,-0.2657516598701477,0.181983008980751,-0.4026379883289337,-0.1238402798771858,-0.1475391238927841,-0.4531455636024475,-0.0910806208848953,0.1031313464045524,0.0019595108460634,0.0355735197663307,-0.1020899713039398,-0.0050996709614992,-0.0319277420639991,-171.28579659010543,1.01682985610541,-0.02019189111888406,2.2434287519027367
7,multiposture,front,31,thoracic_kyphotic_slouch,bad,-0.0075553734786808,-0.5117709636688232,-0.392759621143341,0.0703760161995887,-0.5317111015319824,-0.2689764201641083,-0.0717771798372268,-0.4920873939990997,-0.2737089395523071,0.1773289442062378,-0.4052924215793609,-0.1280573606491089,-0.1523366272449493,-0.4522464871406555,-0.090945690870285,0.1035904362797737,0.0019932193681597,0.0348505899310112,-0.1023775264620781,-0.0050883064977824,-0.0311006978154182,-171.893917464188,0.9999599785307992,-0.02005153195932504,1.5941458583048094
7,multiposture,front,31,thoracic_kyphotic_slouch,bad,-0.0090998047962784,-0.5084815621376038,-0.3946481049060821,0.0698806568980217,-0.5296156406402588,-0.2738466560840606,-0.071417398750782,-0.4890246093273163,-0.2760058045387268,0.1788161993026733,-0.4031170010566711,-0.1289953142404556,-0.1510863006114959,-0.4515970647335052,-0.0967777594923973,0.1032340973615646,0.0021810710895806,0.0347533449530601,-0.1021084412932396,-0.005297727882862,-0.0309680793434381,-171.64006558540032,1.0214548272886057,-0.022964754141867112,1.7893610330888123
7,multiposture,front,31,thoracic_kyphotic_slouch,bad,0.007222737185657,-0.487918347120285,-0.4023301601409912,0.0969907641410827,-0.5150045156478882,-0.2672412395477295,-0.0557026080787181,-0.4803540110588074,-0.2686058282852173,0.1919146478176117,-0.3976718783378601,-0.1154698133468627,-0.1385910958051681,-0.4535604417324066,-0.0730024576187133,0.1059564054012298,0.0041038608178496,0.0394538342952728,-0.104339487850666,-0.0081552825868129,-0.0372290611267089,-170.40207281853367,0.97542550646379,-0.0194390388205648,3.4926442376558366
7,multiposture,front,31,thoracic_kyphotic_slouch,bad,0.0067431014031171,-0.4882775545120239,-0.4168899357318878,0.0970469340682029,-0.5146111845970154,-0.2881178557872772,-0.0546847693622112,-0.485389232635498,-0.2886275053024292,0.1899840831756591,-0.4009040892124176,-0.140650600194931,-0.1363840699195861,-0.4596547186374664,-0.096072107553482,0.1054762676358223,0.0036691215354949,0.0404098480939865,-0.1036772653460502,-0.0075761405751109,-0.0379758402705192,-169.7952845610517,0.9726218474113147,-0.0200569052249194,3.4604138654801515
7,multiposture,front,31,thoracic_kyphotic_slouch,bad,-0.0045413305051624,-0.4955252408981323,-0.4094448387622833,0.089858628809452,-0.5202147960662842,-0.2882286012172699,-0.0592875182628631,-0.4873678088188171,-0.2788591980934143,0.1891941726207733,-0.4023541510105133,-0.1426324844360351,-0.1368486285209655,-0.4599062502384186,-0.0953212603926658,0.1053553000092506,0.00344272213988,0.0406493991613388,-0.1035313680768013,-0.007349569350481,-0.0381963513791561,-169.989440974489,0.9998108195498473,-0.0307141025550663,3.36847135372875
7,multiposture,front,31,thoracic_kyphotic_slouch,bad,-0.0004627483431249,-0.4937649071216583,-0.4220103025436401,0.0914333760738372,-0.5188285708427429,-0.2949423491954803,-0.058319054543972,-0.4876744747161865,-0.2928331792354584,0.1891622245311737,-0.4023976922035217,-0.1484461724758148,-0.1368451714515686,-0.4601722955703735,-0.1034607514739036,0.1052472740411758,0.0032911770977079,0.0409995466470718,-0.103387676179409,-0.0071560991927981,-0.0385378375649452,-169.95045702345243,0.9914673964178807,-0.02662127488292745,3.3628296143442364
7,multiposture,front,31,thoracic_kyphotic_slouch,bad,-0.0014565903693437,-0.488221675157547,-0.4232512712478637,0.0913477763533592,-0.5159586668014526,-0.2960116863250732,-0.0580696649849414,-0.4861765205860138,-0.2936753034591675,0.1891973316669464,-0.402637779712677,-0.147576093673706,-0.1363950222730636,-0.4605573415756225,-0.1026720255613327,0.1051233112812042,0.0031548803672194,0.0410927422344684,-0.1032500267028808,-0.0070214974693953,-0.0386135019361972,-169.91317983501057,0.9914438056890028,-0.027857745066285102,3.391728382677961
7,multiposture,front,31,thoracic_kyphotic_slouch,bad,-0.0084544541314244,-0.4865324199199676,-0.4278764426708221,0.0797031670808792,-0.508573591709137,-0.2935155630111694,-0.0726615265011787,-0.469605952501297,-0.2941551506519317,0.1845589578151703,-0.3858593702316284,-0.1511184126138687,-0.1540781706571579,-0.4306618571281433,-0.1078212335705757,0.1056911945343017,0.0051663005724549,0.0358320027589798,-0.1038744077086448,-0.0083157289773225,-0.032605942338705,-172.46340380345993,0.9889783327407312,-0.023694847710430594,2.018322825135764
7,multiposture,front,31,thoracic_kyphotic_slouch,bad,-0.0226696636527776,-0.5017361640930176,-0.3823656737804413,0.0749251022934913,-0.5301963090896606,-0.261359691619873,-0.0785346925258636,-0.4871858656406402,-0.2482789605855941,0.1847511380910873,-0.4025834500789642,-0.1217578500509262,-0.1519724875688552,-0.4548393189907074,-0.0727201774716377,0.1073489338159561,0.0043547698296606,0.0354722552001476,-0.1060317605733871,-0.0076795732602477,-0.0327695459127426,-171.1786814805449,1.0256818566549888,-0.03905898891389366,2.1095884663365556
7,multiposture,front,31,thoracic_kyphotic_slouch,bad,-0.0058108321391046,-0.4939014613628387,-0.4216901659965515,0.0810507014393806,-0.5139228701591492,-0.2864287197589874,-0.0710197314620018,-0.4732970297336578,-0.2907339930534363,0.1847343742847442,-0.3900395929813385,-0.1467847675085067,-0.1521877348423004,-0.4334857761859894,-0.1046737357974052,0.1065658703446388,0.0046320650726556,0.0358998551964759,-0.1048507764935493,-0.0078398436307907,-0.0328858196735382,-172.65224362545504,0.9883537650080975,-0.02208415186032651,2.1524423644349073
7,multiposture,front,31,thoracic_kyphotic_slouch,bad,-0.0060099037364125,-0.4916804134845733,-0.4176326692104339,0.0805692449212074,-0.5102288126945496,-0.280290424823761,-0.0710899010300636,-0.4708960652351379,-0.2856959104537964,0.1837930977344513,-0.386778175830841,-0.1439484804868698,-0.1525958627462387,-0.430203229188919,-0.0978090241551399,0.1060168668627739,0.0047720200382173,0.0359585359692573,-0.1042514666914939,-0.0079738451167941,-0.032828040421009,-172.64426554393881,0.9777164981895974,-0.021608521230518794,2.0713044149795072
7,multiposture,front,31,thoracic_kyphotic_slouch,bad,-0.006761840544641,-0.4867847859859466,-0.4190917015075683,0.0801335647702217,-0.5076931118965149,-0.2827526926994324,-0.0713341161608696,-0.4681310057640075,-0.2866620421409607,0.183935284614563,-0.3837815821170807,-0.142972856760025,-0.1528774201869964,-0.430332213640213,-0.0976573526859283,0.1058356687426567,0.0050911880098283,0.0359577722847461,-0.1040416657924652,-0.0082798823714256,-0.0327954925596714,-172.13104428581505,0.9816868705777916,-0.022290772758424292,2.06673647430524
7,multiposture,front,31,thoracic_kyphotic_slouch,bad,-0.0073947361670434,-0.487259030342102,-0.4170518815517425,0.0793507918715477,-0.5095012187957764,-0.2852668464183807,-0.0714418888092041,-0.4700849652290344,-0.2882740497589111,0.1836336106061935,-0.3860733211040497,-0.1479595154523849,-0.1530150175094604,-0.4317129254341125,-0.1039497926831245,0.1056869477033615,0.0051072794012725,0.0359336137771606,-0.1038848757743835,-0.0083026066422462,-0.0327299199998378,-172.27945557456002,0.9869058097214923,-0.022704032715409946,2.02601918836696
7,multiposture,front,31,thoracic_kyphotic_slouch,bad,-0.0084833344444632,-0.4865626096725464,-0.4233145713806152,0.0796297416090965,-0.5086398124694824,-0.2882829308509826,-0.0727569907903671,-0.4696289896965027,-0.2900897860527038,0.1845537275075912,-0.3856927752494812,-0.1458618342876434,-0.1540668904781341,-0.4311909973621368,-0.1018927544355392,0.1057307794690132,0.0052276612259447,0.0358052030205726,-0.1039064303040504,-0.0083746369928121,-0.0325843840837478,-172.3473761333635,0.987558955274466,-0.023726752959191744,2.017311902020088
7,multiposture,front,31,thoracic_kyphotic_slouch,bad,-0.0152984680607914,-0.5051122903823853,-0.3605542182922363,0.0658113434910774,-0.5198513269424438,-0.2468671351671219,-0.0718056708574295,-0.4830235838890075,-0.2503357231616974,0.173939824104309,-0.3893470466136932,-0.1179091706871986,-0.1571124643087387,-0.4390138685703277,-0.0681367591023445,0.109575018286705,0.0047284346073865,0.0279148705303668,-0.109389491379261,-0.0084375897422432,-0.0243539977818727,-171.4677146328962,0.991330373881789,-0.023712147958576547,1.1560969455223014
7,multiposture,front,31,thoracic_kyphotic_slouch,bad,-0.0127587132155895,-0.50654137134552,-0.3506976962089538,0.0652343854308128,-0.5226753950119019,-0.2369331568479538,-0.072501964867115,-0.4847681820392608,-0.2338047921657562,0.1734185516834259,-0.3919481337070465,-0.1055191531777381,-0.1546673029661178,-0.4431445896625519,-0.052873458713293,0.108977198600769,0.0044569633901119,0.0260469708591699,-0.1084914878010749,-0.0081471186131238,-0.0224039684981107,-171.13075598277752,0.9778218697851853,-0.022134337574243552,1.2585598693718165
7,multiposture,front,31,thoracic_kyphotic_slouch,bad,-0.0109919635578989,-0.5077255964279175,-0.3508442938327789,0.0662471354007721,-0.5220065712928772,-0.2360094040632248,-0.0713553205132484,-0.4852015078067779,-0.2348423898220062,0.1733567416667938,-0.3911330997943878,-0.107547640800476,-0.1546350568532943,-0.4428778886795044,-0.0543584302067756,0.1089053153991699,0.0042122690938413,0.0258296094834804,-0.1083900183439254,-0.0078875180333852,-0.0221643727272748,-171.03476878918883,0.9731594316490861,-0.020352805964648654,1.2560967866421706
7,multiposture,front,31,thoracic_kyphotic_slouch,bad,-0.01566943526268,-0.5042347311973572,-0.3543959856033325,0.0643901228904724,-0.5212787389755249,-0.2348145991563797,-0.0743364989757537,-0.4804003238677978,-0.2341797798871994,0.1731409430503845,-0.38682621717453,-0.1045364066958427,-0.151684433221817,-0.4364795982837677,-0.0540724173188209,0.1073178350925445,0.0037450864911079,0.0269353166222572,-0.1068537831306457,-0.0075705586932599,-0.023780208081007,-171.30894298861597,0.9937076974897588,-0.026397690176963754,1.4674131659784106
7,multiposture,front,31,thoracic_kyphotic_slouch,bad,-0.0109556820243597,-0.5073613524436951,-0.3570225834846496,0.0686133578419685,-0.5211986899375916,-0.2359397113323211,-0.0706231445074081,-0.4826605319976806,-0.2368170171976089,0.1744407564401626,-0.3868102133274078,-0.1041795089840889,-0.1513661593198776,-0.4391683936119079,-0.0527299232780933,0.1074090451002121,0.0042575080879032,0.0267644505947828,-0.1068787202239036,-0.0080402474850416,-0.0234958343207836,-170.87044846120074,0.9822057575565294,-0.022492980584502203,1.5706331498482156
7,multiposture,front,31,thoracic_kyphotic_slouch,bad,-0.0100075937807559,-0.5074028372764587,-0.3608770966529846,0.0697698816657066,-0.521867573261261,-0.2386341989040374,-0.0703995525836944,-0.4846700131893158,-0.2404634952545166,0.1745631247758865,-0.3878829479217529,-0.104978546500206,-0.1512428075075149,-0.4404123723506927,-0.0545016489923,0.1074425652623176,0.0044012395665049,0.0267103090882301,-0.1068494915962219,-0.0081608993932604,-0.0233487915247678,-170.84106718178293,0.9809445270925616,-0.021667752414941704,1.5788832093415246
7,multiposture,front,32,lateral_trunk_tilt_left,bad,0.2537514865398407,-0.3999848961830139,-0.3387522399425506,0.3360854387283325,-0.3971066772937774,-0.2088277339935302,0.1806991547346115,-0.4237598478794098,-0.2238081991672516,0.3798615336418152,-0.2394642829895019,-0.0930575728416442,0.0813886821269989,-0.4184207320213318,-0.0541245937347412,0.0932787433266639,0.0455401800572872,0.0399252474308013,-0.0920367911458015,-0.0505456775426864,-0.0390551090240478,-149.05420977844065,0.9585075496112877,0.023126378655433655,35.167900260024396
7,multiposture,front,32,lateral_trunk_tilt_left,bad,0.2509018778800964,-0.4112389683723449,-0.1871769428253173,0.3244262337684631,-0.4098844528198242,-0.067877747118473,0.1793068349361419,-0.435157299041748,-0.0795936957001686,0.3649986982345581,-0.2578062713146209,0.0173286758363246,0.0970607921481132,-0.4303326308727264,0.0696991011500358,0.0937532633543014,0.0460082590579986,0.0403426401317119,-0.0916585549712181,-0.0504593774676322,-0.0390285737812519,-147.22234226968678,0.9331396283828202,0.01987213268876073,33.931491502706386
7,multiposture,front,32,lateral_trunk_tilt_left,bad,0.2546226382255554,-0.4140660762786865,-0.1902671009302139,0.3217658996582031,-0.4127588272094726,-0.0666994750499725,0.1785144060850143,-0.4377419352531433,-0.08331760764122,0.3595106303691864,-0.2611106038093567,0.021471545100212,0.0970359072089195,-0.4320571720600128,0.0679349899291992,0.09449153393507,0.0466746054589748,0.0404319576919078,-0.0918278023600578,-0.050609964877367,-0.0387858897447586,-146.92429522895355,0.9288879178944593,0.026349369436502457,33.36625258145636
7,multiposture,front,32,lateral_trunk_tilt_left,bad,0.2481748312711715,-0.4014974236488342,-0.2461941391229629,0.3169813752174377,-0.40736785531044,-0.1289988607168197,0.1726346164941787,-0.4291442930698395,-0.1463686227798462,0.3583765923976898,-0.2558068931102752,-0.0299444925040006,0.0933864265680313,-0.4296854138374328,0.0172960385680198,0.0948582291603088,0.0464310236275196,0.0404943451285362,-0.0918716862797737,-0.050227615982294,-0.0387412719428539,-146.72832754829702,0.922415800512096,0.02229332178831092,33.35785914962888
7,multiposture,front,32,lateral_trunk_tilt_left,bad,0.2515327036380768,-0.4002367854118347,-0.209906980395317,0.3184125125408172,-0.4041761755943298,-0.0869456976652145,0.1756010949611663,-0.4296492338180542,-0.1074881553649902,0.3583569824695587,-0.2558518052101135,0.0046811890788376,0.0938642993569374,-0.4296269714832306,0.0502678602933883,0.0951630026102066,0.0464324653148651,0.0410563349723815,-0.0919593572616577,-0.0500367768108844,-0.0392232798039913,-146.69456048879886,0.9155727618481,0.02542206272482872,33.365097349216136
7,multiposture,front,32,lateral_trunk_tilt_left,bad,0.2529310882091522,-0.3936531841754913,-0.2276037782430648,0.3195297420024872,-0.402972400188446,-0.106140524148941,0.1745935976505279,-0.4257851243019104,-0.1276503950357437,0.3613836467266083,-0.2552379667758941,-0.0142474183812737,0.0938124507665634,-0.4295417070388794,0.0305941738188266,0.0953361839056015,0.0462687499821186,0.0412242859601974,-0.0919775366783142,-0.0497637428343296,-0.0393430367112159,-146.91859685205745,0.9052891106442442,0.025333039462566376,33.55288950711793
7,multiposture,front,32,lateral_trunk_tilt_left,bad,0.2577311098575592,-0.4110004305839538,-0.165429025888443,0.3226161003112793,-0.408954381942749,-0.0429037846624851,0.1784229874610901,-0.4401599764823913,-0.0609971731901168,0.3610008060932159,-0.2657532095909118,0.0393324680626392,0.0941929444670677,-0.43323415517807,0.0870661213994026,0.0956435278058052,0.0464359857141971,0.0411350391805172,-0.0921604335308075,-0.0498581379652023,-0.0390137769281864,-147.88263732098525,0.8999049058990756,0.0301342345774174,33.00030856292861
7,multiposture,front,33,lateral_trunk_tilt_right,bad,-0.2865603268146515,-0.3465476632118225,-0.470548152923584,-0.1957337409257888,-0.4321411848068237,-0.3532471656799316,-0.3263178467750549,-0.3222547769546509,-0.320111870765686,-0.0309002995491027,-0.3722917437553406,-0.186756283044815,-0.3820568919181824,-0.3068905472755432,-0.1436399221420288,0.0832554623484611,-0.0487628169357776,0.024125188589096,-0.0849114283919334,0.0437011867761611,-0.0249110460281372,169.44981876558936,1.1165533465032105,-0.08008173108100897,-31.38861841779452
7,multiposture,front,33,lateral_trunk_tilt_right,bad,-0.266216367483139,-0.4249642491340637,-0.345255047082901,-0.1930624097585678,-0.4795005917549133,-0.2374797761440277,-0.3095530569553375,-0.3904796838760376,-0.2312425076961517,-0.045014701783657,-0.405941367149353,-0.1177472174167633,-0.3947868049144745,-0.3418099880218506,-0.0833388939499855,0.0809381231665611,-0.0479793213307857,0.0234167035669088,-0.0816203877329826,0.0436198338866233,-0.0216945260763168,169.61011307573744,1.047784328226137,-0.04631561413407323,-30.570213164271728
7,multiposture,front,33,lateral_trunk_tilt_right,bad,-0.2753383219242096,-0.4270829260349273,-0.3360647857189178,-0.2006583213806152,-0.4809230268001556,-0.227918729186058,-0.3085173070430755,-0.3927210867404938,-0.2223552912473678,-0.0494811721146106,-0.4059312045574188,-0.1096517071127891,-0.3981741666793823,-0.3432535529136657,-0.075370468199253,0.079548180103302,-0.0477537885308265,0.0231729354709386,-0.0800382047891616,0.0436050184071064,-0.0205237492918968,169.80988762834974,1.0678810968129075,-0.051510652527213124,-30.971882813445607
7,multiposture,front,33,lateral_trunk_tilt_right,bad,-0.3042642176151275,-0.4239538609981537,-0.3173924088478088,-0.2175131142139434,-0.481478214263916,-0.2163703590631485,-0.3187464475631714,-0.3927661478519439,-0.1998341381549835,-0.0519629195332527,-0.4081687033176422,-0.1025763899087905,-0.4010884165763855,-0.3462439179420471,-0.0599060766398906,0.0794923603534698,-0.0470190346240997,0.0227436907589435,-0.0799830257892608,0.0431648306548595,-0.0196084175258874,169.94198875443024,1.1605171249644501,-0.0777385495603084,-31.088518389743452
7,multiposture,front,33,lateral_trunk_tilt_right,bad,-0.3085015714168548,-0.4293025434017181,-0.2974734008312225,-0.2179561257362365,-0.483133852481842,-0.2002700418233871,-0.3227165639400482,-0.3960824012756347,-0.1761667430400848,-0.0517117045819759,-0.4080997407436371,-0.0911241397261619,-0.4013692140579223,-0.348746508359909,-0.0455937050282955,0.079250656068325,-0.0467157177627086,0.0224660970270633,-0.079731784760952,0.0429891534149646,-0.0192050673067569,170.36605682382947,1.1777743253250084,-0.08196111209690571,-31.004462060231383
7,multiposture,front,33,lateral_trunk_tilt_right,bad,-0.318643718957901,-0.4115763306617737,-0.3090418577194214,-0.2210384011268615,-0.47608083486557,-0.2180303782224655,-0.3255094885826111,-0.3915678858757019,-0.1843603402376175,-0.0535251162946224,-0.4077672958374023,-0.1055990979075431,-0.4019533097743988,-0.345613032579422,-0.0542364306747913,0.0790972560644149,-0.0465490482747554,0.0218985974788665,-0.0796308368444442,0.0429341197013855,-0.0184609424322843,169.8856961058365,1.2105494214191952,-0.09090450592339039,-31.248661312259543
7,multiposture,front,33,lateral_trunk_tilt_right,bad,-0.3087168037891388,-0.4187223613262176,-0.3204315900802612,-0.2196920961141586,-0.4782617390155792,-0.2211180329322815,-0.3246837556362152,-0.3929043114185333,-0.1987763196229934,-0.0534726865589618,-0.4071404933929443,-0.1102427095174789,-0.4015655815601349,-0.3446599245071411,-0.0609318353235721,0.0790848061442375,-0.0465420968830585,0.0212920382618904,-0.0796254351735115,0.0429727062582969,-0.0177731439471244,169.8241133115912,1.1593063253204596,-0.08119766972959044,-31.275732391390168
7,multiposture,front,34,neutral_spinal_alignment,good,-0.020587932318449,-0.507472574710846,-0.1896416544914245,0.0404402837157249,-0.5256097316741943,-0.0720844268798828,-0.0893375128507614,-0.4798699915409088,-0.0852544754743576,0.1518919020891189,-0.4105986058712005,0.0256670117378234,-0.1808539628982544,-0.4268422126770019,0.0564484596252441,0.1068257093429565,-0.0148766674101352,0.0366962254047393,-0.1057865545153617,0.0106975305825471,-0.032882809638977,-177.20521886963397,0.9600911055016,-0.006106901913881253,-2.0620183068916806
7,multiposture,front,34,neutral_spinal_alignment,good,-0.0194743536412715,-0.5047425031661987,-0.2230749577283859,0.0407283082604408,-0.5269798636436462,-0.1045633852481842,-0.0899280309677124,-0.4800174236297607,-0.1184332594275474,0.1495999991893768,-0.4110085070133209,-0.0007541009690612,-0.1807736158370971,-0.4304152429103851,0.0331284143030643,0.106277622282505,-0.0126930903643369,0.0372673459351062,-0.1049307286739349,0.0083275940269231,-0.0333862081170082,-176.63820681254944,0.9450689068583944,-0.0038875453174113464,-2.224876638280794
7,multiposture,front,34,neutral_spinal_alignment,good,-0.0175931137055158,-0.5023074150085449,-0.1966743320226669,0.0447238609194755,-0.5271071791648865,-0.0748745128512382,-0.0876802057027816,-0.4793265461921692,-0.0867017954587936,0.1510600745677948,-0.4099211394786834,0.0265377257019281,-0.176022857427597,-0.4310016334056854,0.0610534250736236,0.1062274575233459,-0.0119202779605984,0.0374257639050483,-0.1047663539648056,0.0075458940118551,-0.0333869606256485,-176.3123874201243,0.9478943952856507,-0.005111722275614704,-1.809188780836694
7,multiposture,front,34,neutral_spinal_alignment,good,-0.0145227396860718,-0.5033482313156128,-0.1873267292976379,0.0457611754536628,-0.5279438495635986,-0.0601580701768398,-0.0880589708685875,-0.4793286323547363,-0.0770843997597694,0.1512254029512405,-0.4097894728183746,0.0393872261047363,-0.1756027936935424,-0.4309169352054596,0.0701077505946159,0.1062192544341087,-0.0116226635873317,0.0375684052705764,-0.1046638339757919,0.0072371577844023,-0.0334624052047729,-176.3013213897399,0.9481741574448879,-0.002334044314920857,-1.7760702703818148
7,multiposture,front,34,neutral_spinal_alignment,good,-0.0133978901430964,-0.5045047998428345,-0.1945683360099792,0.0486682802438735,-0.5287120938301086,-0.0738109797239303,-0.0855036452412605,-0.480796217918396,-0.0875162556767463,0.1521820873022079,-0.4071452021598816,0.0302218869328498,-0.1717255860567093,-0.4316240847110748,0.0641412213444709,0.1060453578829765,-0.0111670056357979,0.0378142371773719,-0.1044042557477951,0.0067974147386848,-0.0335941202938556,-175.6781646509844,0.9478561884236095,-0.003626140765845701,-1.454371956865844
7,multiposture,front,34,neutral_spinal_alignment,good,-0.0131910741329193,-0.5050519704818726,-0.2120375782251358,0.0487372577190399,-0.530195951461792,-0.0931466817855835,-0.0845720246434211,-0.4817950129508972,-0.1042390987277031,0.1535199284553527,-0.4089967012405395,0.0101087996736168,-0.1724639236927032,-0.4341364204883575,0.0472296066582202,0.1061601340770721,-0.010904754512012,0.0380762554705143,-0.1044527217745781,0.0065361037850379,-0.0338492132723331,-175.59010547986878,0.9406231224179173,-0.0037190765142440536,-1.4104072430006078
7,multiposture,front,34,neutral_spinal_alignment,good,0.0292143356055021,-0.4973372519016266,-0.2022090554237365,0.1378223747014999,-0.5143112540245056,-0.084552563726902,-0.0088734431192278,-0.4924876689910888,-0.061970766633749,0.241130456328392,-0.3923984467983246,0.0327669195830822,-0.1125798299908638,-0.4415100812911987,0.0989854112267494,0.0893987491726875,0.0060973661020398,0.0585479661822319,-0.0864902883768081,-0.0119748674333095,-0.0577287822961807,-172.09518839101582,0.9876094809802652,-0.035060977563262,8.628020855106106
7,multiposture,front,34,neutral_spinal_alignment,good,0.0843545049428939,-0.4801607131958008,-0.2026640921831131,0.1653851121664047,-0.4995303452014923,-0.0750992372632026,0.007522284053266,-0.467112272977829,-0.0723394006490707,0.2675333023071289,-0.3628024458885193,0.0382261462509632,-0.0781915560364723,-0.4242866337299347,0.0921796560287475,0.0900351628661155,0.0167386643588542,0.0563604794442653,-0.0865463539958,-0.0226196460425853,-0.0541546009480953,-169.9158692459799,0.9510656808547413,-0.010316368192434394,13.382156187280577
7,multiposture,front,34,neutral_spinal_alignment,good,0.0800935849547386,-0.4846284985542297,-0.2074937969446182,0.162052646279335,-0.5073140859603882,-0.0869693234562873,0.0024451522622257,-0.4691708385944366,-0.0751931145787239,0.2666926980018616,-0.3680500388145447,0.0289306882768869,-0.0787287577986717,-0.4245404303073883,0.0803715586662292,0.0899285748600959,0.0177611168473958,0.0577111132442951,-0.0862358137965202,-0.023635970428586,-0.0556243807077407,-170.71204181085918,0.9663303393578911,-0.013888385146856336,13.182650977866466
7,multiposture,front,34,neutral_spinal_alignment,good,-0.0210980344563722,-0.5051733255386353,-0.3135003745555877,0.0669736564159393,-0.519777774810791,-0.1929399967193603,-0.0718758404254913,-0.4831385612487793,-0.1901966631412506,0.175909623503685,-0.3887190222740173,-0.0577176809310913,-0.159177616238594,-0.4353564083576202,-0.013690710067749,0.1102240011096,0.0049873841926455,0.0288266241550445,-0.1103845164179802,-0.0087346052750945,-0.0252246856689453,-172.0764835517474,1.0172988766147883,-0.029464038088917698,1.1796905981231038
7,multiposture,front,34,neutral_spinal_alignment,good,-0.0125025305896997,-0.5077791213989258,-0.3162930309772491,0.0637490898370742,-0.5238340497016907,-0.1971551477909088,-0.0737133026123046,-0.485672265291214,-0.2011501044034958,0.1718137711286544,-0.3924254775047302,-0.0655779913067817,-0.1566465198993683,-0.4415518641471863,-0.0221348945051431,0.1087781265377998,0.004193996079266,0.0257165655493736,-0.10825826972723,-0.0078722639009356,-0.022000852972269,-171.4935730806906,0.9930119960608147,-0.020086156204342755,1.0106561175510758
8,multiposture,front,35,posterior_trunk_recline,bad,-0.0195490382611751,-0.4908497333526611,-0.0316303297877311,0.0634963661432266,-0.5135256052017212,0.1178632676601409,-0.0915499180555343,-0.4541210830211639,0.113359548151493,0.1607325077056884,-0.3505409657955169,0.1995099633932113,-0.1675191074609756,-0.4196670651435852,0.204894483089447,0.1025201603770256,-0.0025231908075511,0.0335660763084888,-0.1006363779306411,-0.0021118258591741,-0.0301442276686429,-168.10791626655524,1.1286703544633572,-0.0161557383835315,-0.6488670053201893
8,multiposture,front,36,thoracic_kyphotic_slouch,bad,-0.0209709033370018,-0.2639248967170715,-0.585055947303772,0.0890593379735946,-0.3488200306892395,-0.4934279918670654,-0.0703202337026596,-0.2910423576831817,-0.4894492924213409,0.2180427461862564,-0.3054570853710174,-0.3150808215141296,-0.1233849227428436,-0.3500984013080597,-0.2872979640960693,0.1090573668479919,0.0035422900691628,0.0428927540779113,-0.1090174242854118,-0.0079797180369496,-0.0421301126480102,-172.55089229062526,1.1118108483828704,-0.0682998150587082,8.268119851072194
8,multiposture,front,36,thoracic_kyphotic_slouch,bad,-0.0577437132596969,-0.2243043333292007,-0.5805970430374146,0.0525395348668098,-0.305081307888031,-0.5083224773406982,-0.0789506360888481,-0.2499059438705444,-0.4854657649993896,0.1786720752716064,-0.2843730747699737,-0.3274459540843963,-0.1418730616569519,-0.3284144997596741,-0.26568803191185,0.1037814915180206,0.0036269398406147,0.0374561697244644,-0.1031703352928161,-0.0078381784260272,-0.0356797911226749,-172.17680591260256,1.0273902775344068,-0.07614322006702415,3.402979675293559
8,multiposture,front,36,thoracic_kyphotic_slouch,bad,-0.0471838824450969,-0.195229172706604,-0.5957070589065552,0.0634156018495559,-0.2712589502334595,-0.5303510427474976,-0.0675950646400451,-0.2198744714260101,-0.5099315047264099,0.1751908361911773,-0.2602196633815765,-0.3506570160388946,-0.1408955752849578,-0.3074926137924194,-0.2968501448631286,0.100631445646286,0.0029099395032972,0.0352651588618755,-0.1001321747899055,-0.0067546139471232,-0.0331973433494567,-171.4940568492312,1.0135636951550695,-0.06433151289820666,3.4299787401728654
8,multiposture,front,36,thoracic_kyphotic_slouch,bad,-0.0485153943300247,-0.1684623658657074,-0.6248868703842163,0.061619896441698,-0.2448121905326843,-0.5543445348739624,-0.0694949626922607,-0.198139414191246,-0.5394566059112549,0.172074556350708,-0.2357831746339798,-0.3668116331100464,-0.1452216207981109,-0.2875139713287353,-0.3106840550899505,0.1004731506109237,0.0024316003546118,0.0343028604984283,-0.0999644994735717,-0.0061977738514542,-0.0321951583027839,-170.74017875699784,0.989912418551449,-0.06194186210632325,2.9028579067436953
8,multiposture,front,36,thoracic_kyphotic_slouch,bad,-0.0103885531425476,-0.292946308851242,-0.6268660426139832,0.0711317956447601,-0.3334091007709503,-0.5202212929725647,-0.0666927322745323,-0.2919116914272308,-0.5211750268936157,0.1727283895015716,-0.2367953211069107,-0.3566412329673767,-0.1433876156806945,-0.2921367585659027,-0.3077190816402435,0.1001371666789054,0.0019254960352554,0.0345580838620662,-0.099657192826271,-0.0055079003795981,-0.0324552990496158,-170.07003738956084,0.9579687251053163,-0.025058940052986152,3.1444608975471753
8,multiposture,front,36,thoracic_kyphotic_slouch,bad,0.0019022420747205,-0.3002780377864837,-0.6316492557525635,0.0800415575504303,-0.3485826849937439,-0.5087467432022095,-0.0644466131925582,-0.3027772009372711,-0.5127159357070923,0.1727776527404785,-0.2491393387317657,-0.349339097738266,-0.1342117637395858,-0.295796275138855,-0.3082195222377777,0.0994869694113731,0.0017109820619225,0.0363656766712665,-0.0991082936525344,-0.005182939581573,-0.0342385806143283,-171.3581925211213,0.9515637020808578,-0.01738070242572585,4.0341569281977385
8,multiposture,front,36,thoracic_kyphotic_slouch,bad,-0.0026093292981386,-0.4457245171070099,-0.4188802540302276,0.0749719887971878,-0.4652151763439178,-0.2948904037475586,-0.068239152431488,-0.4193098247051239,-0.296837568283081,0.1589629054069519,-0.3311957716941833,-0.141719102859497,-0.1284421682357788,-0.3850506544113159,-0.089849829673767,0.1031279414892196,0.0026903734542429,0.0326971411705017,-0.1007216572761535,-0.0080459080636501,-0.02952241897583,-169.38680966521244,0.9529720191698412,-0.01786969788372515,2.264764519894618
8,multiposture,front,36,thoracic_kyphotic_slouch,bad,-0.0106165222823619,-0.4504969716072082,-0.4322254657745361,0.0753175765275955,-0.465215802192688,-0.3013208210468292,-0.0702062547206878,-0.425236165523529,-0.2998971045017242,0.1608682721853256,-0.3308634459972381,-0.1403701901435852,-0.1502656191587448,-0.3882642686367035,-0.0777076333761215,0.1038486361503601,0.0039581563323736,0.033065091818571,-0.1017933040857315,-0.0091417506337165,-0.0297689735889434,-169.54708619225025,0.9299232746558986,-0.015917848795652292,0.6859108551753144
8,multiposture,front,36,thoracic_kyphotic_slouch,bad,-0.0077496343292295,-0.4495413303375244,-0.4382408559322357,0.0757898315787315,-0.4676237106323242,-0.3040673434734344,-0.0721633434295654,-0.424004852771759,-0.3068541288375854,0.1620844155550003,-0.3338200151920318,-0.1396248489618301,-0.1530162394046783,-0.390612930059433,-0.0814103037118911,0.1042800918221473,0.0045596468262374,0.0334313921630382,-0.1023486405611038,-0.009699648246169,-0.0300931744277477,-169.78285307535376,0.9300907709793652,-0.012283722404390508,0.5684621294230229
8,multiposture,front,36,thoracic_kyphotic_slouch,bad,-0.0055007361806929,-0.4487761259078979,-0.4529641270637512,0.0772753357887268,-0.4678161144256592,-0.3177126049995422,-0.0705123618245124,-0.4243682622909546,-0.3231278359889984,0.1630553007125854,-0.3356673419475555,-0.1519577801227569,-0.1532420814037323,-0.3917851448059082,-0.0930126309394836,0.1043911650776863,0.0049031837843358,0.0335814952850341,-0.1025021001696586,-0.00998548977077,-0.030230339616537,-169.9392179378302,0.9232338824395184,-0.010407345835119448,0.628489942548464
8,multiposture,front,36,thoracic_kyphotic_slouch,bad,-0.0084728905931115,-0.4511618018150329,-0.4307979643344879,0.0752590075135231,-0.4699548482894897,-0.299286425113678,-0.071940116584301,-0.425889104604721,-0.3016013503074646,0.1628753095865249,-0.3358478844165802,-0.1409053355455398,-0.1541295945644378,-0.3923525810241699,-0.0815756469964981,0.1044963672757148,0.0048907925374805,0.0336668528616428,-0.1027278527617454,-0.0100001562386751,-0.030258473008871,-169.89342679700903,0.929539383293849,-0.012845748104155048,0.5528373048522459
8,multiposture,front,36,thoracic_kyphotic_slouch,bad,-0.0076862182468175,-0.4632481932640075,-0.4118502736091614,0.0777749046683311,-0.474918782711029,-0.2787394821643829,-0.0705580860376358,-0.4358768165111542,-0.282609224319458,0.1627799123525619,-0.3368644416332245,-0.1263723075389862,-0.1539537608623504,-0.3951981663703918,-0.0660870447754859,0.1047533079981803,0.0050511760637164,0.0336839593946933,-0.1029473319649696,-0.0101267453283071,-0.030265137553215,-169.56461575431373,0.9322850353592278,-0.012099293991923244,0.5532614779023372
8,multiposture,front,36,thoracic_kyphotic_slouch,bad,-0.0368510410189628,-0.462397038936615,-0.4687800407409668,0.0556459389626979,-0.4785891473293304,-0.3583803176879883,-0.0854711979627609,-0.436696857213974,-0.3455378115177154,0.1493255794048309,-0.3425404727458954,-0.2249498069286346,-0.1469635069370269,-0.3898118138313293,-0.1562060117721557,0.0974810197949409,-0.0017951156478375,0.0258251428604125,-0.095811553299427,-0.0023319669999182,-0.0223697423934936,-170.93516282200727,0.9708361480556325,-0.0380320772528648,0.054493289847996416
8,multiposture,front,36,thoracic_kyphotic_slouch,bad,-0.011913233436644,-0.460254818201065,-0.4482111930847168,0.0692587345838546,-0.4802780747413635,-0.3265085518360138,-0.073456697165966,-0.4303304851055145,-0.3269538283348083,0.1631448417901992,-0.3417456746101379,-0.1804865151643753,-0.1462588906288147,-0.3855022192001343,-0.1306954622268676,0.0994532331824302,-0.0014011982129886,0.0283366870135068,-0.0980788767337799,-0.0028023386839777,-0.0251121018081903,-171.9504877955076,0.9669653599205736,-0.02035620901733625,1.2289876743918247
8,multiposture,front,36,thoracic_kyphotic_slouch,bad,-0.0022755726240575,-0.4684324860572815,-0.4497743546962738,0.074423149228096,-0.4838490188121795,-0.3246671557426452,-0.0694793164730072,-0.4320556223392486,-0.3309893012046814,0.1668562293052673,-0.3421618640422821,-0.185852363705635,-0.1438235342502594,-0.3845509886741638,-0.1370877623558044,0.10030248016119,-0.0009964474011212,0.0302284099161624,-0.0989633798599243,-0.0031951779965311,-0.0272006653249263,-172.23054262411463,0.9564375023828917,-0.013791920151561454,1.7197807804507608
8,multiposture,front,36,thoracic_kyphotic_slouch,bad,-0.0052216458134353,-0.4668345749378204,-0.4384255111217499,0.0726270824670791,-0.4849728643894195,-0.3157316148281097,-0.0709871724247932,-0.4318946599960327,-0.3219606578350067,0.1675879657268524,-0.3430711627006531,-0.1800599843263626,-0.1439063996076584,-0.3851786851882934,-0.1337079256772995,0.1007196381688118,-0.0008935211226344,0.0309836212545633,-0.0993878468871116,-0.0033022409770637,-0.0279434956610202,-172.30147545568255,0.9708577123220281,-0.0170624288730323,1.7680188875103582
8,multiposture,front,36,thoracic_kyphotic_slouch,bad,0.0428225360810756,-0.463242620229721,-0.436376541852951,0.0777379870414733,-0.4833126664161682,-0.3145651221275329,-0.0522184446454048,-0.4289706945419311,-0.3412400186061859,0.1670728772878646,-0.3436071276664734,-0.1789212524890899,-0.1433111429214477,-0.3851620554924011,-0.1429509967565536,0.1008393019437789,-0.0008465296705253,0.0312054939568042,-0.0995030924677848,-0.0033823533449321,-0.0281977429986,-172.37445455048083,0.8701275978699412,0.030941668897867147,1.7728176921791297
8,multiposture,front,36,thoracic_kyphotic_slouch,bad,-0.0033307950943708,-0.4616468846797943,-0.4499017298221588,0.0769090354442596,-0.4709130823612213,-0.328317791223526,-0.065988652408123,-0.430950254201889,-0.3266739249229431,0.1686722189188003,-0.3367234468460083,-0.1981765478849411,-0.1398413628339767,-0.3818057179450989,-0.1469346433877945,0.1011068373918533,-0.0005281221820041,0.0310523528605699,-0.0997720956802368,-0.0038221501745283,-0.028072603046894,-171.68636080578364,0.9640701746723406,-0.017746223136782605,2.2048167727976407
8,multiposture,front,36,thoracic_kyphotic_slouch,bad,-0.0176206361502408,-0.4504130780696869,-0.443190723657608,0.0613813288509845,-0.4752745628356933,-0.3142786026000976,-0.0839075967669487,-0.4286733269691467,-0.3188125789165497,0.1617166548967361,-0.3389463126659393,-0.1603747606277465,-0.1653594970703125,-0.3975671231746673,-0.0966153144836425,0.1013757660984993,0.0005654947599396,0.032585471868515,-0.0991076901555061,-0.0049676150083541,-0.0295567512512207,-169.83894310851898,0.9277355731582276,-0.015799215063452596,-0.46258443943942024
8,multiposture,front,36,thoracic_kyphotic_slouch,bad,-0.0267739184200763,-0.4649331569671631,-0.4326178431510925,0.0625445172190666,-0.4848244190216064,-0.2837324142456054,-0.0894844457507133,-0.4393317401409149,-0.282254695892334,0.1628729254007339,-0.3426583409309387,-0.1384729146957397,-0.1751852035522461,-0.4012507796287536,-0.0720615833997726,0.1022820174694061,0.0004949157009832,0.0328304879367351,-0.1002320274710655,-0.0048100403510034,-0.0298151094466447,-170.16714416672755,0.9383767082953078,-0.0206177793443202,-1.1124940687893718
8,multiposture,front,36,thoracic_kyphotic_slouch,bad,-0.005532001145184,-0.4413302540779114,-0.4368813037872314,0.0670166462659835,-0.4798158407211303,-0.3000445365905761,-0.0818701386451721,-0.4263476431369781,-0.3151397109031677,0.164732277393341,-0.3507916331291199,-0.1351905912160873,-0.1707343608140945,-0.4122228920459747,-0.0739515200257301,0.1028011664748191,-0.0008072106284089,0.0339298136532306,-0.1008477956056594,-0.003479252802208,-0.0308293290436267,-169.6228677641057,0.8955412545411371,-0.0025309594348072607,-0.6007386241103025
8,multiposture,front,36,thoracic_kyphotic_slouch,bad,-0.014207842759788,-0.4501729905605316,-0.4538843035697937,0.0613880828022956,-0.4873916804790497,-0.3169716000556946,-0.0876817107200622,-0.4303725957870483,-0.3279068768024444,0.1651409715414047,-0.3510377705097198,-0.1593148857355117,-0.1716403812170028,-0.4053829908370971,-0.0961358398199081,0.102959468960762,-0.0003097891749348,0.0340435802936553,-0.1010033190250396,-0.0039253556169569,-0.0310730971395969,-170.83340032474462,0.9121121182870517,-0.010958137921988942,-0.6440530941710993
8,multiposture,front,36,thoracic_kyphotic_slouch,bad,-0.0187437590211629,-0.4686608612537384,-0.4248238801956177,0.0618627779185771,-0.4962503612041473,-0.2855724990367889,-0.0900613665580749,-0.4386879205703735,-0.2867444455623626,0.1667106002569198,-0.3539943993091583,-0.1339679211378097,-0.1707098931074142,-0.4058626592159271,-0.0643919110298156,0.1032143533229827,0.0001585374848218,0.034000638872385,-0.1012391820549964,-0.0043269502930343,-0.0311473626643419,-171.260901872143,0.9175647555057889,-0.016744112595915708,-0.45297021336826093
8,multiposture,front,36,thoracic_kyphotic_slouch,bad,0.0136285917833447,-0.4607215225696563,-0.4381484389305115,0.0753359645605087,-0.4849032163619995,-0.2973773181438446,-0.0706588551402092,-0.4318606853485107,-0.3206152617931366,0.1687482744455337,-0.3495348393917084,-0.1439428627490997,-0.1693001240491867,-0.4041791260242462,-0.0869813337922096,0.1032161563634872,0.0002424218109808,0.0342849306762218,-0.1012236550450325,-0.0043895873241126,-0.0314307324588298,-170.81777292519172,0.8767774662969718,0.013904516585171205,-0.19448568100687386
8,multiposture,front,36,thoracic_kyphotic_slouch,bad,-0.0077555198222398,-0.4842390418052673,-0.4558583498001098,0.0606299601495265,-0.5063948631286621,-0.3291966617107391,-0.0868768244981765,-0.4465651512145996,-0.343630850315094,0.1567723602056503,-0.3741184771060943,-0.1572374552488327,-0.1526218503713607,-0.4213203191757202,-0.1117096692323684,0.1062602400779724,8.553392945032101e-06,0.0301076397299766,-0.1041641011834144,-0.0037128757685422,-0.0270666368305683,-171.32571928235646,0.9462003408646477,-0.009830774739384603,0.14866918659497255
8,multiposture,front,36,thoracic_kyphotic_slouch,bad,-0.0123406434431672,-0.4831236600875854,-0.469996690750122,0.0723233968019485,-0.4966288805007934,-0.3455939292907715,-0.076545313000679,-0.45195472240448,-0.3456132709980011,0.1672322154045105,-0.355742871761322,-0.1728105843067169,-0.1503453701734542,-0.4250858128070831,-0.1150487661361694,0.1064900010824203,0.0032081578392535,0.0271974131464958,-0.1048491671681404,-0.0069743958301842,-0.0243383850902318,-167.68280774834076,0.9600871096935916,-0.020784066058695348,1.1240023820651006
8,multiposture,front,36,thoracic_kyphotic_slouch,bad,-0.029563071206212,-0.4890992939472198,-0.4641893804073334,0.0634607151150703,-0.4997133314609527,-0.3426340818405151,-0.0843398422002792,-0.4529831409454345,-0.3357193768024444,0.166342630982399,-0.3542608618736267,-0.1721681058406829,-0.1532156020402908,-0.4244397580623626,-0.1080008894205093,0.1066883206367492,0.00421844702214,0.025661963969469,-0.1052258908748626,-0.008085343055427,-0.0229207780212163,-167.61377508942434,0.9844903978097425,-0.03612658567726609,0.8624841696111426
8,multiposture,front,36,thoracic_kyphotic_slouch,bad,-0.0181427560746669,-0.4815435707569122,-0.4684256315231323,0.0695401057600975,-0.4961392283439636,-0.3449186682701111,-0.0819966197013855,-0.4499925673007965,-0.3406946957111358,0.1659604758024215,-0.354307621717453,-0.171096533536911,-0.1532374769449234,-0.4239641726016998,-0.1085929945111274,0.1066765114665031,0.0045096748508512,0.0250835139304399,-0.1052631586790084,-0.0083770668134093,-0.0223890226334333,-167.6896948591276,0.9575280584527547,-0.024504255503415943,0.8367061474542551
8,multiposture,front,36,thoracic_kyphotic_slouch,bad,-0.0357085578143596,-0.4802783727645874,-0.4690016806125641,0.0623050779104232,-0.4959693551063537,-0.3471811413764953,-0.0880838930606842,-0.4490874707698822,-0.338840901851654,0.1648536920547485,-0.3552481830120086,-0.1712960451841354,-0.1533291786909103,-0.4239763617515564,-0.1085442528128624,0.1068689003586769,0.0048234122805297,0.0248989276587963,-0.1055484116077423,-0.0087439334020018,-0.0221629831939935,-167.81125003837053,0.9916358368619063,-0.0414708144962787,0.7540445714582475
8,multiposture,front,36,thoracic_kyphotic_slouch,bad,-0.0070949010550975,-0.4808894991874695,-0.4706568121910095,0.0693797767162323,-0.496716171503067,-0.3422071635723114,-0.0817395597696304,-0.4465541839599609,-0.3441506922245025,0.1650114059448242,-0.355503648519516,-0.1692646294832229,-0.1533580124378204,-0.4216395616531372,-0.1097979396581649,0.1069278568029403,0.0048714913427829,0.0249765571206808,-0.1056236997246742,-0.0087829353287816,-0.0222662892192602,-168.26466719187022,0.9369539651455907,-0.012921597808599392,0.7668233378826116
8,multiposture,front,36,thoracic_kyphotic_slouch,bad,0.0005876027280464,-0.4781961441040039,-0.4741958081722259,0.0707330554723739,-0.4963310360908508,-0.3436299562454223,-0.0801642015576362,-0.4436856806278229,-0.3543208241462707,0.1645896583795547,-0.3571563363075256,-0.1700394302606582,-0.1533386260271072,-0.4208004176616668,-0.1151504218578338,0.1068421453237533,0.004822137299925,0.0249698627740144,-0.1055389419198036,-0.008717474527657,-0.022261906415224,-168.67994381876005,0.9273045149207152,-0.005037913448177341,0.7362945964133503
8,multiposture,front,37,lateral_trunk_tilt_left,bad,0.3096901178359985,-0.338533341884613,-0.4958406686782837,0.3480727076530456,-0.3525209128856659,-0.381584882736206,0.1804121732711792,-0.3594070076942444,-0.4104152917861938,0.3780854344367981,-0.234946995973587,-0.2299851179122924,0.1209846436977386,-0.3335761725902557,-0.2190439701080322,0.0827546939253807,0.0308762434870004,0.0420423448085784,-0.0788148939609527,-0.0338644236326217,-0.0415799617767334,-159.0121542027857,0.8757390779904464,0.060155078768730136,41.20239860735495
8,multiposture,front,37,lateral_trunk_tilt_left,bad,0.2955672740936279,-0.3240532875061035,-0.4667989611625671,0.3436667025089264,-0.3362006247043609,-0.3431404829025268,0.1826228201389312,-0.3427365720272064,-0.3699430823326111,0.3797056972980499,-0.208019271492958,-0.1993502080440521,0.1210868433117866,-0.3326217830181122,-0.1845009624958038,0.082565888762474,0.0342669300734996,0.0423956513404846,-0.0786805376410484,-0.0385358594357967,-0.0424597710371017,-154.27524223836778,0.9140190577582399,0.045171003788709585,42.812715623831934
8,multiposture,front,37,lateral_trunk_tilt_left,bad,0.289840966463089,-0.3200591802597046,-0.4769037961959839,0.3440504372119903,-0.3349268138408661,-0.35687917470932,0.1820205152034759,-0.3402433097362518,-0.372090607881546,0.383311003446579,-0.1976386606693267,-0.2272879630327224,0.120118536055088,-0.3287024796009063,-0.1909018754959106,0.0838826820254325,0.0365944057703018,0.0419997721910476,-0.0799780935049057,-0.0417503155767917,-0.0432140976190567,-153.52774721090546,0.8816557333979644,0.03812619671225548,43.7843205831743
8,multiposture,front,37,lateral_trunk_tilt_left,bad,0.2824921905994415,-0.3243445456027984,-0.5103772282600403,0.3403166532516479,-0.3347338140010834,-0.3912170827388763,0.1788227260112762,-0.3416407108306885,-0.4107045531272888,0.3835712373256683,-0.1989025920629501,-0.245450884103775,0.1186404153704643,-0.3291693925857544,-0.2209058851003646,0.084002561867237,0.036892857402563,0.0408238284289836,-0.0801016390323638,-0.0419436134397983,-0.0418834313750267,-153.81659950865932,0.932062612908951,0.0313863642513752,43.61403423532183
8,multiposture,front,37,lateral_trunk_tilt_left,bad,0.289497047662735,-0.3219025731086731,-0.5015450119972229,0.3427537977695465,-0.3329828977584839,-0.3828189074993133,0.1816554963588714,-0.3406175374984741,-0.4053811132907867,0.3830117285251617,-0.2017395049333572,-0.2461659461259842,0.1193131059408187,-0.3276422619819641,-0.2169827371835708,0.0841444730758667,0.0367752537131309,0.0408306419849395,-0.0802573040127754,-0.0417763255536556,-0.0420451276004314,-154.47788416238947,0.8965883156648521,0.038334630429744776,43.54704654659875
8,multiposture,front,37,lateral_trunk_tilt_left,bad,0.2862135469913482,-0.3157934248447418,-0.4757056534290313,0.3409717381000519,-0.3308549225330353,-0.3551726043224334,0.1807139962911605,-0.3400324583053589,-0.3752814829349518,0.3835005760192871,-0.1999069303274154,-0.2154188901185989,0.1164935305714607,-0.3303994238376617,-0.186786949634552,0.0844214335083961,0.0372687131166458,0.0405089743435382,-0.0804959312081337,-0.0420295484364032,-0.0417033210396766,-153.9541748090184,0.8976507361388678,0.036216493695974294,43.3472875758456
8,multiposture,front,37,lateral_trunk_tilt_left,bad,0.2878492474555969,-0.3141668140888214,-0.4826684594154358,0.341232419013977,-0.3293750286102295,-0.362255185842514,0.1811927109956741,-0.3379715085029602,-0.384939044713974,0.3848314881324768,-0.202156201004982,-0.2267508506774902,0.1193209588527679,-0.3295372724533081,-0.1922017186880111,0.0847225040197372,0.0373858511447906,0.0407780706882476,-0.0807988718152046,-0.042282473295927,-0.0421067327260971,-154.37021687457482,0.8796560800161255,0.03577302396297455,43.5181510171129
8,multiposture,front,38,lateral_trunk_tilt_right,bad,-0.2782020568847656,-0.3606969714164734,-0.5272414088249207,-0.1901037991046905,-0.4181007444858551,-0.4209756851196289,-0.2988142967224121,-0.3307272791862488,-0.4149893522262573,-0.0520698428153991,-0.3253763914108276,-0.2753364443778991,-0.3987661004066467,-0.2929437160491943,-0.2390122413635254,0.0755245238542556,-0.0338820666074752,0.0244386196136474,-0.0788004249334335,0.0292598884552717,-0.0220992565155029,174.6556589198891,1.0646282332928236,-0.05278408527374273,-36.10267046715423
8,multiposture,front,38,lateral_trunk_tilt_right,bad,-0.2847760021686554,-0.3595275282859802,-0.4798150658607483,-0.2025679796934127,-0.4139771461486816,-0.3893552422523498,-0.3010397553443908,-0.3233543336391449,-0.3712815940380096,-0.0526911728084087,-0.3225063383579254,-0.2548550069332123,-0.3771204054355621,-0.2901530861854553,-0.2019006758928299,0.075077086687088,-0.0341840870678424,0.0247908253222703,-0.0781284943222999,0.0295297894626855,-0.0224073641002178,174.3050868460815,1.0809823647571035,-0.06987021304667002,-35.06510335178545
8,multiposture,front,38,lateral_trunk_tilt_right,bad,-0.2965449094772339,-0.3676952421665191,-0.4724071323871612,-0.2133545130491256,-0.4171928763389587,-0.3808115720748901,-0.3085252940654754,-0.3263103365898132,-0.3631826043128967,-0.0576795749366283,-0.3228349387645721,-0.250410795211792,-0.3789621889591217,-0.2909766137599945,-0.196977213025093,0.0749801993370056,-0.0344450064003467,0.0248543787747621,-0.077950045466423,0.0297677647322416,-0.0224144607782363,174.3370731700294,1.106235615331992,-0.07822402752935889,-35.44888663832539
8,multiposture,front,38,lateral_trunk_tilt_right,bad,-0.2967429757118225,-0.370332270860672,-0.4568977355957031,-0.211051732301712,-0.4173464179039001,-0.3672686219215393,-0.3072104752063751,-0.3330097198486328,-0.3491784036159515,-0.0564880557358264,-0.3202280104160309,-0.2379000037908554,-0.3791537880897522,-0.2928343415260315,-0.1843866556882858,0.0750128552317619,-0.0345258489251136,0.0251921415328979,-0.0779187902808189,0.0298298336565494,-0.0227422378957271,175.14734051723775,1.114783607401315,-0.07892205379903322,-35.42455097886862
8,multiposture,front,38,lateral_trunk_tilt_right,bad,-0.2979333102703094,-0.3665553033351898,-0.4568845629692077,-0.2118608355522155,-0.4163517653942108,-0.3692285716533661,-0.3068380951881408,-0.3288106620311737,-0.3476233780384063,-0.0551503151655197,-0.3207304775714874,-0.2375124245882034,-0.3778445124626159,-0.292614221572876,-0.1841470599174499,0.0751351416110992,-0.0346025228500366,0.0264362879097461,-0.0780141428112983,0.0298975482583045,-0.0239423513412475,175.02041019677168,1.1251113472619845,-0.08143589645624158,-35.24822933343564
8,multiposture,front,38,lateral_trunk_tilt_right,bad,-0.2970083057880401,-0.3635582625865936,-0.464078813791275,-0.2115080654621124,-0.4153349697589874,-0.3746857345104217,-0.3064093887805938,-0.3268527090549469,-0.3531828820705414,-0.055886548012495,-0.320852130651474,-0.2392471581697464,-0.37732794880867,-0.2918791174888611,-0.1864027827978134,0.0751640424132347,-0.0347536578774452,0.0267343837767839,-0.0780302956700325,0.0300519336014986,-0.0241560898721218,174.84958176066962,1.1162495106967703,-0.08040105737745762,-35.28991497046398
8,multiposture,front,38,lateral_trunk_tilt_right,bad,-0.2917017340660095,-0.3503761291503906,-0.4833166301250458,-0.2074800282716751,-0.4083759784698486,-0.3931999802589416,-0.3042584061622619,-0.3195193409919739,-0.3724705874919891,-0.0542922057211399,-0.3203496634960174,-0.2495839595794677,-0.3771535158157348,-0.2885486781597137,-0.2008810341358184,0.0751637294888496,-0.0348537229001522,0.0270861554890871,-0.0780130922794342,0.0301586426794528,-0.024526385590434,174.37466222660518,1.1095276417268916,-0.07597887329757216,-35.350285001017795
8,multiposture,front,39,neutral_spinal_alignment,good,-0.042703203856945,-0.5009225606918335,-0.3196558654308319,0.0555342957377433,-0.5162801742553711,-0.1771090030670166,-0.0985571518540382,-0.4856866896152496,-0.1732796281576156,0.1392689943313598,-0.3679510951042175,-0.0592769384384155,-0.189199224114418,-0.4224545061588287,0.0190629959106445,0.0934805497527122,-0.0148946773260831,0.0113944411277771,-0.0901310220360755,0.0123453866690397,-0.0079370737075805,-170.57863446554398,0.9127496481451529,-0.017738088965415906,-3.8688073846611304
8,multiposture,front,39,neutral_spinal_alignment,good,-0.0282422136515378,-0.4832232892513275,-0.3012887835502624,0.0696239098906517,-0.5074037909507751,-0.1579087078571319,-0.0841539725661277,-0.4675006568431854,-0.1543670296669006,0.1558768004179,-0.36258265376091,-0.0317114740610122,-0.1747600585222244,-0.413426399230957,0.0255639385432004,0.0954963788390159,-0.0146296462044119,0.0197125487029552,-0.0922409370541572,0.011839136481285,-0.016084536910057,-171.2578097553878,0.9537013195520568,-0.018800584599375603,-1.6400377737005376
8,multiposture,front,39,neutral_spinal_alignment,good,-0.0332337990403175,-0.4896531403064728,-0.3226331174373626,0.0610130317509174,-0.5125117897987366,-0.1843865364789962,-0.0902236104011535,-0.4683382511138916,-0.176739752292633,0.154198557138443,-0.3646906614303589,-0.06136941537261,-0.1744562238454818,-0.4118470847606659,0.0117621729150414,0.0954794362187385,-0.0144239533692598,0.0179757755249738,-0.0922233164310455,0.0115507869049906,-0.0144410403445363,-171.8347504989518,0.9292453833956795,-0.023104965686798103,-1.7408398520155584
8,multiposture,front,39,neutral_spinal_alignment,good,-0.0272702127695083,-0.4860076308250427,-0.3151704967021942,0.0661732777953147,-0.5092060565948486,-0.1711324155330658,-0.085715539753437,-0.4663349688053131,-0.1724253445863723,0.1533311903476715,-0.3626001179218292,-0.0507054701447486,-0.1733934730291366,-0.409270316362381,0.0174569580703973,0.0956723392009735,-0.0143346898257732,0.0200476162135601,-0.0924217700958252,0.0114360311999917,-0.0164822842925786,-171.87071456385127,0.9242667712457191,-0.017239071428775753,-1.736499380372458
8,multiposture,front,39,neutral_spinal_alignment,good,-0.0295992605388164,-0.4838316738605499,-0.3282195329666137,0.0600679107010364,-0.5109663605690002,-0.1862062662839889,-0.0919549241662025,-0.4624344408512115,-0.1857551038265228,0.1544732004404068,-0.3642135262489319,-0.0602070651948452,-0.1739749461412429,-0.4080690145492553,0.004576701670885,0.096076987683773,-0.0141290565952658,0.0193221122026443,-0.0928915068507194,0.0111112417653203,-0.0158374607563018,-172.39466137576053,0.9348358205417616,-0.01984838768839835,-1.6892827785532856
8,multiposture,front,39,neutral_spinal_alignment,good,-0.0310528706759214,-0.4820620417594909,-0.3346484303474426,0.0609332807362079,-0.5097658634185791,-0.1913829743862152,-0.0922048166394233,-0.4622899293899536,-0.1910104751586914,0.1546743363142013,-0.3639996945858001,-0.0643831118941307,-0.1754466295242309,-0.4076060056686401,-0.0036186489742249,0.0962409824132919,-0.014067624695599,0.0199857465922832,-0.093063898384571,0.0110187204554677,-0.0166723728179931,-172.47525349493696,0.9451886646745157,-0.020666724070906597,-1.7848444655595017
8,multiposture,front,39,neutral_spinal_alignment,good,-0.0015360973775386,-0.4777398109436035,-0.3331230878829956,0.0818849802017211,-0.4925249516963959,-0.2024116516113281,-0.0596564374864101,-0.4651934802532196,-0.2058319002389907,0.1743434518575668,-0.35867840051651,-0.0848796367645263,-0.1476137638092041,-0.4163821041584015,-0.027015209197998,0.0942065268754959,0.0018184091895818,0.0386103093624115,-0.0913307070732116,-0.0065759159624576,-0.0341097116470336,-169.83888385024468,0.9478360581898452,-0.014900941401719952,1.7737037997140903
8,multiposture,front,39,neutral_spinal_alignment,good,-0.0230399556457996,-0.5053359270095825,-0.3331946432590484,0.0787606760859489,-0.5168294906616211,-0.2003991305828094,-0.073237806558609,-0.477441132068634,-0.1832011342048645,0.1795428246259689,-0.3669555187225342,-0.0805265828967094,-0.1615397930145263,-0.4165073931217193,0.0031015858985483,0.0939586088061332,0.0014461288228631,0.0421094857156276,-0.0911096036434173,-0.0063438308425247,-0.0394156984984874,-171.73400100257308,0.9406742342909907,-0.03204147145152089,1.1150666962980498
8,multiposture,front,39,neutral_spinal_alignment,good,-0.0321559496223926,-0.5081194043159485,-0.3378209471702575,0.0722837001085281,-0.5218406915664673,-0.2079292386770248,-0.0831080004572868,-0.4784767031669616,-0.1835397481918335,0.1863212883472442,-0.3695719540119171,-0.0863127335906028,-0.1657428741455078,-0.4137431979179382,0.0034401742741465,0.0947233811020851,0.0011199750006198,0.0444605462253093,-0.0919547230005264,-0.0061117694713175,-0.0421656109392643,-172.84883040760766,0.9534326083056986,-0.042445156723260796,1.3108251325608553
8,multiposture,front,39,neutral_spinal_alignment,good,-0.0304830875247716,-0.5076724290847778,-0.3310581743717193,0.0747567564249038,-0.5211707353591919,-0.1990795582532882,-0.0814752951264381,-0.4793256223201751,-0.178934171795845,0.1884832382202148,-0.3697229921817779,-0.0800558403134346,-0.1678217649459839,-0.4120477139949798,0.0097654704004526,0.0952446088194847,0.0006920166779309,0.0449590422213077,-0.0924592167139053,-0.0057296431623399,-0.0426808968186378,-173.2256989309852,0.9495178596758336,-0.04081382416188705,1.3183978610526814
8,multiposture,front,39,neutral_spinal_alignment,good,-0.0214201901108026,-0.5025619268417358,-0.3343909382820129,0.0766988769173622,-0.5160471796989441,-0.2036646008491516,-0.077845774590969,-0.475319355726242,-0.1834012866020202,0.1878966093063354,-0.3698051273822784,-0.0850206762552261,-0.1678410172462463,-0.4100426137447357,0.007096551824361,0.0954685136675834,0.0005274965660646,0.0447387471795082,-0.0927086770534515,-0.0055979816243052,-0.0424600280821323,-173.5467014557122,0.9182580245541682,-0.03144798614084714,1.2788310681276152
8,multiposture,front,39,neutral_spinal_alignment,good,-0.0184400603175163,-0.4967891871929168,-0.3416965305805206,0.0830947533249855,-0.5119704008102417,-0.2062808722257614,-0.0742445141077041,-0.4746741354465484,-0.1962397247552871,0.1892282515764236,-0.3690186738967895,-0.0822763368487358,-0.1662144511938095,-0.4122327864170074,-0.0018741387175396,0.0955725684762001,0.0003863451420329,0.0452938713133335,-0.0927993059158325,-0.0054788151755928,-0.042972631752491,-173.06809819392342,0.9366797636233073,-0.02994696050882334,1.4938107125240982
8,multiposture,front,39,neutral_spinal_alignment,good,-0.0216353274881839,-0.4879294633865356,-0.3422635495662689,0.0632937029004097,-0.5117245316505432,-0.2024073302745819,-0.0917003750801086,-0.453033447265625,-0.2029534578323364,0.1608940362930297,-0.3503527045249939,-0.060504388064146,-0.1694411486387252,-0.4184124767780304,0.0008081458508968,0.1026972979307174,-0.0021225968375802,0.0334965772926807,-0.1007968559861183,-0.0024255032185465,-0.030085140839219,-168.35811522894542,0.9548432907130272,-0.01736177131533615,-0.7832375044594436
9,multiposture,front,40,posterior_trunk_recline,bad,0.0168732516467571,-0.4623370468616485,-0.0937216579914093,0.0616969540715217,-0.5139874815940857,0.0302309989929199,-0.0790084823966026,-0.4665546119213104,0.0027550514787435,0.1415668278932571,-0.4066082835197449,0.1457203030586242,-0.1428820043802261,-0.4616117179393768,0.1215252876281738,0.1015159785747528,0.0043605072423815,0.0433004200458526,-0.1005136221647262,-0.008552398532629,-0.0420993566513061,-169.05587416584854,1.02835859318796,0.0175308398902416,-0.15368080492094005
9,multiposture,front,40,posterior_trunk_recline,bad,-0.0238849073648452,-0.4646996259689331,-0.0826810598373413,0.0410600826144218,-0.4927726089954376,0.021503247320652,-0.0862570405006408,-0.450469970703125,0.0260173399001359,0.131941556930542,-0.3709934651851654,0.1158910319209098,-0.1372063905000686,-0.4380809962749481,0.1362339258193969,0.0977369248867034,0.006027243565768,0.0274310447275638,-0.0962346196174621,-0.0109251532703638,-0.0252406504005193,-166.0037256794972,1.085934961183975,-0.02125249058008189,-0.4821321169200133
9,multiposture,front,40,posterior_trunk_recline,bad,-0.0180365443229675,-0.4583203792572021,-0.1546203047037124,0.0399211123585701,-0.4819527566432953,-0.0577774159610271,-0.0853719487786293,-0.4366801679134369,-0.0593828000128269,0.1306587159633636,-0.3616587221622467,0.0558606497943401,-0.1341803073883056,-0.4255910217761993,0.0844007283449173,0.0963930040597915,0.0075772572308778,0.0237793996930122,-0.0945745259523391,-0.012999995611608,-0.0216772370040416,-166.42841287419608,1.0279552639280478,-0.016275748610496493,-0.3913380920726963
9,multiposture,front,40,posterior_trunk_recline,bad,-0.0211492888629436,-0.4652187526226043,-0.0704694464802742,0.0402221977710723,-0.4869185388088226,0.0407572276890277,-0.0859446600079536,-0.4437806904315948,0.035507682710886,0.130214437842369,-0.3636569082736969,0.1241355761885643,-0.1355787813663482,-0.4258421659469604,0.1459944397211074,0.0961044430732727,0.0075367037206888,0.0231586340814828,-0.0942526161670684,-0.0129976011812686,-0.0209788065403699,-166.83187454543588,1.075185471069015,-0.018467117100953993,-0.5273269185132994
9,multiposture,front,40,posterior_trunk_recline,bad,-0.0202782396227121,-0.4637797176837921,-0.081946961581707,0.0401115491986274,-0.486748069524765,0.0314951315522193,-0.0865090265870094,-0.4395282864570617,0.0194230116903781,0.1306572258472442,-0.3633710443973541,0.119580291211605,-0.1347454935312271,-0.4242198467254638,0.1310029625892639,0.0959234237670898,0.0077749621123075,0.0233848113566637,-0.0941140726208686,-0.0132942823693156,-0.0212434660643339,-167.08698254175022,1.1064792718931373,-0.01823410578072065,-0.43206053725583493
9,multiposture,front,40,posterior_trunk_recline,bad,-0.0178661532700061,-0.4604391157627105,-0.0893381983041763,0.0405799970030784,-0.4863912165164947,0.0236550122499465,-0.0869305953383445,-0.4400678873062134,0.0121119851246476,0.1307156831026077,-0.3617840707302093,0.1136030107736587,-0.1348718702793121,-0.4264180362224579,0.1270997077226638,0.0957906767725944,0.0082316827028989,0.0233988631516695,-0.093972124159336,-0.0137202814221382,-0.0212858747690916,-166.32225924327557,1.0877439108278106,-0.015788059681653897,-0.43735124198165193
9,multiposture,front,40,posterior_trunk_recline,bad,0.0393109023571014,-0.4875977635383606,-0.110275499522686,0.0628265812993049,-0.5089139342308044,0.015890309587121,-0.0527051351964473,-0.4576937854290008,-0.0273369085043668,0.1489864438772201,-0.3727272450923919,0.0902940556406974,-0.1437740921974182,-0.4264411330223083,0.0830624774098396,0.090962179005146,-0.007020057644695,0.0407104678452014,-0.089358314871788,0.0030494555830955,-0.0378517471253871,-169.60335596372119,0.9364325517235595,0.036704726517200456,0.2599978193295707
9,multiposture,front,40,posterior_trunk_recline,bad,-0.008974477648735,-0.501220166683197,-0.151016429066658,0.0707948133349418,-0.5139493942260742,-0.0245687216520309,-0.0653563663363456,-0.4889918863773346,-0.0324725732207298,0.16021329164505,-0.3726094365119934,0.074074849486351,-0.1434515863656997,-0.4401052296161651,0.0823787823319435,0.0912234932184219,-0.0051141274161636,0.0401142947375774,-0.0897118225693702,0.0010449367109686,-0.0373320430517196,-167.46854759423277,1.120760704907084,-0.017355330288410138,1.0803981290132119
9,multiposture,front,40,posterior_trunk_recline,bad,0.0372734628617763,-0.5076549053192139,-0.1255823224782943,0.107183963060379,-0.5274271368980408,0.0017947171581909,-0.0411657132208347,-0.4956789910793304,-0.0160377845168113,0.1897457242012024,-0.385556697845459,0.0971732288599014,-0.1076638922095298,-0.4554004669189453,0.0970897078514099,0.0869406163692474,0.0017812291625887,0.0575953349471092,-0.0845671668648719,-0.007084060460329,-0.0569033846259117,-166.78411937132523,1.094146734706036,-0.003767453134059996,5.448638891439643
9,multiposture,front,41,thoracic_kyphotic_slouch,bad,-0.0255403593182563,-0.230948731303215,-0.6595783233642578,0.039176732301712,-0.3356669545173645,-0.5430660247802734,-0.1458582133054733,-0.2194954454898834,-0.5522935390472412,0.1612968295812606,-0.2676926553249359,-0.366312026977539,-0.140439823269844,-0.2421272993087768,-0.3269308805465698,0.0940771251916885,-0.0029090140014886,0.0344526171684265,-0.0947474613785743,-0.0014984633307904,-0.0338721275329589,175.15704537362447,0.9930481562145079,-0.035968862473964594,2.4389599294343545
9,multiposture,front,41,thoracic_kyphotic_slouch,bad,0.0365708582103252,-0.2239922434091568,-0.6843957901000977,0.0827626511454582,-0.3032305836677551,-0.5467042922973633,-0.0930262878537178,-0.2229627668857574,-0.5845944285392761,0.173178419470787,-0.2323699295520782,-0.3621246516704559,-0.126737043261528,-0.2367005795240402,-0.3504049777984619,0.0973485708236694,-0.0027649765834212,0.039252683520317,-0.097031369805336,-0.0021829984616488,-0.0374341048300266,-179.17273113946868,0.9412184232508859,0.013350170105695697,5.675379924585171
9,multiposture,front,41,thoracic_kyphotic_slouch,bad,0.0349697023630142,-0.2030030488967895,-0.6877157092094421,0.0824620500206947,-0.2891534864902496,-0.553496778011322,-0.0921604484319686,-0.2045513242483139,-0.5913646221160889,0.1737519949674606,-0.2328442931175232,-0.363730639219284,-0.1249381154775619,-0.2294360846281051,-0.3526030480861664,0.0977593660354614,-0.0038812619168311,0.0407448187470436,-0.0971310511231422,-0.0010956126498058,-0.0384871140122413,179.34625392335315,0.9502209501682182,0.010562762618064846,6.014997760414217
9,multiposture,front,41,thoracic_kyphotic_slouch,bad,0.0281597860157489,-0.2287334948778152,-0.6852917671203613,0.0841064602136612,-0.3104943037033081,-0.5459246039390564,-0.0920261964201927,-0.2335048168897628,-0.5718015432357788,0.1742781102657318,-0.244264543056488,-0.3536460399627685,-0.1242453083395958,-0.244635134935379,-0.3415606319904327,0.0979091450572013,-0.0038026154506951,0.0408562533557415,-0.0971858724951744,-0.0011616455158218,-0.0384293347597122,-179.92887211404116,0.963865548227019,0.003143385052680893,5.817947966757586
9,multiposture,front,41,thoracic_kyphotic_slouch,bad,0.0459724217653274,-0.2180766314268112,-0.6791947484016418,0.0968840941786766,-0.2966187596321106,-0.5417605042457581,-0.0776036828756332,-0.2242257893085479,-0.5772930383682251,0.1799325793981552,-0.2361960560083389,-0.3522601425647735,-0.1185953617095947,-0.2431613057851791,-0.3427682518959045,0.0983879044651985,-0.0034760902635753,0.0419180914759635,-0.0975243300199508,-0.0014805829850956,-0.0393828228116035,-178.66341816960002,0.9425087648219765,0.015303812921047141,7.2645294932757
9,multiposture,front,41,thoracic_kyphotic_slouch,bad,0.0242248997092247,-0.2252178341150283,-0.6906841397285461,0.0882176831364631,-0.3017303943634033,-0.551061749458313,-0.0914935693144798,-0.2285763174295425,-0.5743981599807739,0.1756728291511535,-0.2331339865922927,-0.362379789352417,-0.1238059401512146,-0.2414350658655166,-0.3415628671646118,0.0986697673797607,-0.0031209976878017,0.0405404195189476,-0.0978425145149231,-0.0018375444924458,-0.0379206463694572,-178.4122578779743,0.9527984545426208,-0.0017085447907447537,6.202846852480076
9,multiposture,front,41,thoracic_kyphotic_slouch,bad,0.0124396830797195,-0.5046021938323975,-0.354998379945755,0.0976905152201652,-0.5188660025596619,-0.2354629039764404,-0.0445829853415489,-0.4744414985179901,-0.2313983142375946,0.1926504224538803,-0.3688023686408996,-0.1063281893730163,-0.1278563737869262,-0.4291042387485504,-0.0541664361953735,0.1042264848947525,0.0062568206340074,0.035487413406372,-0.1029417440295219,-0.0108393998816609,-0.0324496030807495,-169.34462768938442,0.9864094263897605,-0.01995734125375756,4.577034729422788
9,multiposture,front,41,thoracic_kyphotic_slouch,bad,0.0047115013003349,-0.472653716802597,-0.3957770466804504,0.0834293365478515,-0.4934394955635071,-0.2850426733493805,-0.0556138604879379,-0.451058566570282,-0.2805219888687134,0.1863209754228592,-0.3544581532478332,-0.1382043361663818,-0.1228684335947036,-0.4180531203746795,-0.1151270121335983,0.0981988385319709,-0.0001279529824387,0.0483069382607936,-0.0972705334424972,-0.0034637558273971,-0.0459432303905487,-168.37733081976063,1.0750894775354594,-0.027014769613742894,4.648744328261263
9,multiposture,front,41,thoracic_kyphotic_slouch,bad,0.0041845249943435,-0.47186940908432,-0.3851535618305206,0.0834260731935501,-0.4930702447891235,-0.2731940448284149,-0.0560787171125412,-0.4476363360881805,-0.2680012285709381,0.186114102602005,-0.349020779132843,-0.1366528123617172,-0.1223676428198814,-0.4085180163383484,-0.1101873591542244,0.0983722060918808,-7.530390575993806e-05,0.0461750552058219,-0.0974009707570076,-0.0035150253679603,-0.0435647740960121,-169.08334232913734,1.0721963255549645,-0.027688704896718305,4.759580283399847
9,multiposture,front,41,thoracic_kyphotic_slouch,bad,0.0259121190756559,-0.4861451387405395,-0.3395120203495025,0.090415708720684,-0.5093626379966736,-0.2297849208116531,-0.0473883934319019,-0.4626873135566711,-0.2441753894090652,0.1918233186006546,-0.3676405251026153,-0.0979959890246391,-0.1253870576620102,-0.4356553256511688,-0.0622221492230892,0.1006354019045829,0.0006986250518821,0.0456706508994102,-0.0995703265070915,-0.0043917382135987,-0.043238028883934,-167.89813701073734,0.9880529867096297,-0.0073060113936663056,4.673797925557588
9,multiposture,front,41,thoracic_kyphotic_slouch,bad,0.014882824383676,-0.4883095920085907,-0.3725220263004303,0.0915989279747009,-0.5082706809043884,-0.2625949084758758,-0.0471149794757366,-0.4702338576316833,-0.2613680958747864,0.1923161298036575,-0.3657529652118683,-0.1231546327471733,-0.1256453990936279,-0.4381179809570312,-0.0842093154788017,0.1010904684662818,0.0013310656649991,0.046444721519947,-0.1000573486089706,-0.0051302076317369,-0.0441160276532173,-167.17842364478807,1.0155127837890068,-0.0184525409713388,4.690022448936498
9,multiposture,front,41,thoracic_kyphotic_slouch,bad,0.022804407402873,-0.4820017516613006,-0.3779284060001373,0.090922325849533,-0.5064219236373901,-0.266368567943573,-0.0471103116869926,-0.464648962020874,-0.2730033993721008,0.1908820271492004,-0.364984780550003,-0.1290013343095779,-0.1251471936702728,-0.438015878200531,-0.0948676839470863,0.1009761989116668,0.0016417889855802,0.0467548333108425,-0.0999982804059982,-0.0054782577790319,-0.0444788746535778,-166.98795132136607,0.9998072533010754,-0.010063009336590805,4.632601431993566
9,multiposture,front,41,thoracic_kyphotic_slouch,bad,0.0215827394276857,-0.489963561296463,-0.3508192300796509,0.0920787081122398,-0.5113937258720398,-0.2390901446342468,-0.0463270656764507,-0.4688745439052582,-0.2456874102354049,0.1915895938873291,-0.3672053515911102,-0.1116405576467514,-0.1226916015148162,-0.4393863379955292,-0.0766280144453048,0.1012419387698173,0.0019766502082347,0.0462604388594627,-0.100215196609497,-0.0058606076054275,-0.04401096701622,-167.06519022776283,1.0132269343687113,-0.012866256758570751,4.833027610747906
9,multiposture,front,41,thoracic_kyphotic_slouch,bad,0.0226580929011106,-0.4697853624820709,-0.3276541233062744,0.0870715454220771,-0.4983423054218292,-0.2382473200559616,-0.0416610799729824,-0.4364528357982635,-0.2312833666801452,0.1888066530227661,-0.3614018261432647,-0.095705322921276,-0.0824499800801277,-0.4098303318023681,-0.0519283078610897,0.0958055183291435,0.0052561229094862,0.031779583543539,-0.0939882397651672,-0.0082473121583461,-0.0288185663521289,-169.8774119247594,1.013614273934255,-0.030520243570208605,7.749003209050097
9,multiposture,front,42,lateral_trunk_tilt_left,bad,0.3389455080032348,-0.3596696555614471,-0.1443013250827789,0.4236610829830169,-0.3499948382377624,-0.0121631622314453,0.2552337050437927,-0.3917036950588226,-0.0052814744412899,0.4561412930488586,-0.2321913689374923,0.1189475655555725,0.1983797401189804,-0.3781969249248504,0.1221644878387451,0.0825647339224815,0.0595954656600952,0.0501171648502349,-0.0781702548265457,-0.0644266307353973,-0.0492467880249023,-150.47120022139916,1.0439253599187097,0.011684991419315283,47.03281162350125
9,multiposture,front,42,lateral_trunk_tilt_left,bad,0.3041057586669922,-0.3531279563903808,-0.2691610157489776,0.3956985771656036,-0.3415361046791076,-0.1630081683397293,0.2362776845693588,-0.3735468089580536,-0.1458835154771804,0.4488753378391266,-0.2203428000211715,-0.0402056388556957,0.1938818246126175,-0.3612610995769501,-0.017966141924262,0.0771116614341735,0.0520610623061656,0.0446457229554653,-0.0730675160884857,-0.0553983636200428,-0.0427695363759994,-151.07343100335078,1.0992776350260005,-0.017272822558879852,47.84349943664373
9,multiposture,front,42,lateral_trunk_tilt_left,bad,0.3059126138687134,-0.3483154773712158,-0.315593272447586,0.3953962624073028,-0.3393439948558807,-0.2080782353878021,0.23602956533432,-0.369280993938446,-0.1913275718688964,0.4483970999717712,-0.2203758955001831,-0.078211136162281,0.192986860871315,-0.3561055362224579,-0.0600910075008869,0.07853714376688,0.0513330399990081,0.0425939634442329,-0.0741262733936309,-0.0545921809971332,-0.0404071919620037,-152.01301172550833,1.0913899163236078,-0.014779366552829742,48.01544589834415
9,multiposture,front,42,lateral_trunk_tilt_left,bad,0.2979946136474609,-0.3391849994659424,-0.3271456360816955,0.388383537530899,-0.3364711105823517,-0.2231012433767318,0.2289029657840728,-0.3630865216255188,-0.2067956179380417,0.4438527226448059,-0.220218226313591,-0.0931099206209182,0.1880025714635849,-0.3530734777450561,-0.0702966302633285,0.0784042477607727,0.049555841833353,0.0422909930348396,-0.0739331468939781,-0.0530090555548667,-0.040341667830944,-152.5585116140054,1.0735621950447363,-0.017933033406734522,47.75186087262002
9,multiposture,front,42,lateral_trunk_tilt_left,bad,0.3086606562137604,-0.3390121459960937,-0.2856001853942871,0.3946510553359985,-0.3390152752399444,-0.1829162538051605,0.2318664789199829,-0.3662812411785126,-0.1657007038593292,0.4513576924800873,-0.2229791581630706,-0.0736476331949234,0.1929471939802169,-0.3603416979312897,-0.0298520363867282,0.0798251330852508,0.050881739705801,0.0416022203862667,-0.0749976485967636,-0.05410011485219,-0.039245281368494,-152.0063544479268,0.9968297820659195,-0.013491787016391699,47.787229020428676
9,multiposture,front,42,lateral_trunk_tilt_left,bad,0.3017875552177429,-0.3536097407341003,-0.1503741890192031,0.3914580643177032,-0.3529485166072845,-0.0394204854965209,0.228112906217575,-0.374098390340805,-0.0229604933410882,0.449465811252594,-0.2247410863637924,0.0715827792882919,0.1912385821342468,-0.3675302565097809,0.0845521911978721,0.0792237445712089,0.0545481890439987,0.0376052409410476,-0.0746580585837364,-0.0577769055962562,-0.0349513031542301,-151.059188268552,1.1388387110077969,-0.01856464147567749,47.201371085696096
9,multiposture,front,42,lateral_trunk_tilt_left,bad,0.3036933541297912,-0.3470504581928253,-0.2423892319202423,0.3937776684761047,-0.3462133109569549,-0.1241863220930099,0.2293227463960647,-0.3727835416793823,-0.1130260378122329,0.4492833614349365,-0.2218065857887268,0.0031735724769532,0.1907705515623092,-0.3680458962917328,0.0180871784687042,0.0789536908268928,0.0550788789987564,0.0374185554683208,-0.0745255202054977,-0.0582229420542717,-0.0349061265587806,-150.50339158689198,1.0950799079261344,-0.01633360236883169,47.29173120511517
9,multiposture,front,43,lateral_trunk_tilt_right,bad,-0.3345963358879089,-0.3128361999988556,-0.4155419468879699,-0.2797828912734985,-0.3784117400646209,-0.3270699977874756,-0.3665044009685516,-0.2845468819141388,-0.3219698071479797,-0.1211324483156204,-0.3212300539016723,-0.1871734857559204,-0.4601065516471863,-0.2742369472980499,-0.1391812562942505,0.0769295692443847,-0.0527715981006622,0.0307387113571167,-0.0809419974684715,0.0471207648515701,-0.0299487113952636,172.10720348603775,1.022036512936364,-0.04397683590650553,-44.381939730964646
9,multiposture,front,43,lateral_trunk_tilt_right,bad,-0.3116284310817718,-0.304863303899765,-0.4415253400802612,-0.2475250512361526,-0.3803883194923401,-0.3282038569450378,-0.3512448966503143,-0.2795174419879913,-0.3281274437904358,-0.1086850240826606,-0.3187934458255768,-0.186552882194519,-0.4509505331516266,-0.261798620223999,-0.1680039763450622,0.0758824050426483,-0.0515279248356819,0.0339367613196373,-0.0795127972960472,0.0464046746492385,-0.0323217958211898,170.54572833384944,1.0522959823379203,-0.03181065246462822,-44.014493404373106
9,multiposture,front,43,lateral_trunk_tilt_right,bad,-0.3096495270729065,-0.305893987417221,-0.4387851357460022,-0.2443710416555404,-0.3836007714271545,-0.3293227553367615,-0.3474437594413757,-0.2807826399803161,-0.3249541819095611,-0.103252500295639,-0.3207437694072723,-0.1824749857187271,-0.4439892172813415,-0.2665764987468719,-0.155148297548294,0.0767188817262649,-0.051170714199543,0.0337447710335254,-0.0800288766622543,0.0459984131157398,-0.0321212671697139,170.96721571206518,1.041482744894032,-0.036028668284416254,-43.05627480833872
9,multiposture,front,43,lateral_trunk_tilt_right,bad,-0.3177210688591003,-0.3083480596542358,-0.3985891342163086,-0.2519971132278442,-0.3851886987686157,-0.2943937480449676,-0.3528240025043487,-0.2847904860973358,-0.2853765487670898,-0.1057345643639564,-0.3228755593299866,-0.1560314297676086,-0.4432443380355835,-0.2669577300548553,-0.1131799146533012,0.0776244774460792,-0.0515534579753875,0.0331771373748779,-0.080744631588459,0.0462350808084011,-0.0314991138875484,170.5928210576302,1.0252350457933328,-0.04323161765933031,-43.04138018532879
9,multiposture,front,43,lateral_trunk_tilt_right,bad,-0.3125180006027221,-0.3020558953285217,-0.4447251856327057,-0.2491794228553772,-0.3858564794063568,-0.3364744782447815,-0.3515969216823578,-0.2825904786586761,-0.3297343254089355,-0.1067544370889663,-0.3243260681629181,-0.189299076795578,-0.4454194903373718,-0.2668744623661041,-0.1622575968503952,0.0765140950679779,-0.0514529533684253,0.0348372496664524,-0.0796271711587905,0.0462129563093185,-0.0329451076686382,170.37192633441606,1.0464864410254204,-0.03643103688955307,-43.13796311234402
9,multiposture,front,43,lateral_trunk_tilt_right,bad,-0.3127587437629699,-0.3046839535236358,-0.4028198421001434,-0.2527333796024322,-0.3833729028701782,-0.2976641356945038,-0.3530811667442322,-0.2828473448753357,-0.2950473725795746,-0.1130415052175521,-0.3241643011569977,-0.1572880744934082,-0.4442360997200012,-0.2683592140674591,-0.1316538751125335,0.0764383524656295,-0.0513231940567493,0.0348709113895893,-0.0794897675514221,0.0460847057402133,-0.0328803732991218,170.43570720972545,1.0446709825689977,-0.03411994129419327,-43.3411441504841
9,multiposture,front,43,lateral_trunk_tilt_right,bad,-0.3133750855922699,-0.3088982105255127,-0.4080996215343475,-0.2509900629520416,-0.3832659423351288,-0.3033688366413116,-0.3517618477344513,-0.2854633331298828,-0.2975523769855499,-0.1110114082694053,-0.3229037523269653,-0.1590062230825424,-0.4427944719791412,-0.2694116830825805,-0.13532155752182,0.0769896656274795,-0.0513152405619621,0.0347944237291812,-0.0798995271325111,0.0460756346583366,-0.0327567234635353,170.84124276889682,1.0549949737536375,-0.03647214546799665,-43.17899499560642
9,multiposture,front,44,neutral_spinal_alignment,good,-0.0184319578111171,-0.458217442035675,-0.163175418972969,0.0403237380087375,-0.4820606410503387,-0.0595398396253585,-0.0854037180542945,-0.4363157451152801,-0.0606669895350933,0.1311838924884796,-0.362253338098526,0.0396866351366043,-0.133845254778862,-0.4254124760627746,0.0801667273044586,0.0964844524860382,0.0074358228594064,0.0237242374569177,-0.0946873053908348,-0.0128133036196231,-0.0215990841388702,-166.59584942884604,0.9941087542329815,-0.017101276665925893,-0.3265432884001105
9,multiposture,front,44,neutral_spinal_alignment,good,0.0009399270056746,-0.4818816483020782,-0.194328486919403,0.0745904594659805,-0.5027012825012207,-0.0701915547251701,-0.0601775050163269,-0.4785079061985016,-0.0798296481370925,0.1595070958137512,-0.3704593777656555,0.0357690453529357,-0.1449105143547058,-0.4380640685558319,0.0411154106259346,0.0911848470568656,-0.0073629678227007,0.0434020422399044,-0.090016096830368,0.0035634997766464,-0.0406270585954189,-167.4790245265464,1.0728741042359116,-0.006358363723848091,0.9559633935484464
9,multiposture,front,44,neutral_spinal_alignment,good,0.0112343039363622,-0.4865861535072326,-0.1895273774862289,0.0728960111737251,-0.5080268979072571,-0.0661652088165283,-0.0590614862740039,-0.4780740737915039,-0.0906905680894851,0.1585320681333542,-0.3725468516349792,0.0301890447735786,-0.1443108320236206,-0.4368296563625335,0.0336013697087764,0.0912423431873321,-0.0070668002590537,0.0420598238706588,-0.0898330882191658,0.0031929446849972,-0.0392460525035858,-168.0160100520459,1.041769315933563,0.00412368588149541,0.9112453573470842
9,multiposture,front,44,neutral_spinal_alignment,good,0.0533647052943706,-0.4842191338539123,-0.1153292879462242,0.0710398852825164,-0.5082420110702515,-0.018343424424529,-0.0377459600567817,-0.4563331007957458,-0.0719233453273773,0.1622173339128494,-0.3700313866138458,0.0851348116993904,-0.1308690011501312,-0.4279301762580871,0.0251430477946996,0.0908138155937194,-0.0057594426907598,0.045478668063879,-0.089281365275383,0.0015827083261683,-0.0434390492737293,-168.82518477570875,1.0699511313817556,0.0376905389130115,2.1511137927323385
9,multiposture,front,44,neutral_spinal_alignment,good,-0.0111593464389443,-0.4952715337276459,-0.2101132124662399,0.0737500637769699,-0.5113042593002319,-0.0787997543811798,-0.0624250210821628,-0.4871720373630523,-0.0697504878044128,0.1636699736118316,-0.3726261258125305,0.0396019220352172,-0.1409643590450287,-0.4398188889026642,0.0532517507672309,0.0908440425992012,-0.0050992853939533,0.0405562333762645,-0.0893297791481018,0.0010334139224141,-0.0378658957779407,-167.56151173100494,1.0996407502566579,-0.02251215372234576,1.501643104398435
9,multiposture,front,44,neutral_spinal_alignment,good,0.0222093276679515,-0.512003481388092,-0.2354833036661148,0.1173130571842193,-0.5112291574478149,-0.1111936047673225,-0.0263183414936065,-0.5080209374427795,-0.1095731183886528,0.1898485422134399,-0.3842099905014038,-0.0064517990685999,-0.121697649359703,-0.4587189257144928,0.032403752207756,0.0856947526335716,0.0002989685744978,0.0552840121090412,-0.0833074152469635,-0.005364310927689,-0.0538424737751483,-166.5498612464107,1.0082418606404417,-0.011866118758916959,4.48792033702781
9,multiposture,front,44,neutral_spinal_alignment,good,0.0181545168161392,-0.5064529776573181,-0.2529194056987762,0.1126173362135887,-0.5091530680656433,-0.1179722398519516,-0.0336480662226676,-0.5059072375297546,-0.121031105518341,0.1843484491109848,-0.3775267601013183,-0.0074200527742505,-0.123583510518074,-0.4544140696525574,0.0296664256602525,0.0880300998687744,0.0003909720107913,0.0567802898585796,-0.0855153799057006,-0.0056091723963618,-0.0554365068674087,-165.98051342330888,1.0090182991962027,-0.012227952480316204,4.0303542762281515
9,multiposture,front,44,neutral_spinal_alignment,good,0.0176546350121498,-0.5065445899963379,-0.2577061653137207,0.1128025203943252,-0.5089958310127258,-0.1230121999979019,-0.0343710966408252,-0.5046852827072144,-0.1243252903223037,0.184248462319374,-0.3782163262367248,-0.0166168976575136,-0.118197962641716,-0.4527055323123932,0.0217342469841241,0.0875796824693679,0.0003885085752699,0.0551199316978454,-0.085014022886753,-0.0056643700227141,-0.0536168292164802,-166.16405174953488,1.0144972595151875,-0.015370614826679199,4.396884755519349
9,multiposture,front,44,neutral_spinal_alignment,good,0.0201782044023275,-0.4954473674297333,-0.2396820485591888,0.1130429580807685,-0.5113804936408997,-0.1009735986590385,-0.0385477095842361,-0.4959139823913574,-0.1075724214315414,0.1894297152757644,-0.3819689452648163,0.0025528012774884,-0.1159956976771354,-0.4565248489379883,0.0214112009853124,0.0874260514974594,0.0006094849668443,0.0563225895166397,-0.0848992839455604,-0.0058835009112954,-0.0550045706331729,-166.28207938228374,1.0656955932506023,-0.016538804396987006,4.864168206696804
9,multiposture,front,44,neutral_spinal_alignment,good,0.0638711676001548,-0.4911376535892486,-0.1568017899990081,0.1103779152035713,-0.5226383209228516,-0.0360019132494926,-0.0291029699146747,-0.4840379953384399,-0.0762135908007621,0.1921184062957763,-0.3839128017425537,0.059128601104021,-0.1057820841670036,-0.4545831084251404,0.0552034564316272,0.087027758359909,0.001940416637808,0.0580187439918518,-0.0847055688500404,-0.0072826035320758,-0.0576158501207828,-166.65454040633716,0.9967025113985117,0.02070300653576844,5.75816697391152
9,multiposture,front,44,neutral_spinal_alignment,good,0.0100419204682111,-0.5282676219940186,-0.3213072717189789,0.0951887518167495,-0.5389036536216736,-0.1998320966958999,-0.0498598478734493,-0.4985873997211456,-0.1954954266548156,0.1922396123409271,-0.3811530768871307,-0.0779433846473693,-0.1303709894418716,-0.4441089332103729,-0.0303151197731494,0.1046837791800499,0.0062711406499147,0.0360452197492122,-0.1033162176609039,-0.0108157852664589,-0.0329221226274967,-168.95778587603178,1.0115491976944377,-0.020892390981316657,4.2160636907054405
9,multiposture,front,44,neutral_spinal_alignment,good,0.0045488318428397,-0.5433487296104431,-0.3131972849369049,0.0929157435894012,-0.551062285900116,-0.1923482120037078,-0.0520825237035751,-0.5102655291557312,-0.1867583394050598,0.1925784349441528,-0.3864822089672088,-0.0715268477797508,-0.1345945745706558,-0.4549205303192138,-0.0203567706048488,0.1056409776210784,0.006333002820611,0.0375208407640457,-0.1042442917823791,-0.0107471263036131,-0.0344859063625335,-168.18518090824844,1.0237615304627763,-0.024443098343908804,3.867770527527876
9,multiposture,front,44,neutral_spinal_alignment,good,0.0114959571510553,-0.5515254735946655,-0.2961929440498352,0.0959557369351387,-0.555273711681366,-0.1726078242063522,-0.0506271049380302,-0.514980673789978,-0.1715356707572937,0.1928791403770446,-0.388648509979248,-0.0576699823141098,-0.135267436504364,-0.4572456181049347,-0.0085160247981548,0.1061807870864868,0.0063658277504146,0.0380363687872886,-0.104787565767765,-0.010701997205615,-0.0349838249385356,-168.19268630541552,1.013757610207497,-0.01730989478528499,3.8218438146356135
9,multiposture,front,44,neutral_spinal_alignment,good,0.0130335753783583,-0.5529270768165588,-0.3072742223739624,0.0966825112700462,-0.55656498670578,-0.1822241395711898,-0.0501313358545303,-0.5155171155929565,-0.1827985197305679,0.1933915764093399,-0.3883868455886841,-0.0645400956273078,-0.135719895362854,-0.4571661651134491,-0.019212944433093,0.1065111309289932,0.0064323334954679,0.0386524088680744,-0.1051076874136924,-0.0106961838901042,-0.0356494188308715,-168.19593803592917,1.0184052131621726,-0.01580226514488465,3.826434774629002
9,multiposture,front,44,neutral_spinal_alignment,good,0.0171472877264022,-0.5577861070632935,-0.2983299493789673,0.0986030399799346,-0.5599396824836731,-0.1726152896881103,-0.0480846650898456,-0.5180659890174866,-0.1768148988485336,0.1940048635005951,-0.3884576261043548,-0.0573278218507766,-0.1343214958906173,-0.4566939771175384,-0.0151632828637957,0.1067862436175346,0.0065730707719922,0.0391116328537464,-0.1053608506917953,-0.0107669997960329,-0.0360908322036266,-168.25930563401872,1.020466164382793,-0.012694396078586703,3.9628768109973183
9,multiposture,front,44,neutral_spinal_alignment,good,0.0254746228456497,-0.5538690686225891,-0.3003638386726379,0.0992014035582542,-0.5602560043334961,-0.1731266528367996,-0.0471654832363128,-0.5157151222229004,-0.1799896508455276,0.1943724304437637,-0.3892915546894073,-0.0549378767609596,-0.1336791515350341,-0.4570672214031219,-0.0171733517199754,0.1068559661507606,0.0065938751213252,0.0397201851010322,-0.1054287105798721,-0.0107550835236907,-0.0367118082940578,-168.3268903188685,1.004120196551803,-0.004872016608715106,4.025307761257284
9,multiposture,front,44,neutral_spinal_alignment,good,-0.0019404880004003,-0.5073543190956116,-0.2836330533027649,0.0767847672104835,-0.5284019112586975,-0.1894020587205886,-0.0569938719272613,-0.4823366105556488,-0.1731651872396469,0.1771523207426071,-0.3865144252777099,-0.0543689839541912,-0.1028048023581504,-0.4406681954860687,-0.0018292061286047,0.0918712317943573,0.0050518750213086,0.0278562325984239,-0.0904088094830513,-0.0080903526395559,-0.0244786124676466,-169.05214740845366,1.0273006296937461,-0.03911424719262865,5.053936450363878
9,multiposture,front,44,neutral_spinal_alignment,good,0.0052462285384535,-0.4930428862571716,-0.2778809070587158,0.0801984220743179,-0.5163782238960266,-0.1815339028835296,-0.052522737532854,-0.4702034890651703,-0.1734964996576309,0.1835329681634903,-0.3798051178455353,-0.0478490032255649,-0.1016812324523925,-0.433384358882904,-0.0056652361527085,0.0940544605255127,0.0041589853353798,0.0298445131629705,-0.092517539858818,-0.0070364512503147,-0.0266428459435701,-169.3606332540993,1.0462385139616488,-0.0356796393170954,5.660435854745605
9,multiposture,front,44,neutral_spinal_alignment,good,-0.0185912121087312,-0.4791820049285888,-0.2182454168796539,0.0769145488739013,-0.5080063343048096,-0.1229192018508911,-0.0544917024672031,-0.4671865105628967,-0.1039611995220184,0.1859813332557678,-0.375266283750534,-0.0001199690814246,-0.0982384160161018,-0.4350680112838745,0.0513034760951995,0.0947849974036216,0.0044226138852536,0.0298303868621587,-0.0930899828672409,-0.007198286242783,-0.0266258846968412,-168.1179070484036,1.1127408301394692,-0.0624626707285642,6.08209635361712
9,multiposture,front,44,neutral_spinal_alignment,good,-0.0136216459795832,-0.4825440049171448,-0.240796759724617,0.0817104130983352,-0.5029861330986023,-0.1548250168561935,-0.046767983585596,-0.4670348763465881,-0.1267350316047668,0.1890990287065506,-0.3690739870071411,-0.0261028688400983,-0.0943401977419853,-0.4344701766967773,0.030024928972125,0.0951542779803276,0.0048320549540221,0.0298903379589319,-0.0933695062994957,-0.0075855879113078,-0.0266865342855453,-167.00785186860983,1.1035219819247732,-0.06100106146186585,6.622551385685226
9,multiposture,front,44,neutral_spinal_alignment,good,0.0101680811494588,-0.4852195084095001,-0.2111918777227401,0.0868793204426765,-0.5099081993103027,-0.1179017424583435,-0.044738296419382,-0.4711973667144775,-0.1162310987710952,0.1856737285852432,-0.3752114474773407,0.0116349617019295,-0.0900352150201797,-0.4398366510868072,0.0385157912969589,0.0952003896236419,0.0049450038932263,0.0330826342105865,-0.0934184119105339,-0.007761990185827,-0.0301857069134712,-166.80822311321614,1.1149545042908453,-0.03765117563307294,6.59152072302568
9,multiposture,front,44,neutral_spinal_alignment,good,0.0227618906646966,-0.4753180146217346,-0.3105842471122741,0.0861867666244506,-0.503456711769104,-0.2232841402292251,-0.0424418486654758,-0.4403148293495178,-0.2173709422349929,0.1867116838693618,-0.3650447726249695,-0.0866569578647613,-0.0858753100037574,-0.4130010306835174,-0.0408629290759563,0.0957376807928085,0.0052640377543866,0.0317323431372642,-0.0939465463161468,-0.0082800537347793,-0.028801480308175,-170.02205520555663,1.0042208085039905,-0.0276562962681056,7.2826620970298706
9,multiposture,front,44,neutral_spinal_alignment,good,0.0223697628825902,-0.4745183289051056,-0.2970094978809356,0.086355522274971,-0.5027742981910706,-0.2071213871240615,-0.0423222184181213,-0.440836489200592,-0.1998634785413742,0.1873154640197754,-0.3635100126266479,-0.0724473819136619,-0.0849533677101135,-0.4120789170265198,-0.0275666173547506,0.0957810282707214,0.0052690333686769,0.0317645743489265,-0.0939722061157226,-0.008279014378786,-0.0288138631731271,-169.88563348924112,1.0109699791557452,-0.028811285272240746,7.415518397166667
10,multiposture,front,45,posterior_trunk_recline,bad,-0.0265710800886154,-0.4551446437835693,-0.1273622214794159,0.053073201328516,-0.4652804434299469,-0.0178606957197189,-0.0798494219779968,-0.4114474356174469,0.0037705216091126,0.1624711155891418,-0.3160546422004699,0.0989209786057472,-0.1350052505731582,-0.3727944493293762,0.1414972245693206,0.1014206558465957,0.0039214477874338,0.0256355516612529,-0.1005572453141212,-0.0090438518673181,-0.0220965091139078,-169.20127203582084,1.08177682057993,-0.040304012596607194,2.228141682071465
10,multiposture,front,45,posterior_trunk_recline,bad,-0.0332044959068298,-0.4666926562786102,-0.1189566180109977,0.04148406162858,-0.4813845157623291,-0.0210636481642723,-0.077784352004528,-0.4224806427955627,-0.0094611328095197,0.153466448187828,-0.3241136968135834,0.0849998369812965,-0.1284789890050888,-0.3800061047077179,0.140925332903862,0.1022552847862243,0.0064587011002004,0.0251372903585433,-0.1006580740213394,-0.0106576224789023,-0.0212068520486354,-168.78715143012406,1.0725082758991376,-0.0456982254981994,1.9140219908945482
10,multiposture,front,45,posterior_trunk_recline,bad,0.0040985718369483,-0.4709092080593109,-0.1068776994943618,0.0675643235445022,-0.483110636472702,0.0037681702524423,-0.0566763393580913,-0.4379040002822876,0.0014786616666242,0.1562249809503555,-0.3268154859542846,0.1053387820720672,-0.1286061704158783,-0.3925439119338989,0.1543056368827819,0.1028738841414451,0.0072105177678167,0.0258752163499593,-0.1008121818304061,-0.0110902823507785,-0.0219068359583616,-167.00573456965515,0.9834048595244682,-0.009710833430290302,2.0457495301091004
10,multiposture,front,45,posterior_trunk_recline,bad,-0.0246708486229181,-0.5398577451705933,-0.1336335688829422,0.0634182542562484,-0.5541948676109314,-0.0266857128590345,-0.0754713416099548,-0.511604368686676,-0.0127970380708575,0.1787869781255722,-0.3990607261657715,0.069673828780651,-0.1359181851148605,-0.4554570317268371,0.1107711121439933,0.1047312319278717,0.0007407018565572,0.0305166170001029,-0.1036231368780136,-0.0044644088484346,-0.0272893216460943,-169.8402294402398,1.1376807139740401,-0.04610524512827395,2.8100724790343077
10,multiposture,front,45,posterior_trunk_recline,bad,-0.0249652136117219,-0.5667632222175598,-0.115757517516613,0.057748544961214,-0.5706364512443542,-0.0130004119127988,-0.0801088213920593,-0.5151656270027161,-0.001473007723689,0.1809038519859314,-0.400005578994751,0.0708055272698402,-0.1338824480772018,-0.446992814540863,0.1069909781217575,0.1052751243114471,0.0006283975671976,0.0330575630068779,-0.1043569967150688,-0.0042865807190537,-0.0304598975926637,-171.5103073048171,1.1767402503097466,-0.0484759155660867,3.1291006933293244
10,multiposture,front,45,posterior_trunk_recline,bad,-0.0079643558710813,-0.5059840679168701,-0.1539644300937652,0.0697576403617858,-0.5367845296859741,-0.0186967384070158,-0.0987738370895385,-0.4984342753887176,-0.0189863238483667,0.1593146324157714,-0.3861081302165985,0.1183913797140121,-0.1828369945287704,-0.4382103383541107,0.0948300212621688,0.105526253581047,-0.0173976011574268,0.0588220246136188,-0.1031278371810913,0.0129036819562315,-0.0565256103873252,-171.34162254532234,1.0956487090673213,0.003796825185418195,-1.810944334323144
10,multiposture,front,45,posterior_trunk_recline,bad,-0.0436043925583362,-0.5658215284347534,-0.0762795507907867,0.0410974808037281,-0.5608472228050232,0.0444030724465847,-0.1028311178088188,-0.5072452425956726,0.0590631477534771,0.1537988036870956,-0.3949307799339294,0.138274073600769,-0.1596673130989074,-0.4457404613494873,0.1448183357715606,0.0995707958936691,-0.0163514651358127,0.0511996559798717,-0.0963626205921173,0.0121630262583494,-0.0478388033807277,-170.79300953593625,1.2196475868147483,-0.0406701378524303,-0.6216927769065675
10,multiposture,front,45,posterior_trunk_recline,bad,0.0273393727838993,-0.505109429359436,-0.1933876723051071,0.09424389898777,-0.5363530516624451,-0.0554590411484241,-0.0620424896478652,-0.4895177185535431,-0.0799630433320999,0.1608177423477172,-0.3840048909187317,0.088454470038414,-0.1447803080081939,-0.4449208080768585,0.0670096650719642,0.0986024811863899,-0.0151276113465428,0.0522512719035148,-0.0953466817736625,0.0111076673492789,-0.0486954487860202,-168.7267932397589,1.0523771779394446,0.019320655614137643,0.8877076360010858
10,multiposture,front,45,posterior_trunk_recline,bad,0.028931001201272,-0.4613941311836242,-0.1446338444948196,0.0970527529716491,-0.5067693591117859,-0.0162256211042404,-0.0549945645034313,-0.46186164021492,-0.0235204081982374,0.1790197193622589,-0.3856597244739532,0.1227113083004951,-0.1201278492808342,-0.4376145899295807,0.1056242957711219,0.0979571640491485,-0.0139264119789004,0.0523034706711769,-0.0948996841907501,0.0097521618008613,-0.0486713387072086,-170.14735556596523,1.0805952865860189,-0.0005149338394403562,3.899564831095318
10,multiposture,front,45,posterior_trunk_recline,bad,0.0288554709404706,-0.4693319797515869,-0.1338616460561752,0.1001662239432334,-0.5069859027862549,-0.0076955207623541,-0.0525366067886352,-0.4649626910686493,-0.0127611923962831,0.1820249259471893,-0.3775407671928406,0.1240392923355102,-0.1201685741543769,-0.4369920194149017,0.1169267147779464,0.0977968052029609,-0.0123476758599281,0.0510541759431362,-0.0948095694184303,0.0082046994939446,-0.0472453311085701,-168.8701991145421,1.0687386037586983,-0.002072704955935603,4.154837018860123
10,multiposture,front,45,posterior_trunk_recline,bad,0.0090967090800404,-0.4809240102767944,-0.1384117156267166,0.0895876437425613,-0.5118942260742188,-0.0109633365646004,-0.066786952316761,-0.4668659269809723,-0.0055598579347133,0.1793884336948394,-0.3787717223167419,0.1238440722227096,-0.1216002404689788,-0.4343152642250061,0.1188273653388023,0.0978164598345756,-0.0117460191249847,0.0503587201237678,-0.0949154049158096,0.0075575271621346,-0.0465728938579559,-169.5444349816153,1.1254949527080171,-0.0197973875328899,3.881807501452125
10,multiposture,front,45,posterior_trunk_recline,bad,0.0038487585261464,-0.4910502135753631,-0.2027031332254409,0.0965370088815689,-0.5209525227546692,-0.0893086940050125,-0.0528794340789318,-0.4878320395946502,-0.0747170448303222,0.19773530960083,-0.3757502436637878,0.0345792397856712,-0.1180087700486183,-0.4429955780506134,0.112833596765995,0.0828001871705055,0.0006533636478707,0.0582568980753421,-0.0800983756780624,-0.0063226409256458,-0.0567103587090969,-167.97710886844987,0.9582942130355807,-0.03601451124995945,5.411619390139282
10,multiposture,front,45,posterior_trunk_recline,bad,0.0438923463225364,-0.476762980222702,-0.148576408624649,0.0965427830815315,-0.5255135893821716,-0.0163533426821231,-0.0557332187891006,-0.4737149477005005,-0.046836782246828,0.186874121427536,-0.3778480887413025,0.1455557197332382,-0.1391454339027404,-0.4383747577667236,0.1375641971826553,0.113921545445919,0.006421476136893,0.0443469434976577,-0.1130945906043052,-0.010346433147788,-0.0411233529448509,-169.48258279571422,0.9995237109535208,0.02002800256013859,3.3045647434467504
10,multiposture,front,45,posterior_trunk_recline,bad,-0.057760614901781,-0.5304341316223145,-0.170925572514534,0.0321935340762138,-0.5556989312171936,-0.0777112543582916,-0.0977919772267341,-0.484517753124237,-0.0485457479953765,0.1724211126565933,-0.3913154900074005,0.0564012005925178,-0.128354400396347,-0.4432157576084137,0.1060197502374649,0.1090222299098968,0.0071181948296725,0.0336108691990375,-0.1076686903834343,-0.0110257975757122,-0.0296493917703628,-170.20974560019008,1.1785219716731163,-0.07979397103190415,2.9437288699967112
10,multiposture,front,45,posterior_trunk_recline,bad,-0.0436324290931224,-0.5650529861450195,-0.0222907867282629,0.0510973408818244,-0.5719782114028931,0.0611979328095912,-0.076515145599842,-0.5145297050476074,0.0989882797002792,0.1868681460618972,-0.4017525017261505,0.1806224584579467,-0.1112459450960159,-0.4488614201545715,0.2054225206375122,0.1076539903879165,0.0077564599923789,0.0328573882579803,-0.1062464863061904,-0.0117248157039284,-0.0296781491488218,-171.02019670897198,1.31529663517806,-0.08144352957606305,5.009590805220487
10,multiposture,front,45,posterior_trunk_recline,bad,0.0630102530121803,-0.5640997290611267,-0.0367373749613761,0.1190406307578086,-0.5678011775016785,0.0611595325171947,-0.0118900388479232,-0.521141529083252,0.0694862455129623,0.1966951042413711,-0.3982590138912201,0.1718393266201019,-0.0998072102665901,-0.4552552998065948,0.1865010559558868,0.108363352715969,0.007623475510627,0.0357357747852802,-0.1069353595376014,-0.0116793764755129,-0.0331273898482322,-169.1188316645988,1.0038872609570018,0.014566306024789803,6.411848164719266
10,multiposture,front,45,posterior_trunk_recline,bad,0.0439949855208396,-0.5455745458602905,-0.0406906083226203,0.1133613958954811,-0.5559372901916504,0.0647037029266357,-0.0245339442044496,-0.5163769721984863,0.0703745856881141,0.1979692727327346,-0.3971372246742248,0.1806447058916092,-0.0946198254823684,-0.4560621380805969,0.1933524012565612,0.1082597449421882,0.0075999540276825,0.0360323153436183,-0.1067923381924629,-0.0116274626925587,-0.0333648920059204,-168.61343570329203,1.0748111168135122,-0.007679738104343498,6.8415374334637935
10,multiposture,front,46,thoracic_kyphotic_slouch,bad,0.0186579618602991,-0.4743202328681946,-0.3829420804977417,0.0801447927951812,-0.4867413938045501,-0.2794182896614074,-0.0568831004202365,-0.433288037776947,-0.2957691848278045,0.1778182834386825,-0.3436796963214874,-0.1323385387659073,-0.1345309168100357,-0.3880936801433563,-0.0926386639475822,0.1024474129080772,0.0030820223037153,0.0247897673398256,-0.1018969044089317,-0.0079194400459527,-0.0215689595788717,-171.90717214379393,0.9557085880359022,-0.0029857214540242975,3.364569213659529
10,multiposture,front,46,thoracic_kyphotic_slouch,bad,-0.0007132652099244,-0.4490505158901214,-0.4007062613964081,0.0638562962412834,-0.4598048031330108,-0.298494428396225,-0.0643742457032203,-0.4105193316936493,-0.302016019821167,0.1704435497522354,-0.3176231384277344,-0.1481841802597046,-0.1308737993240356,-0.3738209903240204,-0.0977400094270706,0.1015160903334617,0.0031767727341502,0.0252670478075742,-0.1008164435625076,-0.0083958832547068,-0.0220035072416067,-169.43530654293545,0.9821174147744477,-0.02049814042402431,3.2419622560405044
10,multiposture,front,46,thoracic_kyphotic_slouch,bad,-0.0165102705359458,-0.1896238625049591,-0.6047511696815491,0.1020025834441185,-0.2685122191905975,-0.5243279337882996,-0.054990604519844,-0.2337999045848846,-0.5127108693122864,0.2151715010404586,-0.2669390141963959,-0.3208329975605011,-0.132651224732399,-0.3415983319282532,-0.2670987248420715,0.1155098751187324,0.0016523698577657,0.0350411720573902,-0.1159041747450828,-0.0061813425272703,-0.0335198938846588,-167.88541946966404,0.9650914285467888,-0.0577704086899756,7.816361075037162
10,multiposture,front,46,thoracic_kyphotic_slouch,bad,0.0011278372257947,-0.1940230280160904,-0.5959418416023254,0.1001693680882453,-0.2743699252605438,-0.5194877982139587,-0.0388281904160976,-0.2325814366340637,-0.5250452756881714,0.19389209151268,-0.2796396017074585,-0.3304226696491241,-0.1247743293642997,-0.3405233919620514,-0.2850005328655243,0.1072574257850647,0.0004170048050582,0.0319157093763351,-0.1066028103232383,-0.0042896061204373,-0.0295017454773187,-169.18353376308139,0.9263562713721379,-0.033431043848395445,6.338946131498572
10,multiposture,front,46,thoracic_kyphotic_slouch,bad,-0.009687160141766,-0.2024007588624954,-0.5865013003349304,0.0916269570589065,-0.2852861583232879,-0.5150630474090576,-0.0473828241229057,-0.2441347241401672,-0.5050380825996399,0.2011682391166687,-0.2863408327102661,-0.3202520310878753,-0.1237769424915313,-0.3493267297744751,-0.2631608545780182,0.1054934337735176,0.0010488108964636,0.0304492227733135,-0.1049376875162124,-0.0047100675292313,-0.0277052130550146,-169.0300843391758,0.9378539571530368,-0.0483828084543347,6.931661545617999
10,multiposture,front,46,thoracic_kyphotic_slouch,bad,0.0135372886434197,-0.2361680120229721,-0.5938013792037964,0.0902679488062858,-0.3161824941635132,-0.5148904323577881,-0.0413790047168731,-0.2672536671161651,-0.5208648443222046,0.1970176547765731,-0.2888778150081634,-0.3332193791866302,-0.1242084503173828,-0.3434874713420868,-0.2855501770973205,0.103650189936161,0.0014458931982517,0.0298537891358137,-0.1031805574893951,-0.0048980293795466,-0.0271767377853393,-170.35174345542293,0.9117991292447069,-0.02286731358617545,6.561505518068812
10,multiposture,front,46,thoracic_kyphotic_slouch,bad,-0.1146517992019653,-0.3121386170387268,-0.5883718729019165,0.0312832668423652,-0.3544342517852783,-0.5507882237434387,-0.0915451794862747,-0.3377181887626648,-0.4627981185913086,0.1766054481267929,-0.2617166638374328,-0.3656727075576782,-0.149043321609497,-0.3517950177192688,-0.2900343537330627,0.1013509407639503,0.0055143204517662,0.0288691148161888,-0.1015450209379196,-0.0091317109763622,-0.0262952409684658,-164.5379176824957,1.221747181585142,-0.12843286246061325,2.6057252210284854
10,multiposture,front,46,thoracic_kyphotic_slouch,bad,-0.0181876756250858,-0.2385596930980682,-0.5812883377075195,0.0820859149098396,-0.3182804584503174,-0.5074344873428345,-0.0570995509624481,-0.2751200497150421,-0.4853242635726928,0.1860582083463668,-0.2888373434543609,-0.3284706473350525,-0.1351575255393982,-0.3584902286529541,-0.2693329751491546,0.1004030033946037,0.0039789108559489,0.0294969994574785,-0.1006494164466857,-0.0074317823164165,-0.0270499363541603,-167.7653124122411,0.9287925977495117,-0.043638017028570106,4.541833949286069
10,multiposture,front,46,thoracic_kyphotic_slouch,bad,0.0566651932895183,-0.2942526638507843,-0.5901698470115662,0.0897126495838165,-0.3719416260719299,-0.5064992904663086,-0.0367901362478733,-0.2927708029747009,-0.5269685387611389,0.1876963675022125,-0.2994899153709411,-0.3374715149402618,-0.127951368689537,-0.3520286977291107,-0.2967704236507416,0.1000140234827995,0.0032283107284456,0.0297480840235948,-0.1002149134874343,-0.0066539300605654,-0.0274483691900968,-170.54989514151066,0.8101084189927381,0.02679269388318055,5.28458327044434
10,multiposture,front,47,lateral_trunk_tilt_left,bad,0.4257495999336242,-0.3027072250843048,-0.0974667370319366,0.4807756543159485,-0.2770089507102966,0.0556216239929199,0.3390707671642303,-0.3670134544372558,0.0346768237650394,0.4579823613166809,-0.184156909584999,0.2031971216201782,0.2583211064338684,-0.3590823709964752,0.1387794017791748,0.0759117677807807,0.0568445660173893,0.0705297440290451,-0.0719636157155036,-0.0596471801400184,-0.067921757698059,-138.778035491776,1.1010150205189935,0.06759786605834955,52.81380361612508
10,multiposture,front,47,lateral_trunk_tilt_left,bad,0.4007414877414703,-0.3123286962509155,-0.0560109727084636,0.4622556567192077,-0.2982062697410583,0.0876816287636756,0.3010800182819366,-0.3637315928936004,0.0640210807323455,0.4567115008831024,-0.1891660541296005,0.1409188657999038,0.2371244132518768,-0.3460275530815124,0.1310258358716964,0.081847459077835,0.0563929378986358,0.0627975091338157,-0.0771532729268074,-0.058222509920597,-0.059272289276123,-144.4599761315419,0.9527225281394748,0.05382353067398066,52.261775162491865
10,multiposture,front,47,lateral_trunk_tilt_left,bad,0.4053423702716827,-0.3143594563007355,-0.0133903669193387,0.4611557126045227,-0.2891894578933716,0.1276295334100723,0.3089559674263,-0.3597071170806885,0.1213859990239143,0.4546137452125549,-0.1848812997341156,0.1951366066932678,0.2434508651494979,-0.3414562344551086,0.1760222166776657,0.0822542533278465,0.0563622713088989,0.0585646480321884,-0.0774404034018516,-0.0579530261456966,-0.0547632090747356,-143.44347500802405,0.9988494974122839,0.05631006509065628,52.87659279873829
10,multiposture,front,47,lateral_trunk_tilt_left,bad,0.4275785386562347,-0.3000450134277344,-0.0052287522703409,0.4723109602928161,-0.2790850698947906,0.1420387774705886,0.3240163624286651,-0.3519436419010162,0.1147242486476898,0.4547483623027801,-0.1784264594316482,0.2241312116384506,0.253381997346878,-0.3415356278419494,0.1749883443117141,0.0811653956770896,0.0566791892051696,0.0607011690735816,-0.0762329027056694,-0.0579771250486373,-0.0570520795881748,-140.99211290714914,1.0274428071922161,0.07351335883140564,53.58828469723145
10,multiposture,front,47,lateral_trunk_tilt_left,bad,0.4020727276802063,-0.3212169408798218,-0.0505665615200996,0.4673576354980469,-0.2761118412017822,0.0890630856156349,0.3371203243732452,-0.3603577315807342,0.0866127535700798,0.447949081659317,-0.1702328026294708,0.2025148123502731,0.250353068113327,-0.3641293346881866,0.2084597200155258,0.0759129449725151,0.0584126412868499,0.0560582727193832,-0.0719317719340324,-0.0603641122579574,-0.0545741729438304,-135.54141099003434,0.9835307445267408,0.05292165279388428,52.51873177850919
10,multiposture,front,47,lateral_trunk_tilt_left,bad,0.4062661826610565,-0.3155789673328399,-0.0754219591617584,0.4681115448474884,-0.2727475464344024,0.0619161128997802,0.3438353836536407,-0.358780950307846,0.0508585944771766,0.4502475261688232,-0.1848096400499344,0.1981368511915207,0.260571151971817,-0.3626236021518707,0.1708029955625534,0.0715818703174591,0.0589576326310634,0.0575746782124042,-0.0670528635382652,-0.0610932670533657,-0.0561296790838241,-136.8488383636551,1.0566941665940641,0.05085684359073639,52.32972560553372
10,multiposture,front,47,lateral_trunk_tilt_left,bad,0.4281027615070343,-0.3190529644489288,-0.070403516292572,0.4829022288322449,-0.2767433822154999,0.0803570076823234,0.3544690012931824,-0.3669324815273285,0.061965238302946,0.4596416056156158,-0.192100241780281,0.205880582332611,0.2667122781276703,-0.3698776364326477,0.1574123948812484,0.0746101886034011,0.0588966980576515,0.0638227015733718,-0.0701702535152435,-0.0610835030674934,-0.0616081096231937,-137.34055330784258,1.0772038406405673,0.06492581963539124,52.20905851097826
10,multiposture,front,48,lateral_trunk_tilt_right,bad,-0.2722774147987366,-0.4920219182968139,-0.1878799498081207,-0.1708745956420898,-0.5196073651313782,-0.0840523242950439,-0.2923925220966339,-0.4463741481304168,-0.0627127066254615,-0.0235880315303802,-0.3837218284606933,0.0011816620826721,-0.3709809482097626,-0.3955976963043213,0.0706319808959961,0.0790466740727424,-0.0455145016312599,0.0304529666900634,-0.0795491337776184,0.0409758165478706,-0.0278482437133789,-178.04206651422834,1.1283199014802971,-0.07499292492866519,-26.95865150425134
10,multiposture,front,48,lateral_trunk_tilt_right,bad,-0.3203109204769134,-0.4555228054523468,-0.0920831561088562,-0.2137434482574463,-0.5020297169685364,-0.0076763094402849,-0.3230890929698944,-0.4159966111183166,0.0390063300728797,-0.0421555824577808,-0.3783655762672424,0.0745320320129394,-0.3719034194946289,-0.3709640800952911,0.1404684633016586,0.0807178318500518,-0.0456553623080253,0.0296980030834674,-0.0813904106616973,0.0410574935376644,-0.0265833064913749,178.71415897965713,1.3185671149629075,-0.11328141950070855,-29.03382014113169
10,multiposture,front,48,lateral_trunk_tilt_right,bad,-0.3270613551139831,-0.4474745690822601,-0.0948572009801864,-0.2425208091735839,-0.4849554896354675,-0.0036679743789136,-0.3432805240154266,-0.3904862105846405,0.0310157462954521,-0.0603096187114715,-0.3699463009834289,0.1073779463768005,-0.3781540095806122,-0.3623544573783874,0.1480903178453445,0.0814669281244278,-0.0466788299381732,0.0309714525938034,-0.0822802186012268,0.0413875021040439,-0.0280562117695808,178.63172697891758,1.309236447736637,-0.10782954096794126,-31.047400438601024
10,multiposture,front,48,lateral_trunk_tilt_right,bad,-0.2472390085458755,-0.4543973207473755,-0.1934667527675628,-0.1554732769727707,-0.4854943752288818,-0.0867840498685836,-0.2871341407299042,-0.4322675764560699,-0.0840660482645034,-0.0401755012571811,-0.3670892715454101,0.0095220599323511,-0.3869704306125641,-0.384685069322586,0.0701050609350204,0.0818592607975006,-0.0468505397439003,0.0320587269961833,-0.0827577039599418,0.0412794426083564,-0.0293261688202619,-177.09539827266633,0.9884672413871005,-0.033666042611002894,-29.73594545766097
10,multiposture,front,48,lateral_trunk_tilt_right,bad,-0.2487688213586807,-0.4342032074928283,-0.0042388243600726,-0.1611987352371215,-0.4675980508327484,0.1298758536577224,-0.2853260636329651,-0.3865750432014465,0.1316595822572708,-0.0391626134514808,-0.337389588356018,0.2112706750631332,-0.3758189082145691,-0.3388793766498565,0.2199703454971313,0.0824282094836235,-0.0475558973848819,0.0341829285025596,-0.0830724164843559,0.04230397939682,-0.0298543479293584,-179.7464535024251,1.1494569672081782,-0.041278060525655746,-31.694358905096347
10,multiposture,front,48,lateral_trunk_tilt_right,bad,-0.2272899150848388,-0.4300872981548309,-0.0664183720946312,-0.1604417562484741,-0.4658136665821075,0.0662017613649368,-0.2800030708312988,-0.3980843126773834,0.0449230819940567,-0.038946084678173,-0.3381766080856323,0.1623775064945221,-0.3747373223304748,-0.3568245768547058,0.1644725799560547,0.0828085616230964,-0.0456174090504646,0.0355324931442737,-0.0832975581288337,0.0411527380347251,-0.0304599571973085,-176.8213776192467,1.0941159917953687,-0.020448211580514908,-30.894918959804695
10,multiposture,front,48,lateral_trunk_tilt_right,bad,-0.346733033657074,-0.4210755527019501,-0.0048894863575696,-0.2501433491706848,-0.4673909842967987,0.0838327407836914,-0.3472365438938141,-0.3687716424465179,0.1283640563488006,-0.0668462142348289,-0.3647414147853851,0.1465148329734802,-0.3625498116016388,-0.3330859243869781,0.227039560675621,0.0874826163053512,-0.047060739248991,0.0315045490860939,-0.0896736532449722,0.0417924970388412,-0.0277352910488843,173.8896759108023,1.3001209687320945,-0.13203502073884013,-31.668355302251527
10,multiposture,front,49,neutral_spinal_alignment,good,0.0594295375049114,-0.5508593916893005,-0.2510274350643158,0.0769042819738388,-0.5660889148712158,-0.1297783851623535,-0.0457590669393539,-0.5016483068466187,-0.1742559522390365,0.1734827905893325,-0.398795872926712,-0.0249907374382019,-0.1458993405103683,-0.4330862164497375,-0.0033632516860961,0.1059936359524726,0.0007201086264103,0.0287567973136901,-0.1044552847743034,-0.0042763566598296,-0.0249956846237182,-173.87193443579787,0.8620713674945235,0.0456378124654293,1.8009612572043687
10,multiposture,front,49,neutral_spinal_alignment,good,-0.0663116350769996,-0.5522482991218567,-0.2126314491033554,0.0489115230739116,-0.5604387521743774,-0.1313188076019287,-0.0689012482762336,-0.5148938894271851,-0.0837000533938407,0.1753928065299987,-0.3943117260932922,-0.0171350240707397,-0.1408607512712478,-0.4457434713840484,0.052246619015932,0.105344645678997,0.0015500435838475,0.0269568562507629,-0.1039050593972206,-0.0053818398155272,-0.0229899100959301,-170.7629578299014,1.181749718088582,-0.08357766270637504,2.26622447963382
10,multiposture,front,49,neutral_spinal_alignment,good,-0.0157383140176534,-0.5488862991333008,-0.1805702745914459,0.0634196549654007,-0.5541542172431946,-0.0743085891008377,-0.0793540179729461,-0.5158868432044983,-0.0613935887813568,0.174129456281662,-0.396014928817749,0.0261672083288431,-0.1434937566518783,-0.4463891983032226,0.0632414147257804,0.1051578521728515,3.9910573832457885e-05,0.0272548384964466,-0.1038509532809257,-0.0038492111489176,-0.0233220010995864,-170.988087842529,1.0881956555771333,-0.031056163832545242,2.0030315102203873
10,multiposture,front,49,neutral_spinal_alignment,good,-0.0535970367491245,-0.5792814493179321,-0.1781142503023147,0.0219096522778272,-0.586145281791687,-0.0891703888773918,-0.1024170592427253,-0.5177727937698364,-0.0666493847966194,0.1697451919317245,-0.4073190987110138,0.0140372617170214,-0.145937830209732,-0.4440414607524872,0.0607071183621883,0.1052614375948906,0.001047228462994,0.0322740226984024,-0.1043820232152938,-0.0048545338213443,-0.0290653146803379,-173.36479318314852,1.178073242722547,-0.06550071761012075,1.5495832243484322
10,multiposture,front,49,neutral_spinal_alignment,good,0.0189903136342763,-0.5283060669898987,-0.2029872834682464,0.0636046156287193,-0.5460940003395081,-0.0809061974287033,-0.0702515020966529,-0.4903318285942077,-0.1084414049983024,0.1704330593347549,-0.390258640050888,0.0193987265229225,-0.1450516581535339,-0.4558694362640381,0.0192049704492092,0.1019232720136642,-0.0018075063126161,0.028548588976264,-0.1007634624838829,-0.0019018345046788,-0.0250528361648321,-168.25176160037825,1.0591008132679331,0.00629961304366581,1.6469395498724653
10,multiposture,front,49,neutral_spinal_alignment,good,-0.0471656285226345,-0.4605655968189239,-0.3344925045967102,0.0311402585357427,-0.4753252565860748,-0.2388394027948379,-0.0880136787891388,-0.4203571677207947,-0.2339116483926773,0.1692298203706741,-0.3350425362586975,-0.0927670896053314,-0.1347837299108505,-0.3818962872028351,-0.0376911051571369,0.1018885970115661,0.0032530513126403,0.024946155026555,-0.1012537404894828,-0.0083347903564572,-0.0216092206537723,-171.2386614009797,1.08945659270325,-0.06438867375254631,2.7193466492299234
10,multiposture,front,49,neutral_spinal_alignment,good,0.0484504885971546,-0.4947265088558197,-0.3061190545558929,0.1052138209342956,-0.5145058631896973,-0.1877497285604477,-0.03989689797163,-0.4708136916160583,-0.2089228928089141,0.1952183842658996,-0.3602889776229858,-0.0687405839562416,-0.120529793202877,-0.4230601191520691,-0.0436440892517566,0.0850371345877647,-0.0022177461069077,0.057323157787323,-0.0836886391043663,-0.0041612526401877,-0.0560860522091388,-168.75612277491342,0.9671919266638244,0.011106193065643304,5.3923106926257
10,multiposture,front,49,neutral_spinal_alignment,good,0.0321522057056427,-0.4943045079708099,-0.2943173944950104,0.0959921181201934,-0.5188008546829224,-0.1876001805067062,-0.0434773787856102,-0.4729258418083191,-0.1851588636636734,0.1934067159891128,-0.3737353980541229,-0.0645641982555389,-0.1198945343494415,-0.4276493787765503,-0.000258906307863,0.0860848650336265,4.736091796075925e-05,0.0541063249111175,-0.0842176526784896,-0.0060159107670187,-0.0522390231490135,-170.235971178564,0.9046694794089686,-0.004603885114192949,5.146873750480236
10,multiposture,front,49,neutral_spinal_alignment,good,-0.0156832300126552,-0.5245463848114014,-0.2302793562412262,0.0797178596258163,-0.5151983499526978,-0.1715802401304245,-0.0382136777043342,-0.4844076037406921,-0.1196547597646713,0.1944004893302917,-0.3464459180831909,-0.0691122785210609,-0.1107575744390487,-0.4155842363834381,0.0060976943932473,0.08256546407938,-0.000891788105946,0.0589627996087074,-0.080294169485569,-0.0053730029612779,-0.0574822500348091,-167.2342655442905,1.151585994474052,-0.05750468745827669,6.145239538532679
10,multiposture,front,49,neutral_spinal_alignment,good,0.0166394356638193,-0.4895631968975067,-0.2481652647256851,0.1012390702962875,-0.5122359395027161,-0.1385606825351715,-0.0404064394533634,-0.4759395718574524,-0.1379473656415939,0.1991223692893982,-0.3588589131832123,-0.0160988681018352,-0.1084661185741424,-0.4208297729492187,0.0339122675359249,0.0826050117611885,-0.0002061434934148,0.0583356842398643,-0.0800856873393058,-0.0058794445358216,-0.0567401610314846,-168.60892480478552,1.0212612340820317,-0.028688689693808597,6.499706571727766
10,multiposture,front,49,neutral_spinal_alignment,good,0.0357182659208774,-0.5712113380432129,-0.1883365958929062,0.1137311831116676,-0.5689136981964111,-0.0779935792088508,-0.025309657678008,-0.5321537256240845,-0.0705107823014259,0.2153370678424835,-0.3929499685764313,0.0278451610356569,-0.108018510043621,-0.4658151865005493,0.0432303212583065,0.0840792283415794,0.0034471466206014,0.0577666722238063,-0.0813386365771293,-0.0087583707645535,-0.0563034676015377,-167.30103010906467,1.1389688382400338,-0.01794101297855385,6.985912402600131
10,multiposture,front,49,neutral_spinal_alignment,good,-0.012457207776606,-0.5326098203659058,-0.2523343563079834,0.0798549130558967,-0.5485067367553711,-0.1445755809545517,-0.0633899495005607,-0.5078071355819702,-0.1267411708831787,0.1931793093681335,-0.3940986394882202,-0.0134998308494687,-0.127878651022911,-0.4675581753253937,0.0241263303905725,0.0979176983237266,0.0043333345092833,0.0447977930307388,-0.0970238596200943,-0.0091869765892624,-0.0424653515219688,-167.11230306921095,1.1229397101279925,-0.04510753694921725,4.298900524253867
10,multiposture,front,49,neutral_spinal_alignment,good,-0.0042157489806413,-0.5116046071052551,-0.2774512767791748,0.0784685388207435,-0.5376388430595398,-0.155921459197998,-0.0621279925107955,-0.4970239996910095,-0.1605452448129654,0.182111918926239,-0.4009923040866852,-0.0250041428953409,-0.1397759318351745,-0.4711072444915771,0.0106757320463657,0.098922424018383,0.004359564743936,0.0386390872299671,-0.0976077690720558,-0.0092114387080073,-0.0361940898001194,-167.7115485194648,1.0364537652775823,-0.025383742526173553,2.7081060825866623
10,multiposture,front,49,neutral_spinal_alignment,good,0.0200746469199657,-0.4992174208164215,-0.2277519851922989,0.0855646058917045,-0.5342207551002502,-0.1063226014375686,-0.0519493483006954,-0.4931733012199402,-0.1256288588047027,0.1799830645322799,-0.39332976937294,0.0326811410486698,-0.1390786319971084,-0.4649167060852051,0.0639668554067611,0.0999159961938858,0.0043215635232627,0.0381056405603885,-0.0983305349946022,-0.0091980500146746,-0.0354083701968193,-167.35413820787414,0.9681417393091148,-0.0003775693476200555,2.638033917986894
10,multiposture,front,49,neutral_spinal_alignment,good,0.0524476915597915,-0.4805077314376831,-0.2994095385074615,0.1054665669798851,-0.5132928490638733,-0.1901877671480178,-0.0268347766250371,-0.475429356098175,-0.2030206769704818,0.1828589439392089,-0.3779783546924591,-0.0496481545269489,-0.1209069862961769,-0.4525434970855713,-0.015835678204894,0.0985148474574089,0.0036354989279061,0.040078017860651,-0.0973007380962371,-0.0086615290492773,-0.0378411188721656,-166.20834784320488,0.8989469304322105,0.0214717127382755,4.208092559233951
10,multiposture,front,49,neutral_spinal_alignment,good,0.0668199658393859,-0.4954845011234283,-0.2066053003072738,0.1105320900678634,-0.5273054242134094,-0.0940785706043243,-0.020064627751708,-0.477218359708786,-0.1329483389854431,0.186993733048439,-0.3737549185752868,0.0258282143622636,-0.1129990071058273,-0.4552676975727081,0.0183053258806467,0.0978456884622573,0.0032041682861745,0.042267870157957,-0.0966368317604065,-0.0084179686382412,-0.0401964783668518,-164.79883404841505,0.9925680224388493,0.029822602868080056,5.049135286037095
10,multiposture,front,49,neutral_spinal_alignment,good,0.0342289581894874,-0.4889938533306122,-0.2493387311697006,0.0996539741754531,-0.5231305360794067,-0.1411545574665069,-0.0375258363783359,-0.4847839772701263,-0.1506676375865936,0.1910820454359054,-0.3824804425239563,-0.0036536180414259,-0.1146011501550674,-0.465531438589096,0.0223444029688835,0.0976950526237487,0.0034481966868042,0.0424375012516975,-0.0964772924780845,-0.0086271343752741,-0.0403513275086879,-164.8002251736818,0.9989454617298755,-0.004011489450931598,5.102852742604855
10,multiposture,front,49,neutral_spinal_alignment,good,1.830168184824288e-05,-0.5611603260040283,-0.2121010571718216,0.0704203620553016,-0.5724884867668152,-0.0968028530478477,-0.0601987056434154,-0.514348566532135,-0.1004947051405906,0.1786539852619171,-0.402369737625122,0.0254280883818864,-0.1275146156549453,-0.4489949345588684,0.0677783265709877,0.1089517772197723,0.0079185292124748,0.027512140572071,-0.1075797826051712,-0.011801772750914,-0.0233667436987161,-171.34118057130385,1.0292746352323123,-0.025551383121637655,3.360769296250269
10,multiposture,front,49,neutral_spinal_alignment,good,-0.0318315103650093,-0.5615270137786865,-0.2001020908355713,0.0481995232403278,-0.5798029899597168,-0.1022359952330589,-0.0852216780185699,-0.5147818326950073,-0.0767706781625747,0.1799636036157608,-0.407238632440567,0.0265248045325279,-0.1275295466184616,-0.4517474472522735,0.0768343359231948,0.1087401807308197,0.0085107162594795,0.0249824188649654,-0.1073144301772117,-0.0123671339824795,-0.0207757540047168,-171.76379167083522,1.1072127963970808,-0.0580485388636589,3.41363647904109
10,multiposture,front,49,neutral_spinal_alignment,good,0.0119010228663682,-0.5623993873596191,-0.1990250945091247,0.0816949903964996,-0.5761136412620544,-0.0956807732582092,-0.0540791563689708,-0.5168704986572266,-0.0803825259208679,0.1824709475040435,-0.4027952551841736,0.0346599444746971,-0.1275939643383026,-0.4537628889083862,0.0800798684358596,0.1087380051612854,0.0086253760382533,0.0252478346228599,-0.1073124557733535,-0.0124659817665815,-0.0211237054318189,-170.66535073919974,1.0000730478819504,-0.015537468716502242,3.5868147484932686
11,multiposture,front,50,posterior_trunk_recline,bad,-0.063392162322998,-0.4727184772491455,-0.205777570605278,0.0248024091124534,-0.51047682762146,-0.0817270278930664,-0.1352588683366775,-0.4587006866931915,-0.0673859119415283,0.1390774250030517,-0.3869968950748443,0.0315321683883667,-0.1866871565580368,-0.4166792929172516,0.1147608757019043,0.0964926183223724,-0.0211641266942024,0.0207888484001159,-0.0926812291145324,0.0170448645949363,-0.0192624330520629,-174.79380784462717,0.9296888504064472,-0.039587296545505454,-3.6797397051656486
11,multiposture,front,50,posterior_trunk_recline,bad,0.015673192217946,-0.4364466667175293,-0.1422526836395263,0.0645077899098396,-0.4576620757579803,-0.0170507170259952,-0.0840132609009742,-0.3999702930450439,-0.0591498501598835,0.1697930842638015,-0.3040085732936859,0.0756845846772193,-0.1506886482238769,-0.3477930724620819,0.1031960323452949,0.1029606685042381,0.0069077350199222,0.0206808038055896,-0.1015707626938819,-0.0110605126246809,-0.0165785066783428,-172.2203640734777,0.9628118672854507,0.006120974197983704,1.5667669174374597
11,multiposture,front,50,posterior_trunk_recline,bad,0.0114696202799677,-0.4414957463741302,-0.1916162669658661,0.0676609724760055,-0.4697273075580597,-0.0674853697419166,-0.0756676569581031,-0.4017266929149627,-0.076340302824974,0.1775028258562088,-0.3171882629394531,0.0384027324616909,-0.1441823691129684,-0.3542340695858001,0.0841179862618446,0.1017313972115516,0.0061753271147608,0.0195177718997001,-0.1004542559385299,-0.0103948153555393,-0.0152537729591131,-173.43066124465636,0.9430170479702776,-0.005190608091652506,2.7495942929538155
11,multiposture,front,51,thoracic_kyphotic_slouch,bad,0.0158817283809185,-0.4000483453273773,-0.5432648062705994,0.061688058078289,-0.4709487855434418,-0.4188315868377685,-0.0808119177818298,-0.3873842358589172,-0.4417234659194946,0.1790844351053238,-0.3670428991317749,-0.2636723518371582,-0.1651979982852935,-0.3582198023796081,-0.2217566967010498,0.0996250137686729,-0.005425895564258,0.024047702550888,-0.1002916917204856,0.0033998889848589,-0.0235894918441772,178.53197395664859,0.8762893708931307,0.008938509970903352,1.1527616726337142
11,multiposture,front,51,thoracic_kyphotic_slouch,bad,0.0817151293158531,-0.3793331384658813,-0.5123378038406372,0.1007685735821724,-0.4488341510295868,-0.4088770151138305,-0.023572938516736,-0.381495714187622,-0.4565004408359527,0.1828601211309433,-0.3589266240596771,-0.2586230933666229,-0.126614511013031,-0.3814828991889953,-0.2463485598564148,0.0977901965379715,-0.0051064961589872,0.0279819779098033,-0.0974650755524635,0.0029861922375857,-0.0268774032592773,-175.83132836715498,0.8106488545769831,0.05359232425689696,4.33150281623653
11,multiposture,front,51,thoracic_kyphotic_slouch,bad,0.0583086833357811,-0.3612468838691711,-0.5511360168457031,0.0804566442966461,-0.4398780465126037,-0.4438023269176483,-0.0432684496045112,-0.3537256121635437,-0.4953662455081939,0.1729260087013244,-0.3601652383804321,-0.2960604727268219,-0.1412665098905563,-0.3651964068412781,-0.273153692483902,0.096986673772335,-0.0062312986701726,0.0280103683471679,-0.096359297633171,0.0039112791419029,-0.0267454832792282,-179.08260042188965,0.8171332293904057,0.04247893393039705,2.457561342799346
11,multiposture,front,51,thoracic_kyphotic_slouch,bad,-0.0221796594560146,-0.3567577302455902,-0.5576160550117493,0.0694228485226631,-0.4277952015399933,-0.4520873129367828,-0.0741447359323501,-0.3722618222236633,-0.4540634453296661,0.1722877919673919,-0.353040337562561,-0.2920554578304291,-0.1563141494989395,-0.3753769099712372,-0.2481546550989151,0.097300536930561,-0.0063765561208128,0.0278822835534811,-0.096656896173954,0.0041325478814542,-0.0264453571289777,-176.1113264902452,0.9744725823165479,-0.03016648069024081,1.2093725082462918
11,multiposture,front,51,thoracic_kyphotic_slouch,bad,-0.0428643338382244,-0.3789282739162445,-0.5198501348495483,0.0533410869538784,-0.4394012689590454,-0.421819806098938,-0.0915904492139816,-0.3943376839160919,-0.405017077922821,0.1796816140413284,-0.3550588488578796,-0.2602499425411224,-0.1576203852891922,-0.3921324014663696,-0.2037959098815918,0.0968252792954444,-0.0042866244912147,0.0277221631258726,-0.0961920619010925,0.0021319072693586,-0.0260473359376192,-173.72768074659166,1.0186158858409577,-0.0538949482142925,1.647430967057302
11,multiposture,front,51,thoracic_kyphotic_slouch,bad,-0.0371916703879833,-0.3379552364349365,-0.5695722699165344,0.0546812340617179,-0.4057513475418091,-0.4695017039775848,-0.0882124677300453,-0.3623190224170685,-0.4660390317440033,0.1702810972929,-0.3487561345100403,-0.2992789447307586,-0.1683569699525833,-0.3786243796348572,-0.2520100176334381,0.0960294157266616,-0.0047021145001053,0.0274785235524177,-0.0953903272747993,0.0026562267448753,-0.0256686583161354,-174.9594938040041,0.9853399256615151,-0.038153734058141646,0.10150794558485732
11,multiposture,front,51,thoracic_kyphotic_slouch,bad,0.0093308417126536,-0.5410500168800354,-0.3306117653846741,0.0714271515607833,-0.550559401512146,-0.2191494852304458,-0.0656496807932853,-0.4987131655216217,-0.2202226966619491,0.1830604523420334,-0.3908696174621582,-0.0976713672280311,-0.1450470983982086,-0.44102743268013,-0.0500337034463882,0.0980021059513092,0.0038714620750397,0.0304966233670711,-0.0973933190107345,-0.0080665107816457,-0.0282085295766592,-171.3084796874447,0.9749724049927433,-0.009675835259258797,2.587485229325626
11,multiposture,front,51,thoracic_kyphotic_slouch,bad,0.0038655544631183,-0.4857173264026642,-0.4136293828487396,0.0678879991173744,-0.5092887878417969,-0.2936162650585174,-0.0727193355560302,-0.4475826621055603,-0.3048640489578247,0.1783568859100341,-0.3611820340156555,-0.1617924869060516,-0.143521249294281,-0.4046137928962707,-0.1059507206082344,0.093210183084011,0.0046162991784513,0.0332771986722946,-0.093469500541687,-0.0096806669607758,-0.0310573894530534,-172.3153614496948,0.9431291972178314,-0.013552263844758244,2.6413631806846514
11,multiposture,front,51,thoracic_kyphotic_slouch,bad,0.0106591545045375,-0.4941907525062561,-0.4071266055107116,0.065554141998291,-0.5238451361656189,-0.2857337892055511,-0.0741284936666488,-0.4495804011821747,-0.3063385188579559,0.1774793267250061,-0.3680831789970398,-0.1554455459117889,-0.1429241895675659,-0.4100839495658874,-0.1060922443866729,0.0931462720036506,0.0048763789236545,0.0326578170061111,-0.0933536663651466,-0.0099577000364661,-0.0303606633096933,-172.53184481744685,0.9396023626163559,-0.006618414074182606,2.574624386760803
11,multiposture,front,51,thoracic_kyphotic_slouch,bad,0.0128688002005219,-0.4931592345237732,-0.3904975056648254,0.0640177726745605,-0.519249439239502,-0.2719950377941131,-0.0726762488484382,-0.4502613842487335,-0.2886096835136413,0.1770367175340652,-0.3665717840194702,-0.1461033374071121,-0.1406063288450241,-0.4104233086109161,-0.0941326469182968,0.093081995844841,0.0049566873349249,0.0323405601084232,-0.0932205915451049,-0.0100268134847283,-0.0299944579601287,-172.1398381761455,0.9320220403353648,-0.00534639414399864,2.7122884068769726
11,multiposture,front,51,thoracic_kyphotic_slouch,bad,-0.0023403584491461,-0.4957874119281769,-0.3941354155540466,0.0640753507614135,-0.5176221132278442,-0.2765630185604095,-0.0741186290979385,-0.4533788561820984,-0.2869027554988861,0.1760525554418563,-0.3619021475315094,-0.1476323157548904,-0.1424113810062408,-0.409841388463974,-0.0904035940766334,0.0930704399943351,0.0050691668875515,0.0319023355841636,-0.0931572020053863,-0.010134887881577,-0.0295322891324758,-171.4393860534153,0.9626315439773956,-0.019160945666953855,2.5189501598663546
11,multiposture,front,51,thoracic_kyphotic_slouch,bad,0.0114921946078538,-0.4989300072193146,-0.3947323858737945,0.0666685402393341,-0.5206987261772156,-0.2730199694633484,-0.0714892968535423,-0.4553760290145874,-0.2877300083637237,0.1766247451305389,-0.3614884614944458,-0.1462449878454208,-0.1425472199916839,-0.4094975292682647,-0.0894884467124939,0.0931839123368263,0.005095996428281,0.0322408564388752,-0.0932450741529464,-0.0101442746818065,-0.029933039098978,-171.4458379304724,0.9294779745648051,-0.005546567961573705,2.5520469047273333
11,multiposture,front,51,thoracic_kyphotic_slouch,bad,-0.011983853764832,-0.4986883699893951,-0.3970642387866974,0.0550484769046306,-0.5175816416740417,-0.2836012542247772,-0.0811446160078048,-0.4544793963432312,-0.2752503156661987,0.1754292994737625,-0.3599829375743866,-0.1567945480346679,-0.1435461193323135,-0.4092769920825958,-0.0864194706082344,0.0931322053074836,0.005228703841567,0.0314157307147979,-0.0932162478566169,-0.0102761453017592,-0.0290269907563924,-171.21507786627984,0.9593095126487495,-0.0279254438355565,2.395302098063399
11,multiposture,front,51,thoracic_kyphotic_slouch,bad,0.00115751568228,-0.4526126980781555,-0.3731836080551147,0.0588197037577629,-0.4841708242893219,-0.2508628368377685,-0.0780061483383178,-0.4260618090629577,-0.2741446197032928,0.1743001192808151,-0.3495217859745025,-0.1135319471359252,-0.1502862870693206,-0.3891582787036896,-0.0716462135314941,0.0974408835172653,0.0011346919927746,0.0332631766796112,-0.0958571508526802,-0.0040935142897069,-0.0307090282440185,-173.03786174198189,0.9572607974228116,-0.010849400423467251,1.7462484649435646
11,multiposture,front,51,thoracic_kyphotic_slouch,bad,0.0075496402569115,-0.4621649086475372,-0.3874720633029938,0.0599286407232284,-0.4919983446598053,-0.2605307102203369,-0.0787010416388511,-0.4266493618488312,-0.2849668264389038,0.1742286384105682,-0.3577872812747955,-0.1047756522893905,-0.1497886478900909,-0.3888441920280456,-0.070087194442749,0.0983494371175766,0.0017492455663159,0.029528560116887,-0.0966103971004486,-0.0048792534507811,-0.0269577577710151,-174.5249511678801,0.9519634173157409,-0.004670355003327162,1.7488394654284367
11,multiposture,front,51,thoracic_kyphotic_slouch,bad,-0.0195868983864784,-0.4608996212482452,-0.3849560618400574,0.0597713179886341,-0.4869359731674194,-0.2623963952064514,-0.0842577889561653,-0.4312998354434967,-0.2658738791942596,0.1748253554105758,-0.3516820967197418,-0.1059239134192466,-0.1508359760046005,-0.3900452256202698,-0.0577561520040035,0.0992363691329956,0.0021792063489556,0.0283966436982154,-0.0975632667541503,-0.0054244315251708,-0.0259054061025381,-173.28148121079144,0.9933154931521109,-0.03158158808946605,1.730901119643328
11,multiposture,front,51,thoracic_kyphotic_slouch,bad,-0.012259729206562,-0.4567699432373047,-0.4085510671138763,0.0572641007602214,-0.4806172847747803,-0.2833987474441528,-0.0866089239716529,-0.4295461773872375,-0.2877804338932037,0.1733318269252777,-0.3510129451751709,-0.1145731583237648,-0.1569644957780838,-0.3885981738567352,-0.0757924616336822,0.1010381281375885,0.0030858875252306,0.0283738188445568,-0.0992872267961502,-0.0064979796297848,-0.026150744408369,-173.5080972304582,0.984237834003136,-0.020443394780158955,1.1373958655250231
11,multiposture,front,51,thoracic_kyphotic_slouch,bad,0.0017000916413962,-0.4383484721183777,-0.4059804081916809,0.0643610581755638,-0.4644695520401001,-0.2935218214988708,-0.0767005905508995,-0.3967796862125397,-0.2977858185768127,0.1762275993824005,-0.3190892338752746,-0.1545803248882293,-0.1452014446258545,-0.3521609008312225,-0.1049896106123924,0.1012088507413864,0.0030504669994115,0.0186915211379528,-0.1001527160406112,-0.0073958616703748,-0.0149582494050264,-174.12553838177828,0.9497454670595925,-0.01381298573687681,2.573082807587644
11,multiposture,front,51,thoracic_kyphotic_slouch,bad,0.0094116572290658,-0.4601755142211914,-0.3889690637588501,0.0569935850799083,-0.4891859591007232,-0.2625212073326111,-0.0839352086186409,-0.4267370104789734,-0.2885338068008423,0.1698661893606186,-0.355406641960144,-0.1061957851052284,-0.1570715308189392,-0.3871527016162872,-0.0780411213636398,0.1014221236109733,0.003514853073284,0.0277419369667768,-0.0996972322463989,-0.0069727450609207,-0.0255082026124,-174.45389562903662,0.9483998456867154,0.0030143279582261085,0.8580737046419453
11,multiposture,front,51,thoracic_kyphotic_slouch,bad,0.0016338209388777,-0.4580872654914856,-0.383382499217987,0.0559296905994415,-0.4874231517314911,-0.2592964470386505,-0.0849290415644645,-0.4263934791088104,-0.2784374356269836,0.1703002452850341,-0.3551995456218719,-0.0998725891113281,-0.1558365821838379,-0.3869318068027496,-0.0694884657859802,0.1013454049825668,0.0034693921916186,0.0278052259236574,-0.099646508693695,-0.006945963948965,-0.0256388057023286,-174.44276268797836,0.9644049780707548,-0.005598010611720403,0.9900355249855674
11,multiposture,front,52,lateral_trunk_tilt_left,bad,0.4269064962863922,-0.3103487491607666,-0.3102370500564575,0.488687664270401,-0.2894467413425445,-0.1986186504364013,0.329259991645813,-0.3560762405395508,-0.1892878413200378,0.5021411776542664,-0.1425412893295288,-0.0778470039367675,0.2563720047473907,-0.3370384573936462,-0.0697994232177734,0.0736088827252388,0.0540821403264999,0.0351984202861785,-0.0700076669454574,-0.0562401488423347,-0.0333026647567749,-141.64256119237055,1.0012555539951336,0.04764990508556366,57.68990402440409
11,multiposture,front,52,lateral_trunk_tilt_left,bad,0.4282155930995941,-0.3159971833229065,-0.2106672376394271,0.4905121326446533,-0.282823383808136,-0.0854691341519355,0.3316895961761474,-0.3497028350830078,-0.0730349645018577,0.4964417815208435,-0.1413476914167404,0.0161263439804315,0.258150964975357,-0.3331820666790008,0.0370923429727554,0.0731559917330741,0.0567122772336006,0.032387938350439,-0.0696091428399086,-0.0583005249500274,-0.0301271509379148,-141.1644369978295,0.9776225060919064,0.050919219851493835,57.80094682960984
11,multiposture,front,52,lateral_trunk_tilt_left,bad,0.4303101897239685,-0.3230927884578705,-0.2392441928386688,0.4903328418731689,-0.2820773422718048,-0.1216370165348053,0.3373567163944244,-0.3492120802402496,-0.1044943109154701,0.4937183856964111,-0.1416158974170684,-0.0273693576455116,0.2590412199497223,-0.3383277058601379,0.0156124904751777,0.0730219781398773,0.0581201314926147,0.0278160367161035,-0.0695872232317924,-0.0593414455652236,-0.0254090894013643,-140.02948578447152,0.9305548294773501,0.053930386900901794,57.42665050558232
11,multiposture,front,52,lateral_trunk_tilt_left,bad,0.4293311834335327,-0.3201294541358948,-0.3063522577285766,0.4879735112190246,-0.2713230848312378,-0.1854637861251831,0.3424773514270782,-0.3457982540130615,-0.1706100702285766,0.4912651777267456,-0.14093117415905,-0.0694222822785377,0.2595091164112091,-0.3418445289134979,-0.0386170782148838,0.0728398784995079,0.0586926974356174,0.0278521217405796,-0.0694964602589607,-0.0598934106528759,-0.0254690032452344,-139.0774149239712,0.9548720611575799,0.05394403636455536,57.20603081303437
11,multiposture,front,52,lateral_trunk_tilt_left,bad,0.4362311065196991,-0.3173473179340362,-0.2346576750278473,0.4906640350818634,-0.2678269445896148,-0.1087280064821243,0.345925897359848,-0.3446470201015472,-0.0979138240218162,0.4911702573299408,-0.1397625505924224,-0.0033377751242369,0.2587761878967285,-0.3419709205627441,0.0163160879164934,0.0729248449206352,0.0596326738595962,0.0281102582812309,-0.0698093846440315,-0.060891356319189,-0.0255530830472707,-138.97314860613017,0.9623730676865418,0.06125788390636444,57.244738775656245
11,multiposture,front,52,lateral_trunk_tilt_left,bad,0.43934166431427,-0.3123803436756134,-0.2419752478599548,0.4937852919101715,-0.2624790668487549,-0.1100511029362678,0.348314881324768,-0.342161476612091,-0.1025625765323638,0.4904504716396332,-0.1377315521240234,0.0059929131530225,0.2586888968944549,-0.3409071862697601,0.0149435736238956,0.0730439275503158,0.0604229681193828,0.0286479350179433,-0.0700688436627388,-0.061661060899496,-0.0259448010474443,-138.76031637146087,0.9752922803591867,0.06477198004722595,57.388628981200625
11,multiposture,front,52,lateral_trunk_tilt_left,bad,0.4495246708393097,-0.3054239749908447,-0.1734728664159774,0.498151957988739,-0.2602807581424713,-0.0404226891696453,0.3500790297985077,-0.3386072516441345,-0.0327896364033222,0.4912627339363098,-0.1350025385618209,0.0698077231645584,0.2596644461154938,-0.3356454968452453,0.0731561630964279,0.0730378776788711,0.0608171373605728,0.0300311036407947,-0.0701095163822174,-0.0621853582561016,-0.0270158760249614,-139.0962931390974,0.9592075529769146,0.0740610808134079,57.896644845599425
11,multiposture,front,53,lateral_trunk_tilt_right,bad,-0.3672938942909241,-0.3376398980617523,-0.1797392964363098,-0.3427633047103882,-0.3673894703388214,-0.0540120601654052,-0.4253596365451813,-0.2710572481155395,-0.1033974885940551,-0.2170378863811493,-0.2914245128631592,0.0216163992881774,-0.5217680335044861,-0.2450462579727172,0.0622022151947021,0.0679038241505622,-0.0571434497833251,0.0222757458686828,-0.0713928192853927,0.0509040728211402,-0.0200963020324707,171.34630490111022,0.8469548498395941,0.0021090656518936157,-54.204915805123285
11,multiposture,front,53,lateral_trunk_tilt_right,bad,-0.3676627576351166,-0.3124955892562866,-0.2615636587142944,-0.3400734364986419,-0.3563175797462463,-0.1372812092304229,-0.4067521393299103,-0.2386945635080337,-0.1795175969600677,-0.1971621513366699,-0.2981580793857574,-0.0506496727466583,-0.4903273582458496,-0.2081528007984161,0.0009713415056467,0.0671555027365684,-0.0569393038749694,0.0147165022790431,-0.0712686628103256,0.050862368196249,-0.0127826211974024,162.9328779438669,0.8818081832649532,-0.02391800284385681,-53.79573816752899
11,multiposture,front,53,lateral_trunk_tilt_right,bad,-0.3701101541519165,-0.2960754036903381,-0.2594930231571197,-0.340348333120346,-0.3439280390739441,-0.1337408423423767,-0.4042172133922577,-0.226851224899292,-0.1652939468622207,-0.2022146880626678,-0.2895276248455047,-0.0461952537298202,-0.4897305071353912,-0.198179543018341,0.0192955397069454,0.0655125454068183,-0.0571026280522346,0.0116404760628938,-0.0699062719941139,0.0510843656957149,-0.0097269732505083,162.3741680756245,0.8517947123181698,-0.02413755655288702,-54.985453775403485
11,multiposture,front,53,lateral_trunk_tilt_right,bad,-0.3680624663829803,-0.2931404411792755,-0.2679140567779541,-0.3364948630332947,-0.3380271196365356,-0.1413783431053161,-0.4040800333023071,-0.2224549800157547,-0.1762306094169616,-0.2025072425603866,-0.2822867631912231,-0.0458358377218246,-0.4894642829895019,-0.1906771957874298,0.0041252705268561,0.065206341445446,-0.0576408319175243,0.0134917311370372,-0.0696707293391227,0.0516593791544437,-0.0115663241595029,162.29458306902282,0.8799522657539476,-0.02207670360803604,-55.81407563199008
11,multiposture,front,53,lateral_trunk_tilt_right,bad,-0.3703706860542297,-0.2917608320713043,-0.2560814619064331,-0.3391317725181579,-0.3369018137454986,-0.1351934224367141,-0.4065655767917633,-0.2217482775449752,-0.1677103489637375,-0.2038120478391647,-0.2829658687114715,-0.0426711365580558,-0.4916419982910156,-0.1894183754920959,0.0085226092487573,0.0651040002703666,-0.0582870095968246,0.0145194698125123,-0.069598875939846,0.0523251295089721,-0.0125988954678177,161.99534159585482,0.8778683934404028,-0.0226436629891395,-55.97923019382273
11,multiposture,front,53,lateral_trunk_tilt_right,bad,-0.3710765540599823,-0.2940710186958313,-0.2543570399284363,-0.3411165177822113,-0.3346248865127563,-0.1322572827339172,-0.4073438942432403,-0.2224904745817184,-0.1692303568124771,-0.2048595547676086,-0.2815483808517456,-0.0440686792135238,-0.494530975818634,-0.1881482303142547,0.0109873116016387,0.0649656578898429,-0.0586400255560874,0.0146937873214483,-0.0694924592971801,0.0526775605976581,-0.0128126870840787,162.1288717651701,0.8621719624769152,-0.021381288766861017,-56.28187521358051
11,multiposture,front,53,lateral_trunk_tilt_right,bad,-0.3673146963119507,-0.2907071411609649,-0.2877044081687927,-0.3375480473041534,-0.3330608010292053,-0.1629339605569839,-0.4046882390975952,-0.2202467620372772,-0.1978271156549453,-0.2030703723430633,-0.2809558808803558,-0.0639223232865333,-0.4923089742660522,-0.186966136097908,-0.0142353065311908,0.0649068877100944,-0.0588351003825664,0.015246114693582,-0.0694624334573745,0.0528890937566757,-0.0133895901963114,161.99813191515082,0.8732505281549088,-0.01962502300739294,-56.22808477299735
11,multiposture,front,54,neutral_spinal_alignment,good,0.0186124294996261,-0.5225429534912109,-0.3024173378944397,0.0801590979099273,-0.5413893461227417,-0.1855425834655761,-0.0510156415402889,-0.4856945276260376,-0.1956297010183334,0.1828420162200927,-0.382779061794281,-0.0705428719520568,-0.1363948881626129,-0.4298161566257477,-0.013838768005371,0.0948572382330894,0.0040808785706758,0.0294411480426788,-0.0951215177774429,-0.0082064922899007,-0.0274477005004882,-171.61821720029212,0.9301227193151866,-0.004611134529113801,3.3067345036980376
11,multiposture,front,54,neutral_spinal_alignment,good,0.0117130307480692,-0.5446597933769226,-0.2949572801589966,0.069314569234848,-0.561561644077301,-0.1769814044237136,-0.0691924840211868,-0.5013604760169983,-0.1870820075273513,0.1816876530647277,-0.4033757448196411,-0.0509987659752368,-0.1511710882186889,-0.444177508354187,-0.0157417710870504,0.0989732816815376,0.0038675104733556,0.0297356527298688,-0.0982622429728508,-0.0081260008737444,-0.0273811779916286,-173.01155702771197,0.9724767934270359,-0.0035452516749501957,2.024227302231133
11,multiposture,front,54,neutral_spinal_alignment,good,0.0310265198349952,-0.5401512384414673,-0.3211485147476196,0.0752173587679863,-0.5508494973182678,-0.1997664719820022,-0.0602539703249931,-0.498952180147171,-0.2225245535373687,0.180589810013771,-0.391610324382782,-0.0734215676784515,-0.1485908180475235,-0.444352924823761,-0.0410409085452556,0.0997674688696861,0.0041443216614425,0.0335578396916389,-0.0985280126333236,-0.0083459420129656,-0.0314300134778022,-170.89721581350094,0.9393724782360658,0.015027023851871449,2.117901035638551
11,multiposture,front,54,neutral_spinal_alignment,good,-0.0093096056953072,-0.5399723649024963,-0.2679799497127533,0.0523074232041835,-0.5601890683174133,-0.1519546061754226,-0.0858968645334243,-0.4919283986091614,-0.1604057699441909,0.1713552922010421,-0.3987452983856201,-0.0756540149450302,-0.1572820842266082,-0.4445996582508087,-0.0504843145608902,0.0991046354174614,0.0030921166762709,0.0316829681396484,-0.0982547998428344,-0.0075053479522466,-0.029369655996561,-172.05687333682266,1.069599314027864,-0.01634620968252415,0.9030302127212189
11,multiposture,front,54,neutral_spinal_alignment,good,-0.0282156951725482,-0.5359821319580078,-0.2680799663066864,0.0473822504281997,-0.5595957040786743,-0.1546483933925628,-0.0913312211632728,-0.4973770081996918,-0.1638764441013336,0.1683298498392105,-0.4083543121814728,-0.0444103963673114,-0.1483429819345474,-0.4537249803543091,-0.0271525904536247,0.0992282927036285,0.00179721461609,0.033730249851942,-0.0989812389016151,-0.0065019461326301,-0.0318300873041152,-171.8465484104178,1.1508143340999824,-0.038209129124879754,1.318919767634348
11,multiposture,front,54,neutral_spinal_alignment,good,0.0114382551982998,-0.5593484044075012,-0.2052070349454879,0.0759833082556724,-0.5647220611572266,-0.0912240147590637,-0.0655496641993522,-0.5092954635620117,-0.0967616215348243,0.1785765439271927,-0.3971337378025055,0.0164657477289438,-0.144019067287445,-0.4812618196010589,0.0224766749888658,0.0943023115396499,-0.0011641074670478,0.0334650725126266,-0.0936437398195266,-0.0037403958849608,-0.0311982110142707,-165.3836650524358,1.1221506002658033,-0.005840483121574038,2.222449755473039
11,multiposture,front,54,neutral_spinal_alignment,good,-0.0302578639239072,-0.4874034523963928,-0.249624490737915,0.0435993261635303,-0.5151351690292358,-0.1240934655070304,-0.103268027305603,-0.4555873870849609,-0.1215311959385871,0.1611392796039581,-0.3773266971111297,-0.0180176496505737,-0.1703306138515472,-0.4017125368118286,0.0580133646726608,0.0965881720185279,-0.0212967693805694,0.0221377927809953,-0.0927906185388565,0.0172015447169542,-0.0207249168306589,-175.79239880742333,0.9176083212771556,-0.025662196800112645,-0.960248429831968
11,multiposture,front,54,neutral_spinal_alignment,good,-0.00899413600564,-0.4914571046829223,-0.2496953308582306,0.0458797961473465,-0.519443929195404,-0.1273827701807022,-0.0979442596435546,-0.4514309167861938,-0.1382248252630233,0.1636436283588409,-0.3719514608383178,-0.0243034586310386,-0.1606792509555816,-0.3968399167060852,0.0448763743042945,0.0962633341550827,-0.0205949377268552,0.0223190933465957,-0.0924728289246559,0.0165564753115177,-0.0207626018673181,-175.6117370051142,0.8939575048600886,-0.010476324707269639,-0.06189400326122557
11,multiposture,front,54,neutral_spinal_alignment,good,-0.0109406784176826,-0.4847360253334045,-0.2669680416584015,0.0463394857943058,-0.515317976474762,-0.1482505351305008,-0.092022106051445,-0.4480888545513153,-0.1613610833883285,0.1652251631021499,-0.3717433214187622,-0.0427286922931671,-0.1564298421144485,-0.3959770798683166,0.0186991225928068,0.09552963078022,-0.0204111821949481,0.0228041931986808,-0.0917385518550872,0.0163700301200151,-0.021203426644206,-175.69142767706163,0.9221098286649075,-0.015338338911533307,0.37544276130541815
11,multiposture,front,54,neutral_spinal_alignment,good,-0.01630175486207,-0.4956402480602264,-0.2410632073879242,0.0453848056495189,-0.5225046873092651,-0.1111611425876617,-0.098305270075798,-0.4506612122058868,-0.1214862391352653,0.1630924195051193,-0.3771540224552154,-0.00962077639997,-0.1602136343717575,-0.3982011675834656,0.062256671488285,0.0959046706557273,-0.0197201874107122,0.0223253984004259,-0.0921041816473007,0.0156682562083005,-0.0207524020224809,-176.27531452894777,0.9036222579635975,-0.017741147428750895,-0.06846816250210266
11,multiposture,front,54,neutral_spinal_alignment,good,0.0025833901017904,-0.5046573281288147,-0.2679913640022278,0.0515863634645938,-0.5258274674415588,-0.1425717771053314,-0.0844829082489013,-0.4538089632987976,-0.1575247645378112,0.1662349998950958,-0.3761350512504577,-0.0396300181746482,-0.1567467600107193,-0.3977669477462768,0.0232132002711296,0.0957524850964546,-0.0193003267049789,0.0229630023241043,-0.0919454842805862,0.0152849815785884,-0.0214939024299383,-176.16830338965056,0.8859256928830214,-0.002160729840397849,0.4227961493947415
11,multiposture,front,54,neutral_spinal_alignment,good,-0.0130744287744164,-0.5054370760917664,-0.2453452944755554,0.0520740486681461,-0.5230831503868103,-0.1190030872821807,-0.0864836871623992,-0.4617380499839782,-0.1239978224039077,0.1649131923913955,-0.3754647672176361,-0.0206943470984697,-0.163475751876831,-0.4018352925777435,0.0548812374472618,0.0959109216928482,-0.0194451138377189,0.0227762442082166,-0.0920765921473503,0.0154223702847957,-0.0212439782917499,-175.40884489065124,0.8955516287461162,-0.013793149031698657,-0.1775962940228285
11,multiposture,front,54,neutral_spinal_alignment,good,0.0264853965491056,-0.4805417060852051,-0.2717121541500091,0.1042821630835533,-0.4969630539417267,-0.1551576256752014,-0.0431542918086051,-0.4437852799892425,-0.1531935185194015,0.2177218645811081,-0.3428228795528412,-0.0171693079173564,-0.1063781082630157,-0.3966143727302551,0.0305222477763891,0.0980178490281105,0.0190491881221532,0.0286658555269241,-0.0976271256804466,-0.0262081176042556,-0.0272797476500272,-170.5764126356825,1.0183074883583105,-0.029186481609940595,8.615783714961479
11,multiposture,front,54,neutral_spinal_alignment,good,0.0356332845985889,-0.4748503565788269,-0.3066780865192413,0.0855528861284256,-0.5005466938018799,-0.1749991327524185,-0.0624451451003551,-0.4328973293304443,-0.2009097635746002,0.2143598794937133,-0.3482090830802917,-0.0593529194593429,-0.119934432208538,-0.3851417601108551,-0.0095894308760762,0.097432404756546,0.0205431263893842,0.0259928796440362,-0.0966500714421272,-0.0275819562375545,-0.0241792518645524,-173.69555659395022,0.951702228826818,-0.011579439043998746,7.346593473523771
11,multiposture,front,54,neutral_spinal_alignment,good,0.007487897761166,-0.4664707779884338,-0.2685655951499939,0.0891727358102798,-0.4914233386516571,-0.149312362074852,-0.0631887465715408,-0.4325214028358459,-0.1400597840547561,0.2168281823396682,-0.3427819907665252,-0.0187298022210598,-0.1056242361664772,-0.3902202248573303,0.0397041290998458,0.0970881208777427,0.0212438125163316,0.0255290623754262,-0.0961471796035766,-0.0285780597478151,-0.0238344017416238,-171.63085091252395,1.034181524245862,-0.048114075325429495,8.639829369999678
11,multiposture,front,54,neutral_spinal_alignment,good,0.0637351498007774,-0.4685694873332977,-0.2838380634784698,0.1098851338028907,-0.4905721247196197,-0.1562322229146957,-0.0424406379461288,-0.4325714707374573,-0.1749046146869659,0.2192884087562561,-0.3394930362701416,-0.0249246917665004,-0.1010010614991188,-0.3896024525165558,0.0186808221042156,0.0967029258608818,0.0214157477021217,0.0260249730199575,-0.0955677181482315,-0.0287328455597162,-0.0245193056762218,-171.10813267242122,0.9294618569944986,0.004591476172208744,9.21930214042727
11,multiposture,front,54,neutral_spinal_alignment,good,0.0754759460687637,-0.4744421541690826,-0.2944726347923279,0.1176330745220184,-0.4940991699695587,-0.157587930560112,-0.0320078916847705,-0.4339664280414581,-0.191431775689125,0.2150712609291076,-0.3413506746292114,-0.0389954708516597,-0.1029656380414962,-0.3873621225357055,-0.000191659972188,0.0955765098333358,0.0211354624480009,0.0252277068793773,-0.0943986698985099,-0.0282380878925323,-0.0236690230667591,-171.7679466621164,0.9017088532858307,0.019423134624957997,8.739246014226294
11,multiposture,front,54,neutral_spinal_alignment,good,0.0583311319351196,-0.4762025475502014,-0.28592649102211,0.1161508038640022,-0.4943240880966186,-0.155699074268341,-0.0315336100757122,-0.4362239241600036,-0.1777839660644531,0.2209103107452392,-0.3423505127429962,-0.0340969078242778,-0.0968773588538169,-0.3903059959411621,0.0088472468778491,0.0949545577168464,0.021587511524558,0.0247126389294862,-0.0937918424606323,-0.0287132691591978,-0.0232117101550102,-171.41857619625497,0.9542021677559642,-0.0036853440105915486,9.611968379734222
11,multiposture,front,54,neutral_spinal_alignment,good,-0.0006866092444397,-0.4950171113014221,-0.271340399980545,0.0641118735074997,-0.5086864829063416,-0.1550670117139816,-0.069970816373825,-0.4557205438613891,-0.1666083335876464,0.1757858842611313,-0.3556106090545654,-0.0287523902952671,-0.1475792229175567,-0.3936195373535156,0.0125512741506099,0.095073364675045,0.0009843652369454,0.0221795570105314,-0.0946147739887237,-0.0045619336888194,-0.0196123477071523,-173.29610980074932,0.9864459402827863,-0.01478993991622699,2.1311722263835975
11,multiposture,front,54,neutral_spinal_alignment,good,0.0280547775328159,-0.5082606077194214,-0.2331820726394653,0.0736469104886055,-0.5185672044754028,-0.1061679869890213,-0.059864692389965,-0.4662457704544067,-0.1364554762840271,0.1771112978458404,-0.3615090847015381,0.0074798045679926,-0.1490256637334823,-0.406406044960022,0.0429621711373329,0.0965463668107986,0.0015884333988651,0.0230002552270889,-0.0959692075848579,-0.0051717585884034,-0.02013068087399,-172.16176333879736,0.928287923861897,0.014011960476636852,2.0611984442132574
11,multiposture,front,54,neutral_spinal_alignment,good,0.0102069582790136,-0.4548752307891845,-0.2469513565301895,0.0586374104022979,-0.4800642430782318,-0.125098168849945,-0.0771528184413909,-0.4112317562103271,-0.14374341070652,0.1693212836980819,-0.3356083333492279,-0.0134405111894011,-0.1448415666818618,-0.3680599629878998,0.0381814651191234,0.1003075018525123,0.0034779377747327,0.0185285862535238,-0.0990399643778801,-0.0076431320048868,-0.0147283403202891,-174.1025159741791,0.912893019284962,-0.0020329002290964456,1.9005949661927874
11,multiposture,front,54,neutral_spinal_alignment,good,-0.0043249703012406,-0.4693006873130798,-0.3370116651058197,0.057252287864685,-0.4958887696266174,-0.2075668424367904,-0.0855491012334823,-0.4377168416976928,-0.2247943133115768,0.1739038676023483,-0.3579373657703399,-0.0513140000402927,-0.1548416763544082,-0.3938072025775909,-0.0155500369146466,0.1009257733821868,0.0030741184018552,0.0286345407366752,-0.0991157889366149,-0.0064851180650293,-0.0264750365167856,-173.7730192698722,0.9773361146113878,-0.013856065925210645,1.3206725056298878
11,multiposture,front,54,neutral_spinal_alignment,good,-0.0138055952265858,-0.4631708860397339,-0.3057657182216644,0.063558354973793,-0.4871951043605804,-0.1781384646892547,-0.0826637670397758,-0.4403494894504547,-0.1810012310743332,0.1729967892169952,-0.3491216003894806,-0.0326250046491622,-0.1578194946050644,-0.3939749896526336,0.0143192177638411,0.1026665791869163,0.003564411541447,0.0279797241091728,-0.1008034870028495,-0.0070455623790621,-0.0258308686316013,-172.27869392957822,0.9783796409123293,-0.021394242532551212,1.0312997550151695
12,multiposture,front,55,posterior_trunk_recline,bad,0.0515909343957901,-0.5448963642120361,-0.1719490438699722,0.1262356042861938,-0.5632297396659851,-0.0080809593200683,-0.0605988651514053,-0.5106157660484314,-0.0290850847959518,0.2010726779699325,-0.3825025558471679,0.1138944029808044,-0.1491201519966125,-0.4311784207820892,0.0832056999206543,0.1063881963491439,-0.0150636965408921,0.0541079044342041,-0.1036278158426284,0.0121328607201576,-0.052034854888916,-172.08674230288142,1.0498973199731625,0.025614671409130096,3.472156321549131
12,multiposture,front,55,posterior_trunk_recline,bad,-0.0029160545673221,-0.5290043950080872,-0.0611748211085796,0.0787497982382774,-0.5378772020339966,0.0760674774646759,-0.0858707502484321,-0.4922974705696106,0.078714020550251,0.1719807535409927,-0.3774233758449554,0.1638549566268921,-0.157401904463768,-0.4335323274135589,0.1668303608894348,0.1012377142906189,-0.0176000855863094,0.0437406823039054,-0.0985251069068908,0.0142631232738494,-0.0395321175456047,-170.33269955118013,1.10743143170573,-0.010205479105934452,0.8417791897193693
12,multiposture,front,55,posterior_trunk_recline,bad,0.0110607892274856,-0.5291980504989624,-0.0825400277972221,0.0733497738838195,-0.5362423062324524,0.0547050163149833,-0.0775635838508606,-0.486788660287857,0.0486801192164421,0.163006991147995,-0.3777992129325866,0.1504810005426406,-0.1553937643766403,-0.4324894845485687,0.1434839069843292,0.0983589962124824,-0.0187500491738319,0.0426833294332027,-0.0956700220704078,0.0152654787525534,-0.0381109118461608,-170.25366787738037,1.0667567378767873,0.007254175841808248,0.3496950252961481
12,multiposture,front,55,posterior_trunk_recline,bad,0.0014306693337857,-0.5251085758209229,-0.0765102580189704,0.0696756690740585,-0.533002495765686,0.0622485913336277,-0.0844125002622604,-0.4807174205780029,0.0573905333876609,0.1615290343761444,-0.3757378756999969,0.1519644558429718,-0.1565632373094558,-0.4258891344070434,0.1509739160537719,0.0982042998075485,-0.0190146006643772,0.0423232279717922,-0.0955631583929061,0.0154439490288496,-0.0377277322113513,-171.04035006265119,1.0756335795145004,-0.0010522291995586105,0.16689620921998446
12,multiposture,front,55,posterior_trunk_recline,bad,-0.0014300597831606,-0.5251576900482178,-0.0738926827907562,0.0699392631649971,-0.53342205286026,0.0626600310206413,-0.0849393382668495,-0.4833109080791473,0.0607640370726585,0.1590669304132461,-0.3780959546566009,0.1602028161287307,-0.1547055393457412,-0.4273593723773956,0.1515733152627945,0.0978624746203422,-0.0190669018775224,0.0428273528814315,-0.0952056422829628,0.0154215618968009,-0.0381278619170188,-171.07719478067,1.103661171822969,-0.003610755316913055,0.12180426237894784
12,multiposture,front,55,posterior_trunk_recline,bad,0.0109743885695934,-0.5288049578666687,-0.0590960346162319,0.0734684914350509,-0.5340478420257568,0.0809307545423507,-0.0793979987502098,-0.4828245341777801,0.0768980309367179,0.1613368391990661,-0.3742922842502594,0.1690699458122253,-0.152682363986969,-0.4256065487861633,0.1625764518976211,0.0977589786052703,-0.0192257314920425,0.0426077730953693,-0.095102958381176,0.0155341252684593,-0.0379100330173969,-170.71925461238217,1.0668988651798572,0.006647150963544844,0.4316459845555008
12,multiposture,front,55,posterior_trunk_recline,bad,0.0240868963301181,-0.5314823985099792,-0.1804475039243698,0.09652741253376,-0.5385007858276367,-0.0409079045057296,-0.0586450025439262,-0.4810191094875335,-0.060326013714075,0.2030091881752014,-0.3775481581687927,0.0582506880164146,-0.1424852162599563,-0.4159534573554992,0.1061050593852996,0.1037617623805999,0.012855939567089,0.0406643189489841,-0.103991687297821,-0.0181573685258626,-0.0398476310074329,-173.65701817333292,0.9563554370641285,-0.006175089627504442,4.407601943211203
12,multiposture,front,55,posterior_trunk_recline,bad,0.0724319368600845,-0.5363195538520813,-0.1200921833515167,0.1090972945094108,-0.540353000164032,0.0212830137461423,-0.0300507992506027,-0.494659423828125,-0.0040996470488607,0.1848834306001663,-0.3755765855312347,0.0974784716963768,-0.1143047139048576,-0.4324712455272674,0.1557737737894058,0.094478540122509,0.0114518646150827,0.0280369985848665,-0.0927904173731803,-0.0169254522770643,-0.0244302134960889,-169.2329925922721,0.8395541941885298,0.037142578512430156,4.9060741397978775
12,multiposture,front,55,posterior_trunk_recline,bad,0.0398375056684017,-0.5273732542991638,-0.083405926823616,0.1039906740188598,-0.5326802730560303,0.0595231167972087,-0.0388529747724533,-0.4928405284881592,0.0458871647715568,0.1792343258857727,-0.3681949377059936,0.1224346384406089,-0.1172097623348236,-0.4300281107425689,0.1973150670528412,0.0934934616088867,0.0111551526933908,0.0205865371972322,-0.0918003693222999,-0.0167027693241834,-0.0167796574532985,-168.21800643427184,0.8783663236669833,0.008825223892927142,4.352458495296832
12,multiposture,front,55,posterior_trunk_recline,bad,0.0334544703364372,-0.5267175436019897,-0.0758643001317977,0.1004692465066909,-0.5317484140396118,0.0652318894863128,-0.0417841523885726,-0.4917033910751343,0.0532523617148399,0.1728332340717315,-0.3658589124679565,0.1211079359054565,-0.1168983355164527,-0.4278060793876648,0.2045904695987701,0.0925768911838531,0.010866280645132,0.0158309917896986,-0.0907875746488571,-0.0164833217859268,-0.0119167510420084,-167.93136955114107,0.8702615757339883,0.005487021058797795,3.9305289093288245
12,multiposture,front,55,posterior_trunk_recline,bad,0.030081370845437,-0.5246409177780151,-0.0581865049898624,0.0979453325271606,-0.530562162399292,0.0865268185734748,-0.0457147173583507,-0.4898971617221832,0.0726757571101188,0.1714073866605758,-0.3646342158317566,0.1369924545288086,-0.1173485964536666,-0.4253602027893066,0.2222874760627746,0.092379130423069,0.0107622444629669,0.0149935558438301,-0.0905677005648613,-0.016432799398899,-0.0111526269465684,-168.12364442914216,0.8711241013772741,0.0030519757419823976,3.81110045271506
12,multiposture,front,55,posterior_trunk_recline,bad,0.0299104861915111,-0.5254427790641785,-0.0880661234259605,0.0982532650232315,-0.5310165882110596,0.0565203577280044,-0.0467771776020526,-0.4901520013809204,0.0405512042343616,0.1735002398490905,-0.3652824759483337,0.1226604953408241,-0.1178399324417114,-0.4244510233402252,0.1964707672595977,0.0925532802939415,0.0105691663920879,0.0165487807244062,-0.0907739400863647,-0.0162462163716554,-0.0128978015854954,-168.51988321305748,0.8958234217144886,0.0020803324878215512,3.9312297031430363
12,multiposture,front,55,posterior_trunk_recline,bad,0.0321757271885871,-0.525675892829895,-0.0859522819519043,0.1006015017628669,-0.5311439633369446,0.0590595677495002,-0.0456185638904571,-0.4912481307983398,0.0425881929695606,0.1764911115169525,-0.3651612102985382,0.1261955797672271,-0.1193517297506332,-0.4276170432567596,0.1976836919784546,0.0932286381721496,0.0109651153907179,0.0174243878573179,-0.0915064588189125,-0.0167320203036069,-0.0137935914099216,-168.07923883604883,0.900235753683039,0.003606036305427454,4.027819449238136
12,multiposture,front,56,thoracic_kyphotic_slouch,bad,0.0121658723801374,-0.4897648692131042,-0.472009003162384,0.0794824510812759,-0.5053799152374268,-0.3428092002868652,-0.0637094229459762,-0.4597784578800201,-0.3611713349819183,0.1715120673179626,-0.3501652479171753,-0.2195386588573455,-0.1658631265163421,-0.3859001696109772,-0.1650058031082153,0.106581337749958,-0.0017683957703411,0.0359699726104736,-0.1067121773958206,-0.0009780353866517,-0.0340323448181152,-173.95375103551902,0.8912899945296422,0.009341401979327158,0.4515772471734823
12,multiposture,front,56,thoracic_kyphotic_slouch,bad,0.0154854916036129,-0.4805329144001007,-0.5176783800125122,0.0851389989256858,-0.4984608888626098,-0.3890072405338287,-0.0664019286632537,-0.4510907232761383,-0.4045789241790771,0.1801487952470779,-0.3402071893215179,-0.2569493949413299,-0.1546317040920257,-0.3880635201931,-0.2090827971696853,0.1063541397452354,-0.0006324619171209,0.0362337231636047,-0.1063235327601432,-0.0021309074945747,-0.03427629545331,-171.86477461801522,0.9299753969409806,0.0027269460260868073,2.011926903027048
12,multiposture,front,56,thoracic_kyphotic_slouch,bad,0.0059842602349817,-0.4799105226993561,-0.5159904360771179,0.0776028558611869,-0.4960678517818451,-0.3828532099723816,-0.0712962374091148,-0.4496455490589142,-0.4031279385089874,0.177302747964859,-0.3400389552116394,-0.252377301454544,-0.1591032147407531,-0.3897055983543396,-0.2051331251859665,0.1062500104308128,-0.0001006142119877,0.0361449345946311,-0.1060743108391761,-0.0026238886639475,-0.0340823754668235,-171.60157807380773,0.9470259143730841,-0.0031155063770712593,1.420150801519633
12,multiposture,front,56,thoracic_kyphotic_slouch,bad,0.0381697937846183,-0.481374591588974,-0.5134268403053284,0.0994428694248199,-0.4966721534729004,-0.3825616240501404,-0.0457817912101745,-0.4538755118846893,-0.4074207842350006,0.1807163804769516,-0.3355372250080108,-0.2512156367301941,-0.1516223847866058,-0.3904497027397156,-0.2079362273216247,0.106074184179306,-1.1846256711578462e-05,0.0370352789759635,-0.105833925306797,-0.0027300086803734,-0.0350650884211063,-170.61776252142468,0.8954520735028055,0.023622795939445405,2.284593655494671
12,multiposture,front,56,thoracic_kyphotic_slouch,bad,0.0574059151113033,-0.4852572679519653,-0.4990404546260834,0.0953920930624008,-0.5015042424201965,-0.3635916709899902,-0.0455854050815105,-0.4560867249965668,-0.4059870839118957,0.1774455606937408,-0.3393356204032898,-0.2424232512712478,-0.1554359644651413,-0.3915080726146698,-0.2065043449401855,0.1060599014163017,4.9790302000474185e-05,0.0371073596179485,-0.1057868972420692,-0.0027856831438839,-0.0351148396730423,-171.09250790545062,0.8527119121783868,0.046401116997003555,1.7099737125635834
12,multiposture,front,56,thoracic_kyphotic_slouch,bad,0.0019596035126596,-0.4760070741176605,-0.5264034867286682,0.0818256735801696,-0.4930996000766754,-0.3972254991531372,-0.0702291429042816,-0.4510773718357086,-0.4057962000370025,0.1764034032821655,-0.3394505679607391,-0.2608532011508941,-0.1590455472469329,-0.3926911354064941,-0.2113819271326065,0.1061014086008071,0.0002832163881976,0.0370296612381935,-0.1058086305856704,-0.003002468496561,-0.0349484048783779,-170.98156020021312,0.9514829372090854,-0.0067193245049567,1.3402091141185168
12,multiposture,front,56,thoracic_kyphotic_slouch,bad,-0.0078338477760553,-0.5298594236373901,-0.3442348539829254,0.0600379779934883,-0.5428417325019836,-0.2244050502777099,-0.075196623802185,-0.4987599551677704,-0.2334126830101013,0.1600297391414642,-0.372518926858902,-0.1263461709022522,-0.1744737327098846,-0.4249538481235504,-0.0549955368041992,0.1037061363458633,0.0027162884362041,0.0276594758033752,-0.1029732897877693,-0.0051236920990049,-0.026071548461914,-171.0911267268857,0.9056029531034269,-0.0006118509918451084,-1.0935745934813852
12,multiposture,front,56,thoracic_kyphotic_slouch,bad,0.0760732367634773,-0.5227097868919373,-0.3630294501781463,0.0927767157554626,-0.5357583165168762,-0.2484391033649444,-0.0208288729190826,-0.4940452873706817,-0.2789097130298614,0.1731468588113784,-0.3694789409637451,-0.1395371705293655,-0.1476979553699493,-0.4287211894989013,-0.0932679921388626,0.1033259555697441,0.0024416607338935,0.0295543130487203,-0.1024283170700073,-0.0049460949376225,-0.0278420839458704,-169.53847455904543,0.7932192220825633,0.06334878504276276,1.767305917796288
12,multiposture,front,56,thoracic_kyphotic_slouch,bad,0.0171668455004692,-0.5214042067527771,-0.3755691051483154,0.082681119441986,-0.5317769646644592,-0.2601102292537689,-0.0473010577261447,-0.4921514987945556,-0.2700772285461426,0.1730629056692123,-0.367645651102066,-0.1486945301294326,-0.151331678032875,-0.4301846325397491,-0.0892518758773803,0.1030033305287361,0.0022542560473084,0.0297777485102415,-0.1020440384745597,-0.004791660234332,-0.0279656592756509,-169.0880055324291,0.915215624023963,0.006301231682300547,1.4961453211641427
12,multiposture,front,56,thoracic_kyphotic_slouch,bad,0.0098638804629445,-0.5193848609924316,-0.3801431357860565,0.0805402621626854,-0.5305281281471252,-0.2639410495758056,-0.0524766035377979,-0.4907207787036896,-0.2696593403816223,0.1735940128564834,-0.3676626980304718,-0.1496978849172592,-0.1523895263671875,-0.4298754632472992,-0.0896267369389534,0.1029283627867698,0.0020724616479128,0.0299452859908342,-0.1019484996795654,-0.0046050292439758,-0.0280681457370519,-169.1952380567965,0.931067013384893,-0.0007383627817034513,1.4572673323931427
12,multiposture,front,56,thoracic_kyphotic_slouch,bad,0.0075673544779419,-0.5195963382720947,-0.3785194158554077,0.0800745263695716,-0.530485212802887,-0.2627144157886505,-0.0541023761034011,-0.49017533659935,-0.2677169144153595,0.1741792559623718,-0.3676411211490631,-0.1500854939222335,-0.1517972499132156,-0.428720474243164,-0.0890363827347755,0.1028946414589881,0.0019279279513284,0.0302542466670274,-0.1019027680158615,-0.0044773668050765,-0.0283367950469255,-169.3873476176242,0.9365878575331884,-0.003623648546636195,1.5435236366642824
12,multiposture,front,56,thoracic_kyphotic_slouch,bad,-0.0039852480404078,-0.5190016627311707,-0.3829569220542907,0.0702179595828056,-0.5311005711555481,-0.2670870423316955,-0.0672174021601677,-0.4883292019367218,-0.2695802450180053,0.1722221672534942,-0.3693334460258484,-0.1515616476535797,-0.1556112319231033,-0.427320122718811,-0.089630626142025,0.1030188351869583,0.0017781340284273,0.0302828792482614,-0.1020245477557182,-0.0043604229576885,-0.0283336620777845,-169.9693565566364,0.9545031787717132,-0.01229071570560325,1.1266654603458583
12,multiposture,front,56,thoracic_kyphotic_slouch,bad,0.0045422413386404,-0.5126714706420898,-0.3929128050804138,0.0731273740530014,-0.5275089740753174,-0.27607062458992,-0.0633365660905838,-0.4835703372955322,-0.2821390032768249,0.1732288897037506,-0.3677659034729004,-0.1576352715492248,-0.1557072401046753,-0.424901932477951,-0.0988105461001396,0.1032129898667335,0.001804320490919,0.0306388176977634,-0.1022296771407127,-0.0043949666433036,-0.0286684408783912,-170.14607150357145,0.935029624129436,-0.0042185834608972584,1.1991721201983037
12,multiposture,front,57,lateral_trunk_tilt_left,bad,0.1545459628105163,-0.500236451625824,-0.3344132602214813,0.2293532788753509,-0.4999549984931946,-0.2186207771301269,0.0841399803757667,-0.4753254354000091,-0.2099455893039703,0.3016175925731659,-0.3516899943351745,-0.0887666940689086,-0.0084534063935279,-0.4460046589374542,-0.0349578857421875,0.0987239852547645,0.0126909408718347,0.0267644822597503,-0.0961175113916397,-0.0156947597861289,-0.0218158960342407,-163.0817499506845,0.9343053248221892,0.007963869720697292,20.08360425848621
12,multiposture,front,57,lateral_trunk_tilt_left,bad,0.2095717489719391,-0.4985894858837127,-0.2987674474716186,0.2506554424762726,-0.5002813935279846,-0.1768701374530792,0.1008583232760429,-0.4758396446704864,-0.1963672190904617,0.3099848330020904,-0.3456133008003235,-0.0607345774769783,0.0148466797545552,-0.4397509694099426,-0.0517936311662197,0.0990699380636215,0.0130390152335166,0.0368288718163967,-0.0960714370012283,-0.0159192364662885,-0.0320215113461017,-162.30932624889493,0.9383609170961529,0.047155992593616275,22.357197882008236
12,multiposture,front,57,lateral_trunk_tilt_left,bad,0.2028124034404754,-0.4998756647109985,-0.2868250608444214,0.2520090639591217,-0.4930597245693207,-0.1696326285600662,0.1027944758534431,-0.4781325459480285,-0.1751025766134262,0.3107786774635315,-0.3391132056713104,-0.053207017481327,0.0211270451545715,-0.4395094215869903,-0.0340131223201751,0.0990097746253013,0.0139452246949076,0.036782618612051,-0.095655508339405,-0.0166158378124237,-0.031946413218975,-160.88316091582996,0.9568649059457023,0.03685954213142392,22.948636615924606
12,multiposture,front,57,lateral_trunk_tilt_left,bad,0.2113314270973205,-0.5025308728218079,-0.2702998220920563,0.2560215890407562,-0.4971776306629181,-0.1535081416368484,0.1069487109780311,-0.4785511195659637,-0.1575513482093811,0.3146148324012756,-0.339036077260971,-0.0430741570889949,0.0241384245455265,-0.4393877983093261,-0.0196370594203472,0.0989948138594627,0.0149033041670918,0.036804337054491,-0.0954681783914566,-0.0174994710832834,-0.03189717233181,-160.94135702748176,0.9348995697663463,0.04195479862391946,23.368641841210554
12,multiposture,front,57,lateral_trunk_tilt_left,bad,0.1944156885147094,-0.5034247636795044,-0.2733667194843292,0.2531220316886902,-0.4976556897163391,-0.161416545510292,0.1019317433238029,-0.4795748293399811,-0.1574084460735321,0.3158856332302093,-0.3387809991836548,-0.0489686429500579,0.0252697132527828,-0.439715564250946,-0.0201979409903287,0.099054180085659,0.0154387708753347,0.0368963666260242,-0.0954141393303871,-0.0179503932595253,-0.0319963656365871,-160.84724254751004,0.9762237828157091,0.02383801527321333,23.50667193284008
12,multiposture,front,57,lateral_trunk_tilt_left,bad,0.1204372122883796,-0.5111843347549438,-0.2804126739501953,0.2286333292722702,-0.49144047498703,-0.190808817744255,0.0911189913749694,-0.4812640845775604,-0.1400382369756698,0.3126742541790008,-0.3296385407447815,-0.0715240165591239,0.0265110898762941,-0.4407572448253631,-0.0151201980188488,0.0981703028082847,0.0161159913986921,0.0354853868484497,-0.0943086221814155,-0.0187801774591207,-0.0305867884308099,-158.77853950138942,1.1615342860065114,-0.04915545973926784,23.594358037292388
12,multiposture,front,57,lateral_trunk_tilt_left,bad,0.1674555838108062,-0.5029374957084656,-0.2907673418521881,0.2436151057481765,-0.4877162277698517,-0.1786785572767257,0.0992083624005317,-0.4805037975311279,-0.1680842936038971,0.3129758238792419,-0.3310256004333496,-0.0630940720438957,0.0276029463857412,-0.4416292011737823,-0.0275781154632568,0.0982057750225067,0.0163233876228332,0.0355768054723739,-0.0942944958806037,-0.0188968908041715,-0.0306675862520933,-158.81487815752428,1.0525112416704627,-0.002833801321685342,23.614196035333244
12,multiposture,front,58,lateral_trunk_tilt_right,bad,-0.0668807923793792,-0.5128995180130005,-0.2791070342063904,-0.0090884417295455,-0.5268357992172241,-0.1501355171203613,-0.1363413482904434,-0.4819086790084839,-0.1771768927574157,0.0789378732442855,-0.385051816701889,-0.0562143921852111,-0.2407065033912658,-0.4188864529132843,0.0367722511291503,0.0918312594294548,-0.0065027456730604,0.0050922930240631,-0.091036356985569,0.0008601658046245,-0.0025168657302856,-173.95769153315817,0.7929268761207284,0.014003522694110954,-11.510230012960804
12,multiposture,front,58,lateral_trunk_tilt_right,bad,-0.0996149852871894,-0.5003591179847717,-0.2670963704586029,-0.0318844057619571,-0.5210905075073242,-0.1429254710674286,-0.1564764231443405,-0.4661832749843597,-0.1521805971860885,0.0696054324507713,-0.3799264132976532,-0.0499624758958816,-0.2460375428199768,-0.4042615294456482,0.0486976243555545,0.0912539884448051,-0.0070148492231965,0.0041741835884749,-0.0904844179749488,0.0013386372011154,-0.0015430673956871,-175.59139019816553,0.8320948837895149,-0.011398930102586649,-12.822963573210458
12,multiposture,front,58,lateral_trunk_tilt_right,bad,-0.1392188221216201,-0.4767061173915863,-0.2530798316001892,-0.0635292530059814,-0.5134381651878357,-0.1326312869787216,-0.1904751807451248,-0.4493604898452759,-0.1333094835281372,0.0499355867505073,-0.3824654519557953,-0.0276346188038587,-0.2698743641376495,-0.3889099061489105,0.071662314236164,0.0917146429419517,-0.0099535500630736,0.0036292758304625,-0.0910409986972808,0.0040440936572849,-0.0011342805810272,-178.84559545434539,0.8562567515168045,-0.029249433428049004,-16.07733729082059
12,multiposture,front,58,lateral_trunk_tilt_right,bad,-0.1345233172178268,-0.477972149848938,-0.2648411393165588,-0.0597494542598724,-0.5116371512413025,-0.1420208662748336,-0.186375617980957,-0.4503270983695984,-0.1526750773191452,0.0508191846311092,-0.3826401233673095,-0.038526751101017,-0.2705021500587463,-0.3884418308734894,0.0534699857234954,0.0920179858803749,-0.010824060998857,0.0037745127920061,-0.0914099290966987,0.0049555748701095,-0.0012948414077982,-178.96559237821782,0.8605307344034335,-0.02468183450400825,-16.060146101932197
12,multiposture,front,58,lateral_trunk_tilt_right,bad,-0.1318984776735305,-0.4789336025714874,-0.2553639411926269,-0.0595284812152385,-0.5109829306602478,-0.1303925514221191,-0.1857167035341262,-0.4494259655475616,-0.1430853009223938,0.0500194914638996,-0.3827918767929077,-0.0286385081708431,-0.270963042974472,-0.3868523836135864,0.0634984970092773,0.092182844877243,-0.0113250613212585,0.0041118934750556,-0.091579869389534,0.0054334206506609,-0.0017082133563235,-179.27523316839518,0.8508374077541867,-0.021426701918244306,-16.17619097766966
12,multiposture,front,58,lateral_trunk_tilt_right,bad,-0.1330441981554031,-0.4798599779605865,-0.2489436417818069,-0.0590572468936443,-0.5112667679786682,-0.1227597594261169,-0.186365321278572,-0.4500155746936798,-0.1292989701032638,0.0497943870723247,-0.3820368945598602,-0.0248093269765377,-0.2697174847126007,-0.3866994976997375,0.0723731964826583,0.092274934053421,-0.0114544406533241,0.0040900907479226,-0.0916731730103492,0.0055693150497972,-0.0017149152699857,-179.16394805882703,0.8449170945495308,-0.023082649335265104,-16.12351127279684
12,multiposture,front,58,lateral_trunk_tilt_right,bad,-0.132812425494194,-0.4803850650787353,-0.2384083420038223,-0.0592854358255863,-0.511471152305603,-0.1123811230063438,-0.1863664537668228,-0.4497029185295105,-0.1228836998343467,0.0503815300762653,-0.3807839453220367,-0.0150299407541751,-0.2696643769741058,-0.3862917125225067,0.0790403336286544,0.0923948138952255,-0.0115989223122596,0.0041495002806186,-0.0917902961373329,0.0057071461342275,-0.0017730970866978,-179.01407685445275,0.8529340873828334,-0.023171002045273767,-16.11270951662256
12,multiposture,front,59,neutral_spinal_alignment,good,0.0253985282033681,-0.5149944424629211,-0.3024390339851379,0.1017492562532424,-0.5184841752052307,-0.1675226688385009,-0.0462880805134773,-0.4816434681415558,-0.180388942360878,0.200252279639244,-0.3470197319984436,-0.0331481099128723,-0.1426641345024109,-0.4254289865493774,0.0109162330627441,0.1119363903999328,0.0077401110902428,0.031447410583496,-0.1108313351869583,-0.011630312539637,-0.0296351909637451,-167.120495312624,0.9882108349453671,-0.0033955443650484536,4.203238880984672
12,multiposture,front,59,neutral_spinal_alignment,good,0.0161269456148147,-0.4911873042583465,-0.2783971130847931,0.0947378426790237,-0.5050122737884521,-0.1603240817785263,-0.0482661388814449,-0.4584348797798157,-0.1524430364370346,0.1914849281311035,-0.3433400988578796,-0.0383929312229156,-0.1309836655855178,-0.4148026406764984,0.0307427011430263,0.1085706874728202,0.0080310059711337,0.0229710694402456,-0.1069012135267257,-0.0117907086387276,-0.0198685228824615,-167.5045767799277,0.9464189675154678,-0.014123685657978145,4.459278890798797
12,multiposture,front,59,neutral_spinal_alignment,good,0.0226887706667184,-0.4901397824287414,-0.2049885541200637,0.0926982313394546,-0.5043408274650574,-0.0800525620579719,-0.0479536354541778,-0.4549804627895355,-0.0883856937289238,0.1854333579540252,-0.3453971147537231,0.03292853012681,-0.1258651167154312,-0.4074229896068573,0.0837340280413627,0.1056503728032112,0.0064876414835453,0.0223808158189058,-0.1036808639764785,-0.0103190448135137,-0.0187867432832717,-168.73145384175876,0.9626488236357342,-0.0070953499525786,4.397505090837436
12,multiposture,front,59,neutral_spinal_alignment,good,0.0395673252642154,-0.4868148565292358,-0.2146523147821426,0.0948983952403068,-0.5045286417007446,-0.0900632068514823,-0.0432930029928684,-0.4545283615589142,-0.100260317325592,0.1837437748908996,-0.3472811579704284,0.0244675353169441,-0.1226363852620124,-0.4071641266345978,0.0754927322268486,0.1044862046837806,0.0056041269563138,0.0225264783948659,-0.1024004071950912,-0.0095250494778156,-0.0188016295433044,-168.9407804167535,0.9131963948787464,0.009013630449771798,4.496513240181864
12,multiposture,front,59,neutral_spinal_alignment,good,0.0307707097381353,-0.4847562611103058,-0.2296458333730697,0.0921534299850463,-0.5023012161254883,-0.1064861714839935,-0.0469115152955055,-0.4522363841533661,-0.1150410324335098,0.1828575432300567,-0.3455734252929687,0.0086758183315396,-0.1245099902153015,-0.4039190113544464,0.0606501512229442,0.1040118113160133,0.0049718273803591,0.0225469581782817,-0.1019757986068725,-0.0089426776394248,-0.0187039040029048,-169.25179267026877,0.9295622168143126,0.001596933230757696,4.319524407017715
12,multiposture,front,59,neutral_spinal_alignment,good,0.0275585073977708,-0.4851438999176025,-0.2710021138191223,0.0921085029840469,-0.5020062923431396,-0.1534499228000641,-0.0463078618049621,-0.4522022902965545,-0.1572616100311279,0.1837622821331024,-0.345657080411911,-0.0334073789417743,-0.1229521930217742,-0.4032489955425262,0.0245500598102808,0.1034951955080032,0.0047085680998861,0.0223786085844039,-0.1015464514493942,-0.0087293395772576,-0.0184432230889797,-169.36537606131063,0.927064746877007,-0.002846537157893299,4.518162995527652
12,multiposture,front,59,neutral_spinal_alignment,good,0.0162842646241188,-0.5226562023162842,-0.2117348611354828,0.0963273048400878,-0.5334064364433289,-0.0630140304565429,-0.0624065287411212,-0.4740233421325683,-0.080033078789711,0.204158067703247,-0.3771850764751434,0.0491070747375488,-0.1564260721206665,-0.403828501701355,0.081533670425415,0.1036707460880279,0.0127075565978884,0.0411452054977417,-0.1039795950055122,-0.0180376656353473,-0.0404402017593383,-175.77411608661305,0.9787736895607704,-0.00758173316717144,3.5440053280451034
12,multiposture,front,59,neutral_spinal_alignment,good,0.007104208227247,-0.5328719019889832,-0.2824302911758423,0.07846699655056,-0.5429579615592957,-0.1594771742820739,-0.0613738298416137,-0.4950513839721679,-0.1659648716449737,0.1779284924268722,-0.3829312920570373,-0.0454966761171817,-0.1476338356733322,-0.4417889416217804,0.0064879162237048,0.0987593457102775,0.002848207950592,0.0331961438059806,-0.098195843398571,-0.0077298041433095,-0.0308304112404584,-169.75231933236094,0.9652022169780772,-0.008043120149523006,2.076900773304685
12,multiposture,front,59,neutral_spinal_alignment,good,0.0278147868812084,-0.5340353846549988,-0.2800832092761993,0.089856132864952,-0.5439168214797974,-0.1527995318174362,-0.0481839440762996,-0.4978969395160675,-0.1719836592674255,0.1763204038143158,-0.3827439248561859,-0.0415639877319335,-0.1469829976558685,-0.444309800863266,0.0031359726563096,0.0985733270645141,0.0032286164350807,0.034244567155838,-0.0980189591646194,-0.008072487078607,-0.0319740809500217,-169.21839124637836,0.9257764349065591,0.013146083801984752,2.004930286954959
12,multiposture,front,59,neutral_spinal_alignment,good,0.0183862429112195,-0.55901700258255,-0.265303373336792,0.0875375345349311,-0.5519983172416687,-0.1397338807582855,-0.0528325624763965,-0.511551022529602,-0.1504556089639663,0.1768508553504943,-0.3836408853530884,-0.0362339094281196,-0.147277146577835,-0.4453279376029968,0.0126578258350491,0.0985748693346977,0.0033012460917234,0.0342559739947319,-0.0980259999632835,-0.0081354398280382,-0.0319463536143302,-169.22450684723776,0.9596943839384927,0.003599388524889849,2.017041493980362
12,multiposture,front,59,neutral_spinal_alignment,good,0.0091657089069485,-0.5396581292152405,-0.2738688290119171,0.0825347825884819,-0.5493860244750977,-0.1521308869123459,-0.0577605441212654,-0.5040217638015747,-0.1555730551481247,0.1769391745328903,-0.3821881115436554,-0.0394551157951355,-0.1477107256650924,-0.4448303580284118,0.0129161104559898,0.098513588309288,0.0033309576101601,0.0341459736227989,-0.0979750901460647,-0.0081592313945293,-0.0318001694977283,-169.07880976341932,0.9650619699293318,-0.005448515526950439,1.9984991311673799
12,multiposture,front,59,neutral_spinal_alignment,good,0.0083479583263397,-0.5307262539863586,-0.2791604101657867,0.0806295871734619,-0.5441609025001526,-0.1564397066831588,-0.060448981821537,-0.497397780418396,-0.1610480546951294,0.1769388914108276,-0.3822444081306457,-0.0392810888588428,-0.1474032253026962,-0.4443615078926086,0.0110196359455585,0.0983846113085746,0.0034236127976328,0.0341650210320949,-0.0978469476103782,-0.0082396138459444,-0.0318192355334758,-169.15815497835698,0.965279775687723,-0.0064198747277260035,2.020922936480862
12,multiposture,front,59,neutral_spinal_alignment,good,0.0085552334785461,-0.5303741097450256,-0.2816309928894043,0.0805561393499374,-0.5434553623199463,-0.1581088602542877,-0.0603419654071331,-0.4969328045845032,-0.1641729027032852,0.1771633625030517,-0.3824028074741363,-0.0415411777794361,-0.1473525017499923,-0.4442969560623169,0.0092990491539239,0.0983394384384155,0.0034650932066142,0.03427379950881,-0.0978000611066818,-0.0082843815907835,-0.0319432839751243,-169.20179955831568,0.9632750244306713,-0.006350196897983608,2.0397417050749143
12,multiposture,front,59,neutral_spinal_alignment,good,0.0222119819372892,-0.5637075901031494,-0.2377879023551941,0.09185741096735,-0.5682371854782104,-0.1041763201355934,-0.0521868467330932,-0.5277020931243896,-0.1176013424992561,0.1851799190044403,-0.4055310785770416,0.0085923457518219,-0.1444472819566726,-0.4648202955722809,0.0491152293980121,0.1038844063878059,0.0012833274668082,0.0304782856255769,-0.1021962985396385,-0.0055711045861244,-0.0275248102843761,-169.80338048916028,0.9678402609773613,0.0018456634134053525,2.581303494521621
12,multiposture,front,59,neutral_spinal_alignment,good,0.0232903528958559,-0.5747251510620117,-0.2406056821346283,0.0925813391804695,-0.5728468894958496,-0.1055056825280189,-0.0523475036025047,-0.533871591091156,-0.1231398209929466,0.1838942915201187,-0.4072111546993255,0.0045005185529589,-0.1436987668275833,-0.4677390456199646,0.0431196838617324,0.1031827181577682,0.0012820932315662,0.0297101195901632,-0.1013407781720161,-0.0055179488845169,-0.0266275554895401,-169.53177436337396,0.9750719363008241,0.0031925905495882,2.5221577629495457
12,multiposture,front,59,neutral_spinal_alignment,good,0.0484745502471923,-0.5710758566856384,-0.2278848737478256,0.0962867364287376,-0.570851743221283,-0.0942170694470405,-0.038234319537878,-0.5322951078414917,-0.1213774159550666,0.1831346899271011,-0.4075986444950104,0.0141453202813863,-0.1432143896818161,-0.4675607979297638,0.0461244285106658,0.1028253883123397,0.00122739339713,0.0296933650970459,-0.1009290143847465,-0.005443999543786,-0.0265580993145704,-169.58880950125726,0.9187482882169858,0.028514400124549796,2.4998516635600248
12,multiposture,front,59,neutral_spinal_alignment,good,0.0532143376767635,-0.5705139636993408,-0.2219764590263366,0.0946465954184532,-0.5713200569152832,-0.0888209640979766,-0.0387456864118576,-0.531694769859314,-0.1185296848416328,0.182647630572319,-0.4080354571342468,0.0176841467618942,-0.1434288471937179,-0.4675226211547851,0.0483449511229991,0.1026750728487968,0.0011738524772226,0.0294363927096128,-0.1007733717560768,-0.0053671160712838,-0.0262722633779048,-169.66104881052442,0.9067242627321572,0.03360494598746295,2.4522514248872995
12,multiposture,front,59,neutral_spinal_alignment,good,0.0112145012244582,-0.5486488938331604,-0.2636485695838928,0.0841427445411682,-0.5627169609069824,-0.1321819871664047,-0.0608973242342472,-0.5210624933242798,-0.1435641944408416,0.180782064795494,-0.408141016960144,-0.0105825085192918,-0.1463189125061035,-0.4664101302623749,0.0345644243061542,0.1025742441415786,0.0012208846164867,0.0288913249969482,-0.1006614416837692,-0.0053902096115052,-0.0257469993084669,-169.89939645943625,0.9663542854973519,-0.006017074920237054,2.141736982607314
12,multiposture,front,59,neutral_spinal_alignment,good,0.0156089449301362,-0.5622592568397522,-0.2452926784753799,0.0841731876134872,-0.5684106945991516,-0.1103981956839561,-0.0598199032247066,-0.5243226885795593,-0.1309543997049331,0.1797950267791748,-0.4085494577884674,0.0031572494190186,-0.1468838155269622,-0.4659090340137481,0.0406740941107273,0.1024083718657493,0.0011968164471909,0.0287821125239133,-0.1004957184195518,-0.0053424998186528,-0.025641955435276,-170.04129154178577,0.9778191376272137,-0.0008466606959701035,2.039882702461763
13,multiposture,front,60,posterior_trunk_recline,bad,-0.0038190505001693,-0.404755175113678,-0.1852419525384903,0.052068043500185,-0.4252991676330566,-0.0493777319788932,-0.0789392963051796,-0.3639438152313232,-0.0747087225317955,0.1446400135755539,-0.2987894415855407,0.0917689204216003,-0.1578921377658844,-0.324267029762268,0.0699822083115577,0.0940591618418693,-0.0065021361224353,0.0340149588882923,-0.0942449569702148,0.0021548825316131,-0.029403856024146,-175.18622410280472,1.0740621204302947,0.0028070115949959526,-1.2098320484922997
13,multiposture,front,60,posterior_trunk_recline,bad,-0.0121001135557889,-0.3885134756565094,-0.0259849373251199,0.0526092126965522,-0.4071491360664367,0.1288842558860778,-0.0906481146812439,-0.355033814907074,0.1148949339985847,0.1347628235816955,-0.2801368534564972,0.2218837738037109,-0.1579273641109466,-0.3137469887733459,0.2423871457576751,0.1003183349967002,0.0036434554494917,0.0321033969521522,-0.099449835717678,-0.0084570106118917,-0.0272435527294874,-173.44931625967016,0.9789134137385533,-0.0005178432911633508,-2.3362721603345875
13,multiposture,front,60,posterior_trunk_recline,bad,0.0256289169192314,-0.395562469959259,-0.1705218255519867,0.0627374202013015,-0.407920092344284,-0.0402673371136188,-0.0558525249361991,-0.353379487991333,-0.0749983564019203,0.1438352614641189,-0.2806798815727234,0.0656866729259491,-0.1438716351985931,-0.3159308135509491,0.0565933808684349,0.0908876582980156,-0.0021242634393274,0.0322906412184238,-0.090720809996128,-0.0028447157237678,-0.0277864318341016,-173.01472108314127,0.9784897687415499,0.025647103786468506,-0.01968043194985687
13,multiposture,front,60,posterior_trunk_recline,bad,-0.0148221533745527,-0.5119801759719849,-0.0170108079910278,0.0631230250000953,-0.5153955221176147,0.1291370838880539,-0.0944536030292511,-0.4694189131259918,0.1241369843482971,0.1586557477712631,-0.3643771111965179,0.1966523826122284,-0.1738219410181045,-0.3980503678321838,0.2112272679805755,0.0941627100110054,-0.0237414687871933,0.0352224558591842,-0.0917844772338867,0.018754243850708,-0.0321380943059921,-174.21681790449077,1.038971460151621,-0.007239056751131999,-1.3268925773969444
13,multiposture,front,60,posterior_trunk_recline,bad,-0.0072124465368688,-0.5159529447555542,-0.0070153726264834,0.0649926736950874,-0.5163583755493164,0.1375470757484436,-0.0882602632045745,-0.4707013070583343,0.1248820349574089,0.1580543667078018,-0.3649980723857879,0.2058029621839523,-0.1707447618246078,-0.4022545218467712,0.2021695226430893,0.0929080992937088,-0.0230506490916013,0.038260668516159,-0.0904457941651344,0.0181711371988058,-0.0348808504641056,-173.53534996570625,1.0692989341456816,-0.000867248978465799,-1.138643920884863
13,multiposture,front,60,posterior_trunk_recline,bad,-0.0005643002223223,-0.4980485439300537,0.0206698831170797,0.0645037516951561,-0.5002025365829468,0.1746381968259811,-0.089052639901638,-0.4519588351249695,0.154477372765541,0.1423443555831909,-0.3453107178211212,0.2158351838588714,-0.1663544178009033,-0.3951144218444824,0.2096525430679321,0.091925710439682,-0.0223087351769208,0.0388973206281662,-0.0895962938666343,0.0175097100436687,-0.0355502776801586,-170.83519650348492,1.053098302248698,0.011440730886533901,-2.0506294039622426
13,multiposture,front,60,posterior_trunk_recline,bad,-0.0073817051015794,-0.4903360903263092,0.0261180978268384,0.0558115616440773,-0.4934218525886535,0.1828998923301696,-0.098594419658184,-0.4463865458965301,0.1642981469631195,0.1229323893785476,-0.3401245474815368,0.2256335020065307,-0.1652218103408813,-0.3910736441612243,0.2239814400672912,0.0904778838157653,-0.021366462111473,0.034329317510128,-0.088479608297348,0.0165545064955949,-0.0306152235716581,-169.97305520252635,1.036113919504853,0.013763005379587447,-3.4889989968527955
13,multiposture,front,60,posterior_trunk_recline,bad,-0.0115191889926791,-0.4910975098609924,0.024720724672079,0.0537921674549579,-0.4927166104316711,0.1868084520101547,-0.1008917093276977,-0.447401762008667,0.1644209623336792,0.1217759847640991,-0.3384536802768707,0.2213747948408126,-0.1678331941366195,-0.3886113166809082,0.2301559746265411,0.0894719585776329,-0.0219380389899015,0.0315434709191322,-0.0875619649887085,0.0171758811920881,-0.0278104282915592,-170.1743663056138,1.0167089384421533,0.01150941569358111,-3.7993604032745427
13,multiposture,front,60,posterior_trunk_recline,bad,-0.0102552585303783,-0.4924629628658294,0.0210089068859815,0.056279718875885,-0.4944201707839966,0.1835950762033462,-0.1020479574799537,-0.4473541676998138,0.1599361598491668,0.1222831979393959,-0.3393430709838867,0.2202798724174499,-0.1698319613933563,-0.3885233998298645,0.2259490638971328,0.0890112519264221,-0.0218333285301923,0.0309465341269969,-0.0871790051460266,0.0171068906784057,-0.0271658711135387,-170.44333933733546,1.015545917931338,0.013519123196601895,-3.906488092505144
13,multiposture,front,60,posterior_trunk_recline,bad,-0.0164404474198818,-0.506467878818512,-0.0469591803848743,0.0605995841324329,-0.5078803896903992,0.0834696888923645,-0.0812753960490226,-0.4642516076564789,0.0667590200901031,0.1701328009366989,-0.3488380312919616,0.147404208779335,-0.1707134693861007,-0.393869936466217,0.1763378679752349,0.0933536887168884,0.0087750805541872,0.0495052635669708,-0.0913268774747848,-0.0156066119670867,-0.0482172220945358,-172.47378835467967,1.0623041081985571,-0.0161501131951809,-0.203019078834799
13,multiposture,front,60,posterior_trunk_recline,bad,-0.0119273709133267,-0.5150902271270752,-0.1525718122720718,0.0673145055770874,-0.5191437602043152,-0.0372621417045593,-0.0714807212352752,-0.4747047424316406,-0.0263524185866117,0.1803483068943023,-0.3636992275714874,0.0475155971944332,-0.1648373007774353,-0.4042614102363586,0.1032840386033058,0.088830217719078,0.0038910063449293,0.0537758134305477,-0.086294487118721,-0.0097533715888857,-0.0524245649576187,-173.2980036488166,0.9940364406116834,-0.019682873971760204,0.9754079368902102
13,multiposture,front,60,posterior_trunk_recline,bad,0.0053321453742682,-0.5185418725013733,-0.1391562074422836,0.0677961036562919,-0.524501383304596,-0.0153257101774215,-0.0701191499829292,-0.4775798320770263,-0.025656184181571,0.1820761561393737,-0.3690956830978393,0.0710874199867248,-0.1625594943761825,-0.4083369970321655,0.1011789888143539,0.0885379314422607,0.002803673967719,0.0556492730975151,-0.0860483571887016,-0.0086261248216032,-0.054298885166645,-173.5040962256659,0.998374015861281,-0.004426185507327398,1.264138172172479
13,multiposture,front,60,posterior_trunk_recline,bad,-0.0020144092850387,-0.5221570730209351,-0.1458839476108551,0.0675988942384719,-0.5250325798988342,-0.0237389095127582,-0.0708959549665451,-0.4802660048007965,-0.0310491919517517,0.1790157258510589,-0.3684507608413696,0.0630240216851234,-0.1629588752985,-0.4087296426296234,0.0957276672124862,0.0880576819181442,0.0022741097491234,0.0556686632335186,-0.0856302678585052,-0.0080647859722375,-0.0542014352977275,-173.2824663570678,1.0147909975363338,-0.010042834561318149,1.01223533817822
13,multiposture,front,60,posterior_trunk_recline,bad,-0.0131696593016386,-0.5179938077926636,-0.1439919620752334,0.0625606626272201,-0.5240145325660706,-0.0221794266253709,-0.079243317246437,-0.4770941436290741,-0.0220733359456062,0.1793404370546341,-0.3685342073440552,0.0628121644258499,-0.1651308536529541,-0.4061918258666992,0.1032312884926796,0.087737537920475,0.0021587535738945,0.0555857867002487,-0.0853098481893539,-0.0079920263960957,-0.0541263185441494,-173.76119688843568,1.0278157938685084,-0.020274451002478596,0.8778856948743219
13,multiposture,front,60,posterior_trunk_recline,bad,-0.0459565035998821,-0.4884439706802368,-0.0044159167446196,0.0327639803290367,-0.5034943222999573,0.1326817572116851,-0.1186437979340553,-0.4454671144485473,0.1343616843223571,0.144778236746788,-0.3397719264030456,0.2046091258525848,-0.1694333255290985,-0.3869206607341766,0.2768329679965973,0.1078804433345794,0.0099560087546706,0.0220937822014093,-0.1063722595572471,-0.0140411835163831,-0.0170090664178133,-171.46620271698325,0.9880811063503975,-0.03362895920872684,-2.0735886977803064
13,multiposture,front,60,posterior_trunk_recline,bad,-0.0511015318334102,-0.4856249094009399,-0.1510922908782959,0.0244096629321575,-0.503110408782959,-0.0339188277721405,-0.1151047423481941,-0.4407155513763428,-0.0212128479033708,0.1407052874565124,-0.3445012271404266,0.0751712471246719,-0.1727429330348968,-0.3852664232254028,0.1358009427785873,0.1073955968022346,0.0080495281144976,0.0195087604224681,-0.106178231537342,-0.0123451231047511,-0.0142680257558822,-172.59004512077126,1.0033754085201594,-0.035082709044218,-2.6245516912958142
13,multiposture,front,61,thoracic_kyphotic_slouch,bad,-0.0772138759493827,-0.1640743613243103,-0.6113486289978027,0.0444509610533714,-0.2695870995521545,-0.5444197654724121,-0.1022308021783828,-0.2040773034095764,-0.5126794576644897,0.1779072731733322,-0.283927708864212,-0.3502235412597656,-0.1970439702272415,-0.301589161157608,-0.2786942720413208,0.1118420735001564,-0.0069761108607053,0.0305168628692626,-0.1139042228460311,0.0032013971358537,-0.0295629501342773,-177.30317129560268,1.0128044102624467,-0.06764552742242805,-1.6811893927295352
13,multiposture,front,61,thoracic_kyphotic_slouch,bad,-0.064693197607994,-0.3438116908073425,-0.5920929312705994,0.0338081158697605,-0.3987022638320923,-0.5034939050674438,-0.1055000349879264,-0.3290456235408783,-0.4864645600318908,0.1622686386108398,-0.2965590059757232,-0.321253091096878,-0.1766884922981262,-0.3296246826648712,-0.2540139555931091,0.105612576007843,-0.0038702860474586,0.031470388174057,-0.1065091043710708,-0.0001601797412149,-0.0297975819557905,-174.42835671206674,1.0002246735379305,-0.057483270764350794,-1.2452036650032738
13,multiposture,front,61,thoracic_kyphotic_slouch,bad,0.039958793669939,-0.3257807195186615,-0.596509575843811,0.0525190792977809,-0.4025988578796386,-0.4822688698768616,-0.0763263031840324,-0.3183719515800476,-0.5253539085388184,0.1568015217781067,-0.3187870383262634,-0.3107329308986664,-0.1624509543180465,-0.3354172110557556,-0.280254602432251,0.1029194742441177,-0.0026553974021226,0.0320405475795269,-0.1032050549983978,-0.0009538811864331,-0.0303866695612669,-177.0181021332855,0.8221900004044291,0.0427835099399089,-0.47236624952471656
13,multiposture,front,61,thoracic_kyphotic_slouch,bad,-0.0455079041421413,-0.364235907793045,-0.5909315943717957,0.0363867506384849,-0.4225712418556213,-0.4721904397010803,-0.1128338798880577,-0.3582080900669098,-0.4661475718021393,0.1525092869997024,-0.3226256966590881,-0.3061485588550567,-0.1718637645244598,-0.3466561138629913,-0.2471837997436523,0.1016805991530418,-0.0012300022644922,0.0311719365417957,-0.1021770536899566,-0.0021367699373513,-0.0292291734367609,-175.7631161742411,0.952790533484939,-0.035830665379762594,-1.6221234952094643
13,multiposture,front,61,thoracic_kyphotic_slouch,bad,-0.0427509061992168,-0.3630670011043548,-0.6002070307731628,0.0406315624713897,-0.4195584654808044,-0.4815853536128998,-0.1101050898432731,-0.3555415272712707,-0.4759562611579895,0.1572035551071167,-0.3184909522533417,-0.3164318799972534,-0.1686840951442718,-0.3446912467479706,-0.2569989264011383,0.101130336523056,-0.0009854160016402,0.0311081111431121,-0.1016216054558754,-0.0023459263611584,-0.0291626118123531,-175.40349426299645,0.956156510619224,-0.03701063618063925,-0.9541256861694142
13,multiposture,front,61,thoracic_kyphotic_slouch,bad,-0.0424042791128158,-0.3662005066871643,-0.600598931312561,0.0411953292787075,-0.4214110970497131,-0.4818654060363769,-0.1099670678377151,-0.3568365275859833,-0.476023256778717,0.1591519713401794,-0.3180649280548095,-0.3166594505310058,-0.1686083972454071,-0.3438015580177307,-0.2568706572055816,0.1009340807795524,-0.0007156562060117,0.0310002043843269,-0.1014264002442359,-0.0025520978961139,-0.0290365573018789,-175.51019319100635,0.9582033582252565,-0.03767606616020194,-0.7797976652289689
13,multiposture,front,61,thoracic_kyphotic_slouch,bad,-0.0551912225782871,-0.5041601061820984,-0.5059741735458374,0.0429765805602073,-0.5038933157920837,-0.3695080280303955,-0.1122619286179542,-0.4556477665901184,-0.37542724609375,0.1548076122999191,-0.3342630863189697,-0.2683708667755127,-0.1987129598855972,-0.3523412644863128,-0.2091203927993774,0.1012188121676445,-0.012283157557249,0.0363683700561523,-0.1012439876794815,0.0088798087090253,-0.0354431867599487,-177.07258385124823,0.991043630501849,-0.03323854878544805,-3.674906958559817
13,multiposture,front,61,thoracic_kyphotic_slouch,bad,0.0135111650452017,-0.4900848269462585,-0.4282239973545074,0.0485935881733894,-0.5098787546157837,-0.3000476062297821,-0.0768668949604034,-0.4535013139247894,-0.3246991634368896,0.1459469348192215,-0.3630535900592804,-0.201204240322113,-0.179678812623024,-0.3790128827095032,-0.1603512316942215,0.1000227630138397,-0.0098422262817621,0.0384222343564033,-0.0991559624671936,0.0061063524335622,-0.0370138175785541,-177.19411313307424,0.8377594832387225,0.030377103947102947,-2.682956824473909
13,multiposture,front,61,thoracic_kyphotic_slouch,bad,-0.0114099392667412,-0.4832448065280914,-0.454740822315216,0.0508614517748355,-0.4995355606079101,-0.3229245543479919,-0.0862939208745956,-0.4556963443756103,-0.3372743427753448,0.1421325206756591,-0.3595142662525177,-0.2075605243444442,-0.1836611926555633,-0.3793441951274872,-0.1610971391201019,0.1000321805477142,-0.0092313755303621,0.0373492389917373,-0.0988897085189819,0.0054881246760487,-0.0355909019708633,-176.51690248655675,0.888355746749292,0.009354396723210902,-3.3221133324078944
13,multiposture,front,61,thoracic_kyphotic_slouch,bad,-0.0589230544865131,-0.4724722802639007,-0.4761381447315216,0.0157566834241151,-0.5009713768959045,-0.3625926375389099,-0.1243341490626335,-0.4333305060863495,-0.3501749634742737,0.1344665288925171,-0.3597441911697387,-0.2370631992816925,-0.1898277103900909,-0.3614861667156219,-0.1771237850189209,0.0996873974800109,-0.0082290675491094,0.0347372032701969,-0.0984465628862381,0.0042980718426406,-0.0327506922185421,-179.69223354975256,0.9499541135812811,-0.031242463737726205,-4.511854581815683
13,multiposture,front,61,thoracic_kyphotic_slouch,bad,-0.0592518970370292,-0.4694604277610779,-0.454698771238327,0.0120533555746078,-0.4960397183895111,-0.3308208584785461,-0.1273072510957718,-0.423337459564209,-0.3392335176467895,0.1284769922494888,-0.3587014377117157,-0.2160621583461761,-0.2008129507303238,-0.3523396253585815,-0.1638977974653244,0.0990126356482505,-0.0086159100756049,0.0337262898683548,-0.0979308560490608,0.0046693119220435,-0.0316868126392364,178.89319529855752,0.9395853315827105,-0.023083917796611703,-5.927789474981885
13,multiposture,front,61,thoracic_kyphotic_slouch,bad,-0.0557110086083412,-0.4569999575614929,-0.478380411863327,0.0157115161418914,-0.4796991348266601,-0.3582570850849151,-0.118777610361576,-0.412106990814209,-0.3583384156227112,0.1357759982347488,-0.3434703350067138,-0.228165790438652,-0.1891456693410873,-0.3500872552394867,-0.1792113482952118,0.0961228683590889,-0.0079693058505654,0.0341602563858032,-0.0950845032930374,0.0039204959757626,-0.0321048274636268,-178.83335202336156,0.971924324123448,-0.029026173055171953,-4.511769680974821
13,multiposture,front,61,thoracic_kyphotic_slouch,bad,-0.1424215286970138,-0.4865902662277221,-0.4131005108356476,-0.0045442041009664,-0.4797000885009765,-0.3559641242027282,-0.1096261590719223,-0.4580922424793243,-0.2819815576076507,0.1394353806972503,-0.3362312018871307,-0.2213432043790817,-0.174511507153511,-0.3902446329593658,-0.1334174573421478,0.0954538136720657,0.0024995482526719,0.0333009399473667,-0.0954211205244064,-0.0064155645668506,-0.0311084948480129,-170.23803675517968,1.2521951955094455,-0.12488346546888346,-2.7817853909135772
13,multiposture,front,61,thoracic_kyphotic_slouch,bad,-0.0368522219359874,-0.4876888990402221,-0.4269114732742309,0.0428570583462715,-0.486380934715271,-0.3336608409881592,-0.0884632021188736,-0.4574873745441437,-0.3092730343341827,0.1474103927612304,-0.3386726081371307,-0.2077120393514633,-0.1635470986366272,-0.3953278362751007,-0.1226227730512619,0.0963021069765091,0.0013602008111774,0.0304418560117483,-0.0960434153676033,-0.0048943869769573,-0.0278377681970596,-169.67419721662893,0.9430465773947382,-0.02878386899828901,-1.2857943364882334
13,multiposture,front,61,thoracic_kyphotic_slouch,bad,0.0112692192196846,-0.4781849682331085,-0.3804033994674682,0.0492876023054122,-0.5090077519416809,-0.2613533139228821,-0.0528296753764152,-0.4403396248817444,-0.3099774420261383,0.1362055838108062,-0.3666725754737854,-0.1255936473608017,-0.1740915030241012,-0.3972497284412384,-0.1150944605469703,0.0972059667110443,-0.0024977838620543,0.0297808572649955,-0.0966503843665123,-0.0005754354642704,-0.0270402729511261,-174.37215496247913,0.9139717686931156,0.030212178826332106,-2.8923797805599856
13,multiposture,front,61,thoracic_kyphotic_slouch,bad,-0.0321430936455726,-0.4793500006198883,-0.4591404497623443,0.0412209145724773,-0.4936690032482147,-0.3376315236091614,-0.0836623087525367,-0.4343147575855255,-0.3436238169670105,0.1462117433547973,-0.346524029970169,-0.2073145806789398,-0.1707073152065277,-0.3869363963603973,-0.1465042233467102,0.096877671778202,-2.8309050321695395e-05,0.0294562019407749,-0.0964414477348327,-0.0030362294055521,-0.0266726799309253,-172.7330689005445,0.9484139998971708,-0.0198953077197074,-1.955011357893495
13,multiposture,front,61,thoracic_kyphotic_slouch,bad,-0.0304886270314455,-0.5228775143623352,-0.3882762789726257,0.0430775992572307,-0.5330617427825928,-0.256886214017868,-0.0892005264759063,-0.4761856198310852,-0.2668831050395965,0.1493162363767624,-0.3718092441558838,-0.1298712790012359,-0.1690844744443893,-0.415556401014328,-0.0723151192069053,0.0983196943998336,7.177079623943428e-06,0.0291418731212615,-0.0976913645863533,-0.0031013041734695,-0.0261861346662044,-172.17674124763693,0.9663705637855675,-0.02060450799763205,-1.489756877384248
13,multiposture,front,62,lateral_trunk_tilt_left,bad,0.2832548320293426,-0.4160381555557251,0.0101206079125404,0.3534360826015472,-0.401448905467987,0.1435978412628173,0.1836245656013488,-0.4153222441673279,0.1424165964126587,0.3828582167625427,-0.2267788350582122,0.2330405712127685,0.1373994350433349,-0.3762714862823486,0.2191187143325805,0.0813934281468391,0.0480550788342952,0.0431280434131622,-0.0768494829535484,-0.0521981306374073,-0.0406582355499267,-148.657179973546,1.1976321366860048,0.023126006126403753,40.73144761808928
13,multiposture,front,62,lateral_trunk_tilt_left,bad,0.2916804850101471,-0.4060811698436737,-0.0686605721712112,0.3571391105651855,-0.3901286125183105,0.0622088052332401,0.191054418683052,-0.416521668434143,0.0538350753486156,0.3800655603408813,-0.2165484279394149,0.140537142753601,0.1438393741846084,-0.3778931796550751,0.1592757552862167,0.0821654573082923,0.056758776307106,0.041577760130167,-0.0776982977986335,-0.0599695853888988,-0.0385850071907043,-145.66654905174383,1.0829572101345388,0.029728017747402247,41.30157667355852
13,multiposture,front,62,lateral_trunk_tilt_left,bad,0.3293271958827972,-0.39461350440979,-0.0214069224894046,0.3845018744468689,-0.3731371760368347,0.125601664185524,0.2232174128293991,-0.4152460992336273,0.1027066335082054,0.3825521767139435,-0.2070852220058441,0.1895376741886139,0.1582384407520294,-0.3778809905052185,0.1924400478601455,0.0820711702108383,0.0584591962397098,0.0446386896073818,-0.0775567144155502,-0.061434481292963,-0.0418499782681465,-142.7138227077357,1.0468268904298408,0.058931887149810736,42.659051629551456
13,multiposture,front,62,lateral_trunk_tilt_left,bad,0.3009531795978546,-0.4036732614040375,-0.019473472610116,0.3703056573867798,-0.3798656165599823,0.1185342073440551,0.2088457643985748,-0.4162201881408691,0.1089039370417594,0.3840582072734833,-0.2062936574220657,0.1875917464494705,0.1561729162931442,-0.3784485459327698,0.1985100507736206,0.082025408744812,0.0592387728393077,0.0431677624583244,-0.0774409472942352,-0.062160488218069,-0.0402021259069442,-142.93094572136408,1.1331259192056173,0.030837617814540863,42.63388010825724
13,multiposture,front,62,lateral_trunk_tilt_left,bad,0.3722721934318542,-0.3892687559127807,-0.0111320624127984,0.4055115580558777,-0.3682857751846313,0.1334625482559204,0.257087767124176,-0.4116519689559936,0.1031689941883087,0.3876544833183288,-0.2017606049776077,0.1938018649816513,0.1702875792980194,-0.3786843121051788,0.1892202496528625,0.082066111266613,0.0594464279711246,0.046772513538599,-0.0774586424231529,-0.0623514764010906,-0.0442188419401645,-140.85646428735092,0.9771795007129442,0.09330116212368006,43.773826442974695
13,multiposture,front,62,lateral_trunk_tilt_left,bad,0.3620441257953644,-0.3921518325805664,-0.0080081839114427,0.4018099904060364,-0.3695588409900665,0.1366607844829559,0.2492973506450653,-0.4132303297519684,0.1075815856456756,0.3865745067596435,-0.2024327367544174,0.1959584057331085,0.1678214967250824,-0.3816153109073639,0.1930648386478424,0.0820673108100891,0.0593830607831478,0.0483792312443256,-0.0774709433317184,-0.0623000301420688,-0.0458739176392555,-140.67878370011468,0.9995758997747101,0.0848461240530014,43.413076658262085
13,multiposture,front,62,lateral_trunk_tilt_left,bad,0.3735156655311584,-0.3381291925907135,0.0040993075817823,0.4016385078430176,-0.3253310322761535,0.1442119479179382,0.2675741314888,-0.3739416599273681,0.1107186824083328,0.3847895860671997,-0.1918763220310211,0.2070007920265197,0.1735691875219345,-0.3798873126506805,0.1983400583267212,0.0817617550492286,0.0594514831900596,0.0495019406080246,-0.0770974084734916,-0.0623736530542373,-0.0471316128969192,-138.32715831983845,0.888246362236416,0.09433627873659128,44.226921225541155
13,multiposture,front,63,lateral_trunk_tilt_right,bad,-0.3676469326019287,-0.4032006561756134,-0.1287395656108856,-0.2989325821399688,-0.4599536657333374,-0.021381139755249,-0.401146650314331,-0.3532350361347198,-0.0160332098603248,-0.1396394222974777,-0.3847824931144714,0.055027961730957,-0.439519464969635,-0.263786256313324,0.1096332073211669,0.0804213881492614,-0.0559877417981624,0.0266854465007781,-0.0838159322738647,0.0510173551738262,-0.0237483978271484,158.0268050091022,1.0282985007024212,-0.07806748896837234,-41.815876806557796
13,multiposture,front,63,lateral_trunk_tilt_right,bad,-0.3779507279396057,-0.3761467337608337,-0.0468580313026905,-0.3022776544094085,-0.444256842136383,0.0622979663312435,-0.3916466236114502,-0.3255553543567657,0.0876527056097984,-0.13962122797966,-0.3707054853439331,0.1109651327133178,-0.420588344335556,-0.253391295671463,0.1893493831157684,0.0807825475931167,-0.0558002106845378,0.0177867133170366,-0.0841305628418922,0.0506793893873691,-0.014411368407309,157.33765448729125,1.0604837093607977,-0.09784594178199774,-41.97612282703733
13,multiposture,front,63,lateral_trunk_tilt_right,bad,-0.3801072835922241,-0.3667017817497253,-0.0711989179253578,-0.3054841458797455,-0.4356807470321655,0.031390257179737,-0.3913576304912567,-0.320025086402893,0.0574326887726783,-0.1435099691152572,-0.3668311238288879,0.0786001086235046,-0.4212538003921509,-0.2492901086807251,0.1602272689342498,0.0805413201451301,-0.0558784380555152,0.0170716010034084,-0.0838177725672721,0.0506339967250824,-0.0137409605085849,157.06194912178398,1.0657817140093837,-0.09772539883852005,-42.587664032408846
13,multiposture,front,63,lateral_trunk_tilt_right,bad,-0.3833096325397491,-0.367263525724411,-0.0157449338585138,-0.3066145181655884,-0.4344885945320129,0.0926412120461463,-0.3910763263702392,-0.3192222416400909,0.1184093207120895,-0.1409051120281219,-0.3652116060256958,0.1363591849803924,-0.4194281995296478,-0.2486303150653839,0.2163413017988205,0.0810896605253219,-0.0553456991910934,0.016678798943758,-0.0843230336904525,0.0499123707413673,-0.0133163863793015,157.28729762582532,1.0875653976904762,-0.1031429767608642,-42.479321350348364
13,multiposture,front,63,lateral_trunk_tilt_right,bad,-0.3862861394882202,-0.3655926287174225,-0.0777673721313476,-0.3102469742298126,-0.4344628453254699,0.0239959470927715,-0.3945704102516174,-0.3196222484111786,0.0532056204974651,-0.1456615924835205,-0.3669391572475433,0.0726614445447921,-0.4216901063919067,-0.2484178692102432,0.1586535573005676,0.0800950527191162,-0.0556665062904357,0.0163793601095676,-0.0833138152956962,0.0502585768699646,-0.0129733607172966,156.76225313131414,1.0659200358510523,-0.10261029005050659,-42.765282743604516
13,multiposture,front,63,lateral_trunk_tilt_right,bad,-0.3915097713470459,-0.3635392189025879,-0.0483343340456485,-0.3126938343048095,-0.4324857592582702,0.0533824600279331,-0.3951872885227203,-0.3144118785858154,0.0870985239744186,-0.1446714699268341,-0.3670605421066284,0.1013213768601417,-0.4209864735603332,-0.247276097536087,0.1851782798767089,0.0815189927816391,-0.0557631477713584,0.0160205457359552,-0.0849436521530151,0.0503099784255027,-0.012642023153603,156.5629380548509,1.0996851669596495,-0.10868079960346222,-42.718889766209166
13,multiposture,front,63,lateral_trunk_tilt_right,bad,-0.3898511826992035,-0.3608106970787048,0.0048588127829134,-0.3126668035984039,-0.4289122819900512,0.1128864511847496,-0.3954787850379944,-0.3100020587444305,0.1414027363061905,-0.142284870147705,-0.3630290031433105,0.1574930399656295,-0.4210234880447387,-0.243109256029129,0.228963017463684,0.0813753828406333,-0.0559907369315624,0.0156655684113502,-0.0847610235214233,0.0505214147269725,-0.0123041849583387,156.72151590845718,1.1403692526885603,-0.10819700360298162,-42.98927735167337
13,multiposture,front,64,neutral_spinal_alignment,good,-0.0296928714960813,-0.524495542049408,-0.243753045797348,0.0469112619757652,-0.5309038162231445,-0.1229550838470459,-0.0915301963686943,-0.4896928668022156,-0.1274341493844986,0.1532460153102874,-0.3648698031902313,-0.0110160708427429,-0.1704638451337814,-0.4255011677742004,0.0338115692138671,0.0999232977628707,0.0012942134635522,0.0283529758453369,-0.0996991917490959,-0.0049562663771212,-0.0249415636062622,-169.39132828196946,1.0298158188535076,-0.021083956584334294,-1.2700829931119209
13,multiposture,front,64,neutral_spinal_alignment,good,-0.0024424276780337,-0.5293022394180298,-0.2306477427482605,0.0549825131893157,-0.5401578545570374,-0.1011292189359664,-0.0776207000017166,-0.4901061952114105,-0.129521831870079,0.1580813229084015,-0.3762794137001037,0.0055690892040729,-0.1661742627620697,-0.4304649531841278,0.0457072369754314,0.1002841740846633,0.0013095753965899,0.0285534188151359,-0.1000712886452674,-0.005013242829591,-0.025147907435894,-170.513104443591,0.9640881333475907,0.0016040422488004065,-0.5925873574793253
13,multiposture,front,64,neutral_spinal_alignment,good,-0.007663881406188,-0.5351538062095642,-0.231766015291214,0.0576994381844997,-0.5418946743011475,-0.1039713695645332,-0.074157565832138,-0.494359940290451,-0.1270361989736557,0.1592970341444015,-0.3750260174274444,0.0020132565405219,-0.1655381470918655,-0.4310191571712494,0.0466857738792896,0.1005187928676605,0.0013343435712158,0.0285328794270753,-0.1003152802586555,-0.0050732502713799,-0.02507902123034,-170.21980710407988,0.9770809498986991,-0.004543324932455991,-0.4602256249243634
13,multiposture,front,64,neutral_spinal_alignment,good,-0.0219011921435594,-0.5246531963348389,-0.2232228964567184,0.0545052476227283,-0.5364457964897156,-0.0952872708439827,-0.0831456407904625,-0.4917275011539459,-0.1067311465740203,0.157386839389801,-0.3737057745456695,0.0110016381368041,-0.1683277487754821,-0.4289661943912506,0.0622936934232711,0.1009610444307327,0.0012733244802802,0.028499063104391,-0.1007770076394081,-0.0050476458854973,-0.0249490793794393,-170.37094337078446,0.9895724305995827,-0.016430737450718852,-0.7978134226980674
13,multiposture,front,64,neutral_spinal_alignment,good,-0.0226093418896198,-0.5234692692756653,-0.243277445435524,0.0539730787277221,-0.5327927470207214,-0.1163997873663902,-0.0841736868023872,-0.4891018867492676,-0.1264648586511612,0.1571507304906845,-0.3686958253383636,-0.0052098948508501,-0.1697781831026077,-0.4257896542549133,0.0480031780898571,0.1011407375335693,0.0012539986055344,0.0284324027597904,-0.100971832871437,-0.005070683080703,-0.0248876269906759,-170.09394556546494,0.9865538387045467,-0.016295615583658205,-0.9272065194393406
13,multiposture,front,64,neutral_spinal_alignment,good,-0.0228197611868381,-0.521797239780426,-0.2415821403264999,0.0540634728968143,-0.5305187702178955,-0.1163877472281456,-0.0841633006930351,-0.4861820340156555,-0.1243302524089813,0.158773586153984,-0.3656646013259887,-0.0047003235667943,-0.1681347489356994,-0.4223743975162506,0.0478196032345294,0.1012906804680824,0.0012453054077923,0.0281263552606105,-0.1011293902993202,-0.0050824843347072,-0.0245223268866539,-170.15866279812457,0.994371390493864,-0.01813917979598039,-0.6957004399922501
13,multiposture,front,64,neutral_spinal_alignment,good,-0.0008150376379489,-0.4164394736289978,-0.3045374155044555,0.0631157383322715,-0.4288492202758789,-0.1885194778442382,-0.0738834217190742,-0.375015914440155,-0.1977310925722122,0.1652328073978424,-0.2971253097057342,-0.0408213138580322,-0.1508825719356537,-0.3242807686328888,-0.0397917032241821,0.0957643240690231,-0.0091506969183683,0.0254462361335754,-0.0961506366729736,0.0050867754034698,-0.0225460529327392,-175.09013815247926,1.0494676916725347,-0.00799015536904326,1.3674453934661794
13,multiposture,front,64,neutral_spinal_alignment,good,-0.0060702790506184,-0.4044914245605469,-0.2395234555006027,0.0521464757621288,-0.4253531396389007,-0.1051389351487159,-0.0788168609142303,-0.3649016916751861,-0.1254577785730362,0.1460246443748474,-0.299529105424881,0.0450289361178875,-0.1579853296279907,-0.3247512280941009,0.0277537833899259,0.0934317633509635,-0.007321573793888,0.0302032586187124,-0.0937904715538024,0.0030566460918635,-0.0261776000261306,-175.2573294818692,1.0682827385589617,-8.99364240467583e-05,-1.0720165038353533
13,multiposture,front,64,neutral_spinal_alignment,good,-0.0155246648937463,-0.4092954099178314,-0.2459213137626648,0.0480258874595165,-0.4197158813476562,-0.1331607103347778,-0.0773252323269844,-0.3637434542179107,-0.1421019434928894,0.1416509598493576,-0.2848404049873352,0.0035531788598746,-0.1491318494081497,-0.3208926618099212,0.0146260391920804,0.0948497727513313,0.0015197867760434,0.0314334668219089,-0.0943616405129432,-0.0064680557698011,-0.0266940351575613,-172.93233859010675,1.0463844841437315,-0.011784220114350256,-0.7599468932907507
13,multiposture,front,64,neutral_spinal_alignment,good,-0.0134121244773268,-0.4105621874332428,-0.2765173017978668,0.047608695924282,-0.4237215220928192,-0.1632991731166839,-0.0733989849686622,-0.3658875524997711,-0.1715943664312362,0.1406096965074539,-0.2918584942817688,-0.0166698098182678,-0.1464033871889114,-0.3267426192760467,-0.007816158235073,0.0917740240693092,-0.0006056491401977,0.0314712524414062,-0.0915720611810684,-0.0042335987091064,-0.0267903488129377,-173.0701504099217,1.0425429154557937,-0.01051527913659804,-0.5596872949055607
13,multiposture,front,64,neutral_spinal_alignment,good,-0.0109450118616223,-0.5162003040313721,-0.1667409241199493,0.0687153488397598,-0.5215233564376831,-0.0506219752132892,-0.0711811110377311,-0.477241575717926,-0.0482616685330867,0.1842350959777832,-0.3671335279941559,0.0405176915228366,-0.1626031398773193,-0.4075867235660553,0.0833189412951469,0.0883880332112312,0.0030151833780109,0.0556123666465282,-0.0858404710888862,-0.0087968064472079,-0.0543112978339195,-173.34741093351548,1.0300900489648384,-0.021760989911854246,1.4217399840859457
13,multiposture,front,64,neutral_spinal_alignment,good,-0.0400652959942817,-0.5235579609870911,-0.1741913557052612,0.0306924302130937,-0.539457380771637,-0.0535484552383422,-0.1066908836364746,-0.4785356819629669,-0.0511951185762882,0.1397303342819214,-0.3847954869270324,0.031662281602621,-0.1719583123922348,-0.4185885787010193,0.0938814505934715,0.1010181531310081,-0.0002759875496849,0.0248230565339326,-0.1000607311725616,-0.0031166414264589,-0.0203560832887887,-173.81219660324373,0.9679737605440765,-0.02395130693912499,-2.375392769154071
